Date,Start_Hour,End_Hour,Source,Day_of_Year,Day_Name,Month_Name,Season,Production
12/18/2022,21,22,Wind,352,Sunday,December,Winter,11400
1/29/2024,14,15,Wind,29,Monday,January,Winter,7917
8/1/2024,15,16,Solar,214,Thursday,August,Summer,8835
11/10/2020,1,2,Wind,315,Tuesday,November,Fall,989
12/19/2022,1,2,Wind,353,Monday,December,Winter,12526
10/18/2024,13,14,Solar,292,Friday,October,Fall,4855
4/10/2020,17,18,Solar,101,Friday,April,Spring,3692
1/25/2023,0,1,Wind,25,Wednesday,January,Winter,2156
12/12/2021,12,13,Wind,346,Sunday,December,Winter,5813
10/11/2020,13,14,Wind,285,Sunday,October,Fall,6106
1/8/2024,23,0,Wind,8,Monday,January,Winter,5515
1/8/2020,18,19,Wind,8,Wednesday,January,Winter,2785
1/29/2022,20,21,Wind,29,Saturday,January,Winter,8498
6/2/2021,15,16,Solar,153,Wednesday,June,Summer,5561
6/11/2024,7,8,Wind,163,Tuesday,June,Summer,2328
6/5/2020,21,22,Wind,157,Friday,June,Summer,6664
5/2/2021,13,14,Solar,122,Sunday,May,Spring,4993
1/13/2022,0,1,Wind,13,Thursday,January,Winter,3276
7/24/2020,3,4,Wind,206,Friday,July,Summer,1739
8/29/2024,5,6,Wind,242,Thursday,August,Summer,2083
1/3/2024,0,1,Wind,3,Wednesday,January,Winter,17272
4/2/2024,2,3,Wind,93,Tuesday,April,Spring,12285
7/29/2020,16,17,Solar,211,Wednesday,July,Summer,3480
11/5/2024,6,7,Wind,310,Tuesday,November,Fall,1690
10/24/2022,8,9,Wind,297,Monday,October,Fall,11508
2/27/2023,10,11,Wind,58,Monday,February,Winter,15692
4/2/2020,15,16,Solar,93,Thursday,April,Spring,4169
5/13/2020,3,4,Wind,134,Wednesday,May,Spring,3174
11/22/2023,14,15,Wind,326,Wednesday,November,Fall,7314
9/11/2021,11,12,Solar,254,Saturday,September,Fall,4969
4/7/2025,15,16,Solar,97,Monday,April,Spring,9862
7/27/2025,22,23,Wind,208,Sunday,July,Summer,3862
3/11/2021,13,14,Wind,70,Thursday,March,Spring,16144
4/30/2022,16,17,Solar,120,Saturday,April,Spring,8188
1/19/2023,23,0,Wind,19,Thursday,January,Winter,1710
9/11/2022,4,5,Wind,254,Sunday,September,Fall,472
9/25/2021,16,17,Solar,268,Saturday,September,Fall,3402
8/8/2020,12,13,Solar,221,Saturday,August,Summer,3996
6/8/2021,1,2,Wind,159,Tuesday,June,Summer,1148
6/10/2024,21,22,Wind,162,Monday,June,Summer,4062
6/18/2020,0,1,Wind,170,Thursday,June,Summer,1443
5/30/2023,17,18,Wind,150,Tuesday,May,Spring,13363
2/17/2022,1,2,Wind,48,Thursday,February,Winter,15609
5/11/2022,19,20,Wind,131,Wednesday,May,Spring,8878
5/7/2024,7,8,Wind,128,Tuesday,May,Spring,2974
11/22/2025,12,13,Wind,326,Saturday,November,Fall,12324
4/9/2021,21,22,Wind,99,Friday,April,Spring,5279
12/24/2021,11,12,Wind,358,Friday,December,Winter,3872
3/11/2023,12,13,Wind,70,Saturday,March,Spring,6406
8/13/2021,13,14,Solar,225,Friday,August,Summer,5323
2/1/2021,15,16,Wind,32,Monday,February,Winter,7166
9/11/2023,13,14,Solar,254,Monday,September,Fall,7117
7/1/2020,13,14,Wind,183,Wednesday,July,Summer,5874
3/10/2025,9,10,Solar,69,Monday,March,Spring,4807
6/23/2023,15,16,Solar,174,Friday,June,Summer,7976
2/9/2023,13,14,Solar,40,Thursday,February,Winter,5168
5/24/2020,0,1,Wind,145,Sunday,May,Spring,4384
7/26/2021,23,0,Wind,207,Monday,July,Summer,1465
9/28/2020,6,7,Wind,272,Monday,September,Fall,3962
8/25/2021,0,1,Wind,237,Wednesday,August,Summer,6786
12/16/2021,14,15,Wind,350,Thursday,December,Winter,5553
3/11/2022,22,23,Wind,70,Friday,March,Spring,10557
4/13/2020,17,18,Wind,104,Monday,April,Spring,10961
10/4/2022,23,0,Wind,277,Tuesday,October,Fall,2160
6/12/2025,1,2,Wind,163,Thursday,June,Summer,8382
8/18/2022,10,11,Solar,230,Thursday,August,Summer,3688
10/25/2025,18,19,Wind,298,Saturday,October,Fall,8209
10/24/2023,22,23,Wind,297,Tuesday,October,Fall,6448
10/13/2021,18,19,Wind,286,Wednesday,October,Fall,2194
7/19/2025,11,12,Wind,200,Saturday,July,Summer,10173
6/1/2021,5,6,Wind,152,Tuesday,June,Summer,5221
6/30/2022,22,23,Wind,181,Thursday,June,Summer,2181
1/4/2020,5,6,Wind,4,Saturday,January,Winter,3143
4/23/2020,3,4,Wind,114,Thursday,April,Spring,2541
9/19/2021,9,10,Wind,262,Sunday,September,Fall,4133
2/1/2021,5,6,Wind,32,Monday,February,Winter,5020
7/8/2022,8,9,Wind,189,Friday,July,Summer,3748
7/8/2025,13,14,Solar,189,Tuesday,July,Summer,13125
7/7/2021,14,15,Solar,188,Wednesday,July,Summer,5096
1/22/2020,15,16,Wind,22,Wednesday,January,Winter,4074
6/28/2025,17,18,Solar,179,Saturday,June,Summer,7681
2/25/2021,3,4,Wind,56,Thursday,February,Winter,4820
5/22/2021,17,18,Wind,142,Saturday,May,Spring,10961
2/16/2022,5,6,Wind,47,Wednesday,February,Winter,14822
6/22/2023,4,5,Wind,173,Thursday,June,Summer,3376
6/18/2022,22,23,Wind,169,Saturday,June,Summer,8199
6/8/2022,15,16,Wind,159,Wednesday,June,Summer,10512
12/1/2022,3,4,Wind,335,Thursday,December,Winter,3869
4/17/2023,16,17,Wind,107,Monday,April,Spring,10404
12/9/2020,9,10,Wind,344,Wednesday,December,Winter,3334
2/7/2023,18,19,Wind,38,Tuesday,February,Winter,5042
9/28/2020,20,21,Wind,272,Monday,September,Fall,4228
2/12/2023,15,16,Solar,43,Sunday,February,Winter,5718
11/23/2023,2,3,Wind,327,Thursday,November,Fall,2948
12/12/2024,19,20,Wind,347,Thursday,December,Winter,3528
5/11/2025,1,2,Wind,131,Sunday,May,Spring,7504
5/30/2024,19,20,Wind,151,Thursday,May,Spring,8561
7/29/2024,16,17,Solar,211,Monday,July,Summer,8215
8/27/2024,23,0,Wind,240,Tuesday,August,Summer,3000
11/13/2021,9,10,Wind,317,Saturday,November,Fall,5084
9/20/2021,19,20,Wind,263,Monday,September,Fall,3112
2/13/2023,12,13,Solar,44,Monday,February,Winter,6722
11/14/2020,2,3,Wind,319,Saturday,November,Fall,4362
1/29/2025,0,1,Wind,29,Wednesday,January,Winter,18199
3/2/2022,4,5,Wind,61,Wednesday,March,Spring,2961
6/6/2025,16,17,Wind,157,Friday,June,Summer,7448
7/15/2025,2,3,Wind,196,Tuesday,July,Summer,3144
5/15/2022,15,16,Solar,135,Sunday,May,Spring,9252
6/6/2024,16,17,Solar,158,Thursday,June,Summer,7935
12/1/2020,6,7,Wind,336,Tuesday,December,Winter,7577
2/1/2020,20,21,Wind,32,Saturday,February,Winter,10073
12/5/2022,7,8,Wind,339,Monday,December,Winter,723
11/2/2021,17,18,Wind,306,Tuesday,November,Fall,1723
3/30/2024,15,16,Solar,90,Saturday,March,Spring,7864
5/7/2020,14,15,Solar,128,Thursday,May,Spring,4403
7/22/2024,4,5,Wind,204,Monday,July,Summer,3323
1/23/2022,23,0,Wind,23,Sunday,January,Winter,3658
4/16/2024,8,9,Wind,107,Tuesday,April,Spring,14410
2/2/2021,17,18,Wind,33,Tuesday,February,Winter,9228
4/6/2025,12,13,Solar,96,Sunday,April,Spring,8484
10/24/2025,20,21,Wind,297,Friday,October,Fall,12993
9/12/2024,19,20,Wind,256,Thursday,September,Fall,4668
6/1/2021,20,21,Wind,152,Tuesday,June,Summer,3220
6/10/2022,4,5,Wind,161,Friday,June,Summer,2337
5/12/2024,4,5,Wind,133,Sunday,May,Spring,3727
11/1/2025,1,2,Wind,305,Saturday,November,Fall,13837
5/29/2022,9,10,Solar,149,Sunday,May,Spring,7338
8/30/2023,18,19,Wind,242,Wednesday,August,Summer,7641
4/29/2023,20,21,Wind,119,Saturday,April,Spring,2453
5/22/2022,15,16,Solar,142,Sunday,May,Spring,5188
8/12/2022,12,13,Solar,224,Friday,August,Summer,8910
8/31/2020,13,14,Solar,244,Monday,August,Summer,4731
9/17/2020,1,2,Wind,261,Thursday,September,Fall,5365
5/13/2023,10,11,Solar,133,Saturday,May,Spring,7155
10/16/2021,15,16,Solar,289,Saturday,October,Fall,4121
1/4/2022,8,9,Wind,4,Tuesday,January,Winter,6398
11/10/2024,22,23,Wind,315,Sunday,November,Fall,2532
4/25/2022,21,22,Wind,115,Monday,April,Spring,2493
5/14/2021,11,12,Wind,134,Friday,May,Spring,7152
10/14/2020,8,9,Wind,288,Wednesday,October,Fall,3082
9/29/2021,13,14,Wind,272,Wednesday,September,Fall,11398
2/2/2020,2,3,Wind,33,Sunday,February,Winter,6412
7/10/2021,19,20,Wind,191,Saturday,July,Summer,3038
6/9/2022,0,1,Wind,160,Thursday,June,Summer,6305
12/4/2021,2,3,Wind,338,Saturday,December,Winter,8913
8/5/2020,4,5,Wind,218,Wednesday,August,Summer,1018
1/22/2020,16,17,Wind,22,Wednesday,January,Winter,3930
2/21/2024,0,1,Wind,52,Wednesday,February,Winter,3618
1/1/2021,12,13,Solar,1,Friday,January,Winter,1994
7/20/2021,22,23,Wind,201,Tuesday,July,Summer,3054
7/9/2025,11,12,Solar,190,Wednesday,July,Summer,9719
12/8/2024,6,7,Wind,343,Sunday,December,Winter,16946
10/21/2024,20,21,Wind,295,Monday,October,Fall,4621
7/3/2025,13,14,Solar,184,Thursday,July,Summer,9835
6/3/2022,8,9,Wind,154,Friday,June,Summer,3026
6/15/2022,13,14,Solar,166,Wednesday,June,Summer,6208
3/18/2022,5,6,Wind,77,Friday,March,Spring,8159
3/9/2021,8,9,Wind,68,Tuesday,March,Spring,2948
2/17/2022,19,20,Wind,48,Thursday,February,Winter,8507
11/11/2021,5,6,Wind,315,Thursday,November,Fall,982
6/6/2020,1,2,Wind,158,Saturday,June,Summer,5766
10/24/2020,8,9,Wind,298,Saturday,October,Fall,8585
9/18/2023,9,10,Wind,261,Monday,September,Fall,8347
11/24/2025,7,8,Wind,328,Monday,November,Fall,8309
9/9/2021,1,2,Wind,252,Thursday,September,Fall,2685
9/25/2025,18,19,Wind,268,Thursday,September,Fall,3302
5/12/2021,17,18,Wind,132,Wednesday,May,Spring,4435
6/2/2022,9,10,Solar,153,Thursday,June,Summer,4378
1/14/2025,15,16,Solar,14,Tuesday,January,Winter,4353
3/22/2023,14,15,Wind,81,Wednesday,March,Spring,15456
7/7/2024,19,20,Wind,189,Sunday,July,Summer,4892
1/28/2021,4,5,Wind,28,Thursday,January,Winter,9675
2/12/2025,1,2,Wind,43,Wednesday,February,Winter,2685
8/25/2021,14,15,Solar,237,Wednesday,August,Summer,9454
7/17/2023,6,7,Wind,198,Monday,July,Summer,2269
6/25/2025,13,14,Solar,176,Wednesday,June,Summer,9397
3/3/2021,9,10,Wind,62,Wednesday,March,Spring,1845
6/22/2021,14,15,Wind,173,Tuesday,June,Summer,6749
3/19/2025,13,14,Solar,78,Wednesday,March,Spring,13786
5/31/2020,19,20,Wind,152,Sunday,May,Spring,5250
2/21/2020,16,17,Wind,52,Friday,February,Winter,7148
6/4/2023,8,9,Wind,155,Sunday,June,Summer,4706
3/3/2025,18,19,Wind,62,Monday,March,Spring,2282
8/17/2025,12,13,Solar,229,Sunday,August,Summer,11455
1/3/2020,21,22,Wind,3,Friday,January,Winter,4570
5/19/2023,18,19,Wind,139,Friday,May,Spring,8236
4/3/2021,5,6,Wind,93,Saturday,April,Spring,7508
7/16/2025,12,13,Solar,197,Wednesday,July,Summer,16160
6/8/2024,5,6,Wind,160,Saturday,June,Summer,2141
9/29/2022,15,16,Solar,272,Thursday,September,Fall,3999
9/19/2024,8,9,Wind,263,Thursday,September,Fall,8855
5/23/2021,20,21,Wind,143,Sunday,May,Spring,6519
11/19/2024,2,3,Wind,324,Tuesday,November,Fall,16568
11/2/2025,12,13,Wind,306,Sunday,November,Fall,17124
3/6/2020,19,20,Wind,66,Friday,March,Spring,4409
9/24/2025,14,15,Wind,267,Wednesday,September,Fall,10617
3/6/2021,0,1,Wind,65,Saturday,March,Spring,6907
1/8/2024,1,2,Wind,8,Monday,January,Winter,11458
1/29/2024,9,10,Wind,29,Monday,January,Winter,8026
6/8/2024,21,22,Wind,160,Saturday,June,Summer,2990
9/5/2020,2,3,Wind,249,Saturday,September,Fall,2313
8/29/2023,16,17,Solar,241,Tuesday,August,Summer,6026
3/31/2023,21,22,Wind,90,Friday,March,Spring,17308
8/2/2021,12,13,Solar,214,Monday,August,Summer,4915
11/12/2021,19,20,Wind,316,Friday,November,Fall,4622
4/7/2024,13,14,Wind,98,Sunday,April,Spring,6534
8/23/2022,20,21,Wind,235,Tuesday,August,Summer,692
3/31/2025,12,13,Solar,90,Monday,March,Spring,12441
12/12/2024,23,0,Wind,347,Thursday,December,Winter,3205
10/30/2023,14,15,Wind,303,Monday,October,Fall,6382
7/13/2025,23,0,Wind,194,Sunday,July,Summer,2819
3/10/2020,16,17,Wind,70,Tuesday,March,Spring,12787
1/9/2021,3,4,Wind,9,Saturday,January,Winter,2353
4/2/2021,2,3,Wind,92,Friday,April,Spring,7071
11/24/2022,21,22,Wind,328,Thursday,November,Fall,10233
8/4/2025,4,5,Wind,216,Monday,August,Summer,2819
9/24/2021,10,11,Solar,267,Friday,September,Fall,3708
11/14/2020,14,15,Wind,319,Saturday,November,Fall,9092
2/12/2025,11,12,Solar,43,Wednesday,February,Winter,3734
11/18/2024,17,18,Wind,323,Monday,November,Fall,7419
8/25/2025,11,12,Solar,237,Monday,August,Summer,7160
11/11/2025,13,14,Wind,315,Tuesday,November,Fall,13901
9/15/2021,9,10,Wind,258,Wednesday,September,Fall,2675
8/21/2022,7,8,Wind,233,Sunday,August,Summer,794
11/14/2025,3,4,Wind,318,Friday,November,Fall,10916
4/30/2022,10,11,Solar,120,Saturday,April,Spring,6810
10/9/2022,3,4,Wind,282,Sunday,October,Fall,4965
4/26/2024,0,1,Wind,117,Friday,April,Spring,2294
3/12/2022,15,16,Wind,71,Saturday,March,Spring,9696
2/21/2023,12,13,Solar,52,Tuesday,February,Winter,4252
3/29/2023,11,12,Solar,88,Wednesday,March,Spring,8491
4/27/2021,22,23,Wind,117,Tuesday,April,Spring,2003
2/17/2020,4,5,Wind,48,Monday,February,Winter,6453
1/19/2024,23,0,Wind,19,Friday,January,Winter,3521
3/31/2025,7,8,Wind,90,Monday,March,Spring,5090
11/2/2021,12,13,Wind,306,Tuesday,November,Fall,6192
11/11/2022,7,8,Wind,315,Friday,November,Fall,3461
10/26/2021,12,13,Solar,299,Tuesday,October,Fall,5605
9/22/2022,19,20,Wind,265,Thursday,September,Fall,399
5/11/2025,13,14,Solar,131,Sunday,May,Spring,4563
1/28/2022,1,2,Wind,28,Friday,January,Winter,2439
11/20/2022,10,11,Wind,324,Sunday,November,Fall,9228
7/12/2022,1,2,Wind,193,Tuesday,July,Summer,4082
11/24/2024,12,13,Wind,329,Sunday,November,Fall,22929
2/1/2020,4,5,Wind,32,Saturday,February,Winter,9131
11/6/2024,5,6,Wind,311,Wednesday,November,Fall,189
10/28/2021,9,10,Wind,301,Thursday,October,Fall,6796
10/22/2020,12,13,Wind,296,Thursday,October,Fall,5144
3/10/2022,0,1,Wind,69,Thursday,March,Spring,6808
11/3/2021,5,6,Wind,307,Wednesday,November,Fall,3819
12/8/2024,2,3,Wind,343,Sunday,December,Winter,16670
6/3/2020,5,6,Wind,155,Wednesday,June,Summer,631
6/27/2020,11,12,Wind,179,Saturday,June,Summer,9506
6/4/2021,3,4,Wind,155,Friday,June,Summer,1527
11/17/2020,22,23,Wind,322,Tuesday,November,Fall,2667
10/21/2021,8,9,Wind,294,Thursday,October,Fall,11321
8/19/2021,23,0,Wind,231,Thursday,August,Summer,940
6/4/2020,23,0,Wind,156,Thursday,June,Summer,2918
8/14/2023,11,12,Solar,226,Monday,August,Summer,7955
5/13/2024,3,4,Wind,134,Monday,May,Spring,2321
8/11/2024,16,17,Solar,224,Sunday,August,Summer,5870
5/4/2021,7,8,Wind,124,Tuesday,May,Spring,13322
4/26/2025,11,12,Solar,116,Saturday,April,Spring,4018
1/21/2020,18,19,Wind,21,Tuesday,January,Winter,3303
11/2/2021,19,20,Wind,306,Tuesday,November,Fall,2311
7/29/2023,1,2,Wind,210,Saturday,July,Summer,3618
5/21/2023,8,9,Wind,141,Sunday,May,Spring,4686
2/7/2025,18,19,Wind,38,Friday,February,Winter,9119
7/25/2022,11,12,Wind,206,Monday,July,Summer,10186
10/16/2024,16,17,Wind,290,Wednesday,October,Fall,11196
1/11/2022,18,19,Wind,11,Tuesday,January,Winter,2621
4/19/2024,2,3,Wind,110,Friday,April,Spring,6475
7/28/2024,23,0,Wind,210,Sunday,July,Summer,6281
4/5/2025,18,19,Wind,95,Saturday,April,Spring,8043
1/4/2022,20,21,Wind,4,Tuesday,January,Winter,9372
7/6/2023,4,5,Wind,187,Thursday,July,Summer,1028
3/22/2024,23,0,Wind,82,Friday,March,Spring,7326
1/16/2024,9,10,Wind,16,Tuesday,January,Winter,2207
5/8/2024,20,21,Wind,129,Wednesday,May,Spring,3372
1/26/2025,19,20,Wind,26,Sunday,January,Winter,19633
7/20/2020,7,8,Wind,202,Monday,July,Summer,3155
3/2/2024,1,2,Wind,62,Saturday,March,Spring,11147
5/17/2021,13,14,Wind,137,Monday,May,Spring,15419
9/22/2024,4,5,Wind,266,Sunday,September,Fall,3577
7/18/2021,3,4,Wind,199,Sunday,July,Summer,5140
3/20/2020,15,16,Wind,80,Friday,March,Spring,7700
4/14/2025,23,0,Wind,104,Monday,April,Spring,5469
2/19/2020,7,8,Wind,50,Wednesday,February,Winter,7659
11/21/2021,4,5,Wind,325,Sunday,November,Fall,556
10/25/2023,10,11,Wind,298,Wednesday,October,Fall,10951
7/16/2023,19,20,Wind,197,Sunday,July,Summer,5612
7/22/2020,12,13,Solar,204,Wednesday,July,Summer,3790
3/8/2024,1,2,Wind,68,Friday,March,Spring,10506
12/10/2020,14,15,Wind,345,Thursday,December,Winter,3341
6/19/2022,8,9,Wind,170,Sunday,June,Summer,7096
10/23/2024,20,21,Wind,297,Wednesday,October,Fall,5480
6/11/2024,23,0,Wind,163,Tuesday,June,Summer,2863
9/9/2021,5,6,Wind,252,Thursday,September,Fall,1689
6/11/2020,15,16,Wind,163,Thursday,June,Summer,5051
6/7/2024,4,5,Wind,159,Friday,June,Summer,1976
3/26/2024,23,0,Wind,86,Tuesday,March,Spring,8226
2/9/2022,9,10,Wind,40,Wednesday,February,Winter,4407
2/15/2025,20,21,Wind,46,Saturday,February,Winter,5334
4/28/2021,6,7,Wind,118,Wednesday,April,Spring,857
8/27/2020,11,12,Solar,240,Thursday,August,Summer,4553
10/1/2024,7,8,Wind,275,Tuesday,October,Fall,6398
5/21/2021,0,1,Wind,141,Friday,May,Spring,9704
12/5/2021,22,23,Wind,339,Sunday,December,Winter,4707
8/1/2022,14,15,Solar,213,Monday,August,Summer,6729
9/18/2022,23,0,Wind,261,Sunday,September,Fall,4648
1/14/2025,4,5,Wind,14,Tuesday,January,Winter,2738
1/4/2025,9,10,Wind,4,Saturday,January,Winter,4819
8/23/2020,20,21,Wind,236,Sunday,August,Summer,3074
12/11/2022,11,12,Solar,345,Sunday,December,Winter,4059
7/5/2024,2,3,Wind,187,Friday,July,Summer,3591
7/12/2021,10,11,Wind,193,Monday,July,Summer,3055
12/4/2022,18,19,Wind,338,Sunday,December,Winter,1267
9/29/2023,15,16,Wind,272,Friday,September,Fall,10069
10/6/2024,10,11,Wind,280,Sunday,October,Fall,7982
2/27/2023,20,21,Wind,58,Monday,February,Winter,11622
6/6/2021,7,8,Wind,157,Sunday,June,Summer,2047
4/6/2022,17,18,Wind,96,Wednesday,April,Spring,13616
1/29/2025,14,15,Wind,29,Wednesday,January,Winter,13601
10/30/2024,21,22,Wind,304,Wednesday,October,Fall,3374
6/14/2024,18,19,Wind,166,Friday,June,Summer,11508
2/5/2024,19,20,Wind,36,Monday,February,Winter,7217
11/16/2020,2,3,Wind,321,Monday,November,Fall,9712
11/3/2025,12,13,Wind,307,Monday,November,Fall,14275
5/28/2023,22,23,Wind,148,Sunday,May,Spring,9225
1/24/2020,22,23,Wind,24,Friday,January,Winter,628
2/4/2022,5,6,Wind,35,Friday,February,Winter,6025
1/2/2020,18,19,Wind,2,Thursday,January,Winter,5346
8/30/2022,0,1,Wind,242,Tuesday,August,Summer,5425
11/29/2025,0,1,Wind,333,Saturday,November,Fall,5241
5/14/2025,10,11,Solar,134,Wednesday,May,Spring,7025
12/25/2024,2,3,Wind,360,Wednesday,December,Winter,1698
9/16/2024,11,12,Solar,260,Monday,September,Fall,8063
6/13/2020,2,3,Wind,165,Saturday,June,Summer,3116
5/26/2025,10,11,Solar,146,Monday,May,Spring,10578
1/29/2022,9,10,Wind,29,Saturday,January,Winter,8062
8/29/2021,7,8,Wind,241,Sunday,August,Summer,3373
8/17/2023,4,5,Wind,229,Thursday,August,Summer,2138
11/1/2021,16,17,Wind,305,Monday,November,Fall,6650
4/27/2025,13,14,Solar,117,Sunday,April,Spring,4171
3/25/2020,20,21,Wind,85,Wednesday,March,Spring,7278
11/13/2025,13,14,Wind,317,Thursday,November,Fall,10055
10/29/2022,9,10,Wind,302,Saturday,October,Fall,8680
5/12/2025,3,4,Wind,132,Monday,May,Spring,2071
12/26/2021,18,19,Wind,360,Sunday,December,Winter,2979
11/27/2022,5,6,Wind,331,Sunday,November,Fall,6949
6/10/2025,19,20,Wind,161,Tuesday,June,Summer,4337
1/14/2020,11,12,Wind,14,Tuesday,January,Winter,13956
4/19/2025,14,15,Wind,109,Saturday,April,Spring,4692
10/16/2022,4,5,Wind,289,Sunday,October,Fall,3203
11/8/2025,12,13,Solar,312,Saturday,November,Fall,5483
6/3/2023,0,1,Wind,154,Saturday,June,Summer,7045
12/21/2022,4,5,Wind,355,Wednesday,December,Winter,5289
8/15/2022,6,7,Wind,227,Monday,August,Summer,2354
6/14/2025,21,22,Wind,165,Saturday,June,Summer,2617
11/11/2021,19,20,Wind,315,Thursday,November,Fall,904
4/2/2024,19,20,Wind,93,Tuesday,April,Spring,9355
12/3/2024,0,1,Wind,338,Tuesday,December,Winter,6322
8/18/2021,10,11,Solar,230,Wednesday,August,Summer,4153
2/18/2022,0,1,Wind,49,Friday,February,Winter,6361
6/15/2020,9,10,Solar,167,Monday,June,Summer,3227
6/6/2020,3,4,Wind,158,Saturday,June,Summer,5774
10/31/2022,6,7,Wind,304,Monday,October,Fall,3071
8/2/2023,18,19,Wind,214,Wednesday,August,Summer,18182
6/8/2023,6,7,Wind,159,Thursday,June,Summer,4578
4/21/2024,15,16,Wind,112,Sunday,April,Spring,10808
11/2/2025,9,10,Wind,306,Sunday,November,Fall,11230
1/11/2023,22,23,Wind,11,Wednesday,January,Winter,15390
3/19/2020,11,12,Solar,79,Thursday,March,Spring,3951
8/17/2025,8,9,Wind,229,Sunday,August,Summer,6183
8/7/2020,6,7,Wind,220,Friday,August,Summer,2021
11/22/2025,9,10,Wind,326,Saturday,November,Fall,8243
9/4/2025,5,6,Wind,247,Thursday,September,Fall,6876
7/22/2020,10,11,Solar,204,Wednesday,July,Summer,2606
4/26/2021,3,4,Wind,116,Monday,April,Spring,9366
8/19/2021,4,5,Wind,231,Thursday,August,Summer,1485
10/25/2022,14,15,Solar,298,Tuesday,October,Fall,5213
4/6/2020,9,10,Wind,97,Monday,April,Spring,6188
7/8/2023,15,16,Solar,189,Saturday,July,Summer,8194
5/10/2020,10,11,Wind,131,Sunday,May,Spring,2276
1/17/2020,1,2,Wind,17,Friday,January,Winter,9434
1/10/2024,9,10,Wind,10,Wednesday,January,Winter,2524
3/29/2022,14,15,Solar,88,Tuesday,March,Spring,4278
12/7/2022,14,15,Solar,341,Wednesday,December,Winter,3789
6/6/2024,1,2,Wind,158,Thursday,June,Summer,1268
1/30/2020,6,7,Wind,30,Thursday,January,Winter,6684
8/18/2020,9,10,Solar,231,Tuesday,August,Summer,1797
12/12/2024,7,8,Wind,347,Thursday,December,Winter,3380
4/4/2022,23,0,Wind,94,Monday,April,Spring,8520
10/13/2025,4,5,Wind,286,Monday,October,Fall,6073
6/18/2024,4,5,Wind,170,Tuesday,June,Summer,2793
5/10/2022,6,7,Wind,130,Tuesday,May,Spring,2478
4/26/2023,15,16,Solar,116,Wednesday,April,Spring,4624
6/16/2021,2,3,Wind,167,Wednesday,June,Summer,1499
9/3/2021,6,7,Wind,246,Friday,September,Fall,2094
4/7/2025,3,4,Wind,97,Monday,April,Spring,6184
7/21/2020,8,9,Wind,203,Tuesday,July,Summer,3014
5/12/2022,10,11,Solar,132,Thursday,May,Spring,4025
12/22/2022,11,12,Wind,356,Thursday,December,Winter,13135
10/8/2024,22,23,Wind,282,Tuesday,October,Fall,13096
6/13/2021,5,6,Wind,164,Sunday,June,Summer,2592
3/9/2021,22,23,Wind,68,Tuesday,March,Spring,2083
1/3/2022,17,18,Wind,3,Monday,January,Winter,8634
2/15/2025,21,22,Wind,46,Saturday,February,Winter,5507
12/3/2021,13,14,Wind,337,Friday,December,Winter,13277
5/7/2021,8,9,Wind,127,Friday,May,Spring,3061
6/27/2025,2,3,Wind,178,Friday,June,Summer,3511
2/1/2020,11,12,Wind,32,Saturday,February,Winter,11252
7/1/2020,20,21,Wind,183,Wednesday,July,Summer,4054
5/1/2023,20,21,Wind,121,Monday,May,Spring,3856
7/8/2025,18,19,Solar,189,Tuesday,July,Summer,8997
2/18/2021,20,21,Wind,49,Thursday,February,Winter,6214
11/28/2022,13,14,Wind,332,Monday,November,Fall,5047
7/1/2021,17,18,Solar,182,Thursday,July,Summer,3901
11/15/2023,20,21,Wind,319,Wednesday,November,Fall,4554
1/14/2021,10,11,Wind,14,Thursday,January,Winter,8411
5/27/2020,11,12,Solar,148,Wednesday,May,Spring,5832
4/16/2020,21,22,Wind,107,Thursday,April,Spring,1491
6/29/2020,16,17,Wind,181,Monday,June,Summer,10010
4/2/2024,6,7,Wind,93,Tuesday,April,Spring,13175
5/8/2022,1,2,Wind,128,Sunday,May,Spring,4285
12/29/2023,15,16,Wind,363,Friday,December,Winter,13922
3/15/2024,3,4,Wind,75,Friday,March,Spring,10445
6/7/2021,6,7,Wind,158,Monday,June,Summer,1268
3/31/2020,17,18,Wind,91,Tuesday,March,Spring,10262
9/13/2021,1,2,Wind,256,Monday,September,Fall,2586
1/16/2023,14,15,Wind,16,Monday,January,Winter,16385
2/1/2021,20,21,Wind,32,Monday,February,Winter,3405
9/13/2022,5,6,Wind,256,Tuesday,September,Fall,1654
7/29/2023,15,16,Wind,210,Saturday,July,Summer,11966
8/9/2020,16,17,Solar,222,Sunday,August,Summer,3364
9/23/2021,1,2,Wind,266,Thursday,September,Fall,1404
3/18/2021,9,10,Wind,77,Thursday,March,Spring,4597
1/13/2024,0,1,Wind,13,Saturday,January,Winter,2503
6/27/2023,6,7,Wind,178,Tuesday,June,Summer,2239
12/15/2023,0,1,Wind,349,Friday,December,Winter,2968
6/12/2023,19,20,Wind,163,Monday,June,Summer,3168
12/14/2020,6,7,Wind,349,Monday,December,Winter,8437
5/4/2023,13,14,Solar,124,Thursday,May,Spring,11275
1/6/2022,11,12,Solar,6,Thursday,January,Winter,5010
5/5/2023,6,7,Wind,125,Friday,May,Spring,2188
3/24/2021,19,20,Wind,83,Wednesday,March,Spring,2191
11/6/2020,5,6,Wind,311,Friday,November,Fall,6584
10/13/2025,0,1,Wind,286,Monday,October,Fall,7395
4/9/2025,22,23,Wind,99,Wednesday,April,Spring,11401
6/13/2022,3,4,Wind,164,Monday,June,Summer,3888
12/6/2020,0,1,Wind,341,Sunday,December,Winter,3896
12/26/2022,23,0,Wind,360,Monday,December,Winter,5200
7/7/2022,18,19,Wind,188,Thursday,July,Summer,8067
9/27/2021,16,17,Wind,270,Monday,September,Fall,10010
1/29/2024,18,19,Wind,29,Monday,January,Winter,7099
3/25/2024,21,22,Wind,85,Monday,March,Spring,8820
12/27/2022,9,10,Wind,361,Tuesday,December,Winter,4677
12/3/2021,18,19,Wind,337,Friday,December,Winter,11102
4/4/2023,15,16,Solar,94,Tuesday,April,Spring,10833
3/28/2024,7,8,Wind,88,Thursday,March,Spring,15504
12/23/2022,0,1,Wind,357,Friday,December,Winter,11216
4/27/2025,22,23,Wind,117,Sunday,April,Spring,3364
4/20/2020,0,1,Wind,111,Monday,April,Spring,5506
10/17/2022,12,13,Wind,290,Monday,October,Fall,6996
1/2/2025,0,1,Wind,2,Thursday,January,Winter,12035
7/24/2020,15,16,Solar,206,Friday,July,Summer,6901
11/21/2020,10,11,Wind,326,Saturday,November,Fall,4830
8/22/2022,19,20,Wind,234,Monday,August,Summer,2515
12/29/2022,4,5,Wind,363,Thursday,December,Winter,11261
11/11/2022,23,0,Wind,315,Friday,November,Fall,4623
7/15/2021,23,0,Wind,196,Thursday,July,Summer,5085
6/29/2020,18,19,Wind,181,Monday,June,Summer,8918
11/2/2020,17,18,Wind,307,Monday,November,Fall,8515
6/8/2022,14,15,Wind,159,Wednesday,June,Summer,10122
11/27/2020,1,2,Wind,332,Friday,November,Fall,1637
3/1/2022,18,19,Wind,60,Tuesday,March,Spring,1775
8/19/2025,16,17,Solar,231,Tuesday,August,Summer,6355
11/13/2022,22,23,Wind,317,Sunday,November,Fall,2673
11/6/2025,21,22,Wind,310,Thursday,November,Fall,2696
7/13/2022,12,13,Solar,194,Wednesday,July,Summer,6334
12/27/2021,9,10,Wind,361,Monday,December,Winter,8156
10/25/2021,20,21,Wind,298,Monday,October,Fall,3029
9/12/2023,4,5,Wind,255,Tuesday,September,Fall,705
4/2/2023,4,5,Wind,92,Sunday,April,Spring,8890
9/28/2021,2,3,Wind,271,Tuesday,September,Fall,2108
5/17/2024,14,15,Solar,138,Friday,May,Spring,7184
11/13/2025,1,2,Wind,317,Thursday,November,Fall,12913
10/13/2020,16,17,Wind,287,Tuesday,October,Fall,5579
2/17/2021,22,23,Wind,48,Wednesday,February,Winter,7964
10/9/2020,18,19,Wind,283,Friday,October,Fall,3322
2/19/2025,20,21,Wind,50,Wednesday,February,Winter,7629
11/16/2021,16,17,Wind,320,Tuesday,November,Fall,1087
12/30/2020,23,0,Wind,365,Wednesday,December,Winter,5476
7/14/2022,14,15,Solar,195,Thursday,July,Summer,8923
3/19/2023,13,14,Wind,78,Sunday,March,Spring,7895
7/24/2024,11,12,Solar,206,Wednesday,July,Summer,6845
10/31/2024,20,21,Wind,305,Thursday,October,Fall,1073
5/9/2023,19,20,Wind,129,Tuesday,May,Spring,7431
3/9/2021,6,7,Wind,68,Tuesday,March,Spring,2088
5/6/2024,20,21,Wind,127,Monday,May,Spring,3270
10/26/2022,17,18,Wind,299,Wednesday,October,Fall,3223
12/7/2021,12,13,Wind,341,Tuesday,December,Winter,11221
5/5/2024,23,0,Wind,126,Sunday,May,Spring,2081
4/23/2023,18,19,Wind,113,Sunday,April,Spring,14741
11/2/2022,19,20,Wind,306,Wednesday,November,Fall,7737
3/14/2021,15,16,Wind,73,Sunday,March,Spring,13538
11/29/2021,10,11,Wind,333,Monday,November,Fall,3702
6/14/2025,14,15,Solar,165,Saturday,June,Summer,4546
4/28/2024,9,10,Wind,119,Sunday,April,Spring,7916
5/13/2020,1,2,Wind,134,Wednesday,May,Spring,3264
6/4/2025,16,17,Solar,155,Wednesday,June,Summer,8625
6/23/2024,12,13,Solar,175,Sunday,June,Summer,4144
1/24/2024,10,11,Wind,24,Wednesday,January,Winter,15539
10/14/2021,4,5,Wind,287,Thursday,October,Fall,1720
10/8/2021,23,0,Wind,281,Friday,October,Fall,5380
3/17/2023,23,0,Wind,76,Friday,March,Spring,6418
8/28/2023,5,6,Wind,240,Monday,August,Summer,2801
9/7/2022,12,13,Solar,250,Wednesday,September,Fall,7186
12/23/2023,11,12,Wind,357,Saturday,December,Winter,15819
8/5/2023,10,11,Wind,217,Saturday,August,Summer,11382
5/28/2023,23,0,Wind,148,Sunday,May,Spring,9894
7/20/2022,1,2,Wind,201,Wednesday,July,Summer,3765
1/18/2023,2,3,Wind,18,Wednesday,January,Winter,4661
9/29/2024,2,3,Wind,273,Sunday,September,Fall,1731
2/23/2024,12,13,Wind,54,Friday,February,Winter,16403
10/4/2021,23,0,Wind,277,Monday,October,Fall,7024
10/20/2025,0,1,Wind,293,Monday,October,Fall,13425
3/24/2023,8,9,Wind,83,Friday,March,Spring,12405
7/23/2020,18,19,Solar,205,Thursday,July,Summer,1954
5/13/2020,23,0,Wind,134,Wednesday,May,Spring,7165
9/6/2022,23,0,Wind,249,Tuesday,September,Fall,2214
2/17/2021,7,8,Wind,48,Wednesday,February,Winter,7775
5/29/2021,12,13,Solar,149,Saturday,May,Spring,6169
7/25/2024,21,22,Wind,207,Thursday,July,Summer,2257
4/16/2022,20,21,Wind,106,Saturday,April,Spring,6001
7/28/2020,5,6,Wind,210,Tuesday,July,Summer,4107
5/31/2021,19,20,Wind,151,Monday,May,Spring,3587
6/27/2024,21,22,Wind,179,Thursday,June,Summer,4170
10/23/2021,22,23,Wind,296,Saturday,October,Fall,3701
11/22/2022,20,21,Wind,326,Tuesday,November,Fall,10307
3/26/2020,20,21,Wind,86,Thursday,March,Spring,4960
8/9/2020,7,8,Wind,222,Sunday,August,Summer,963
11/23/2025,22,23,Wind,327,Sunday,November,Fall,6568
6/17/2022,3,4,Wind,168,Friday,June,Summer,3147
9/6/2020,6,7,Wind,250,Sunday,September,Fall,1309
1/8/2023,12,13,Wind,8,Sunday,January,Winter,13363
5/27/2020,2,3,Wind,148,Wednesday,May,Spring,4422
12/29/2023,12,13,Wind,363,Friday,December,Winter,15941
1/6/2022,3,4,Wind,6,Thursday,January,Winter,2846
3/8/2025,0,1,Wind,67,Saturday,March,Spring,10805
6/25/2023,16,17,Solar,176,Sunday,June,Summer,8815
10/31/2023,12,13,Wind,304,Tuesday,October,Fall,11825
4/18/2021,7,8,Wind,108,Sunday,April,Spring,2893
5/5/2020,14,15,Wind,126,Tuesday,May,Spring,6849
5/3/2023,9,10,Solar,123,Wednesday,May,Spring,7624
9/3/2023,19,20,Wind,246,Sunday,September,Fall,5905
10/25/2024,21,22,Wind,299,Friday,October,Fall,1798
5/11/2022,6,7,Wind,131,Wednesday,May,Spring,3550
1/30/2025,14,15,Wind,30,Thursday,January,Winter,8803
4/29/2020,5,6,Wind,120,Wednesday,April,Spring,4808
4/3/2020,5,6,Wind,94,Friday,April,Spring,2053
5/14/2020,1,2,Wind,135,Thursday,May,Spring,7248
8/22/2020,9,10,Wind,235,Saturday,August,Summer,7218
4/24/2021,19,20,Wind,114,Saturday,April,Spring,6192
6/26/2025,17,18,Wind,177,Thursday,June,Summer,14166
10/7/2020,20,21,Wind,281,Wednesday,October,Fall,4044
2/11/2020,13,14,Wind,42,Tuesday,February,Winter,14541
10/21/2024,23,0,Wind,295,Monday,October,Fall,6386
8/7/2022,8,9,Wind,219,Sunday,August,Summer,5411
1/8/2021,7,8,Wind,8,Friday,January,Winter,1043
3/27/2020,12,13,Solar,87,Friday,March,Spring,5875
9/14/2022,13,14,Solar,257,Wednesday,September,Fall,6213
2/9/2021,17,18,Wind,40,Tuesday,February,Winter,5404
4/25/2021,5,6,Wind,115,Sunday,April,Spring,8275
12/20/2022,1,2,Wind,354,Tuesday,December,Winter,13886
3/15/2023,8,9,Wind,74,Wednesday,March,Spring,3420
1/9/2024,18,19,Wind,9,Tuesday,January,Winter,3646
6/5/2021,15,16,Solar,156,Saturday,June,Summer,5731
11/28/2024,22,23,Wind,333,Thursday,November,Fall,4321
4/28/2020,3,4,Wind,119,Tuesday,April,Spring,3006
10/8/2025,2,3,Wind,281,Wednesday,October,Fall,730
7/24/2025,12,13,Solar,205,Thursday,July,Summer,8701
5/18/2021,20,21,Wind,138,Tuesday,May,Spring,3351
4/7/2023,6,7,Wind,97,Friday,April,Spring,1998
2/28/2022,18,19,Wind,59,Monday,February,Winter,2179
11/3/2023,23,0,Wind,307,Friday,November,Fall,10599
4/28/2021,23,0,Wind,118,Wednesday,April,Spring,2245
10/22/2023,19,20,Wind,295,Sunday,October,Fall,1963
12/4/2023,16,17,Wind,338,Monday,December,Winter,14332
3/12/2023,10,11,Wind,71,Sunday,March,Spring,11363
6/10/2024,16,17,Wind,162,Monday,June,Summer,9028
12/7/2023,7,8,Wind,341,Thursday,December,Winter,7243
1/11/2020,13,14,Wind,11,Saturday,January,Winter,6243
6/20/2022,18,19,Wind,171,Monday,June,Summer,6057
12/9/2021,12,13,Wind,343,Thursday,December,Winter,6822
10/22/2021,4,5,Wind,295,Friday,October,Fall,2148
8/18/2023,12,13,Solar,230,Friday,August,Summer,7556
8/26/2020,15,16,Wind,239,Wednesday,August,Summer,10494
5/17/2023,1,2,Wind,137,Wednesday,May,Spring,7393
12/10/2024,14,15,Wind,345,Tuesday,December,Winter,9436
9/4/2023,16,17,Wind,247,Monday,September,Fall,10840
6/15/2023,21,22,Wind,166,Thursday,June,Summer,2306
1/12/2021,6,7,Wind,12,Tuesday,January,Winter,12614
4/23/2021,7,8,Wind,113,Friday,April,Spring,5325
5/28/2020,21,22,Wind,149,Thursday,May,Spring,4838
4/17/2023,0,1,Wind,107,Monday,April,Spring,3728
1/12/2020,6,7,Wind,12,Sunday,January,Winter,7023
11/29/2024,4,5,Wind,334,Friday,November,Fall,7114
4/28/2025,20,21,Wind,118,Monday,April,Spring,4319
6/10/2020,10,11,Solar,162,Wednesday,June,Summer,3435
2/15/2025,17,18,Wind,46,Saturday,February,Winter,3299
3/25/2023,18,19,Wind,84,Saturday,March,Spring,9938
10/4/2021,19,20,Wind,277,Monday,October,Fall,4512
8/3/2023,6,7,Wind,215,Thursday,August,Summer,11952
8/27/2022,1,2,Wind,239,Saturday,August,Summer,2886
2/8/2021,17,18,Wind,39,Monday,February,Winter,1809
2/5/2023,16,17,Wind,36,Sunday,February,Winter,10704
4/27/2021,21,22,Wind,117,Tuesday,April,Spring,1594
12/8/2021,1,2,Wind,342,Wednesday,December,Winter,10646
9/29/2022,21,22,Wind,272,Thursday,September,Fall,1181
8/14/2025,0,1,Wind,226,Thursday,August,Summer,3432
8/12/2023,8,9,Wind,224,Saturday,August,Summer,2514
4/25/2022,0,1,Wind,115,Monday,April,Spring,3834
3/12/2025,6,7,Wind,71,Wednesday,March,Spring,2812
1/2/2023,23,0,Wind,2,Monday,January,Winter,4165
6/23/2021,23,0,Wind,174,Wednesday,June,Summer,2524
1/27/2024,14,15,Solar,27,Saturday,January,Winter,5047
4/19/2022,12,13,Solar,109,Tuesday,April,Spring,5004
11/2/2020,6,7,Wind,307,Monday,November,Fall,11975
2/25/2025,22,23,Wind,56,Tuesday,February,Winter,11904
9/30/2025,4,5,Wind,273,Tuesday,September,Fall,1402
3/18/2023,22,23,Wind,77,Saturday,March,Spring,3908
11/25/2020,7,8,Wind,330,Wednesday,November,Fall,6287
11/11/2020,15,16,Wind,316,Wednesday,November,Fall,3805
5/26/2022,5,6,Wind,146,Thursday,May,Spring,3427
4/27/2020,20,21,Wind,118,Monday,April,Spring,2041
7/26/2021,6,7,Wind,207,Monday,July,Summer,1744
7/1/2024,7,8,Wind,183,Monday,July,Summer,2190
10/13/2022,12,13,Wind,286,Thursday,October,Fall,6261
4/9/2021,18,19,Wind,99,Friday,April,Spring,5113
10/10/2021,0,1,Wind,283,Sunday,October,Fall,2713
4/22/2023,11,12,Wind,112,Saturday,April,Spring,8274
1/22/2022,23,0,Wind,22,Saturday,January,Winter,1705
10/6/2024,21,22,Wind,280,Sunday,October,Fall,8155
5/4/2020,4,5,Wind,125,Monday,May,Spring,772
11/6/2022,5,6,Wind,310,Sunday,November,Fall,7347
8/16/2024,12,13,Solar,229,Friday,August,Summer,8933
12/15/2020,16,17,Wind,350,Tuesday,December,Winter,2633
1/4/2021,19,20,Wind,4,Monday,January,Winter,3018
2/17/2022,15,16,Wind,48,Thursday,February,Winter,14562
2/22/2020,7,8,Wind,53,Saturday,February,Winter,8585
2/3/2025,12,13,Solar,34,Monday,February,Winter,6618
5/16/2022,12,13,Solar,136,Monday,May,Spring,7824
3/20/2025,15,16,Wind,79,Thursday,March,Spring,8861
10/8/2021,17,18,Wind,281,Friday,October,Fall,6180
1/11/2025,4,5,Wind,11,Saturday,January,Winter,2047
10/29/2024,3,4,Wind,303,Tuesday,October,Fall,1443
5/25/2021,8,9,Wind,145,Tuesday,May,Spring,9963
4/20/2022,18,19,Wind,110,Wednesday,April,Spring,4079
7/28/2023,20,21,Wind,209,Friday,July,Summer,4401
1/25/2022,8,9,Wind,25,Tuesday,January,Winter,376
11/12/2024,0,1,Wind,317,Tuesday,November,Fall,8295
7/2/2021,4,5,Wind,183,Friday,July,Summer,524
4/30/2022,22,23,Wind,120,Saturday,April,Spring,4244
3/18/2024,6,7,Wind,78,Monday,March,Spring,2178
12/28/2023,23,0,Wind,362,Thursday,December,Winter,13532
4/4/2023,22,23,Wind,94,Tuesday,April,Spring,4225
6/19/2022,19,20,Wind,170,Sunday,June,Summer,7351
10/27/2021,12,13,Solar,300,Wednesday,October,Fall,5370
1/24/2025,16,17,Wind,24,Friday,January,Winter,14158
6/22/2021,21,22,Wind,173,Tuesday,June,Summer,3591
7/25/2021,18,19,Wind,206,Sunday,July,Summer,5105
12/1/2021,7,8,Wind,335,Wednesday,December,Winter,13835
3/1/2020,20,21,Wind,61,Sunday,March,Spring,8419
3/28/2024,4,5,Wind,88,Thursday,March,Spring,14967
1/3/2020,22,23,Wind,3,Friday,January,Winter,4207
11/25/2024,23,0,Wind,330,Monday,November,Fall,6573
5/5/2023,15,16,Solar,125,Friday,May,Spring,8449
4/27/2025,5,6,Wind,117,Sunday,April,Spring,4156
5/21/2024,17,18,Solar,142,Tuesday,May,Spring,6724
10/17/2023,18,19,Wind,290,Tuesday,October,Fall,7943
5/15/2023,15,16,Wind,135,Monday,May,Spring,12236
4/20/2024,7,8,Wind,111,Saturday,April,Spring,6623
4/28/2024,21,22,Wind,119,Sunday,April,Spring,3181
6/17/2022,8,9,Wind,168,Friday,June,Summer,3818
3/26/2021,16,17,Wind,85,Friday,March,Spring,10584
10/7/2023,7,8,Wind,280,Saturday,October,Fall,2231
2/2/2025,13,14,Solar,33,Sunday,February,Winter,5898
7/28/2025,6,7,Wind,209,Monday,July,Summer,3946
10/25/2025,8,9,Wind,298,Saturday,October,Fall,12427
12/2/2020,3,4,Wind,337,Wednesday,December,Winter,4378
6/10/2022,10,11,Solar,161,Friday,June,Summer,6486
11/17/2024,19,20,Wind,322,Sunday,November,Fall,5733
11/13/2022,23,0,Wind,317,Sunday,November,Fall,3184
6/17/2024,23,0,Wind,169,Monday,June,Summer,2344
10/27/2020,4,5,Wind,301,Tuesday,October,Fall,5881
5/6/2025,22,23,Wind,126,Tuesday,May,Spring,9412
7/1/2023,6,7,Wind,182,Saturday,July,Summer,7665
11/10/2023,0,1,Wind,314,Friday,November,Fall,12598
7/4/2024,15,16,Wind,186,Thursday,July,Summer,8892
6/15/2021,2,3,Wind,166,Tuesday,June,Summer,2314
8/9/2025,2,3,Wind,221,Saturday,August,Summer,1411
10/18/2023,8,9,Wind,291,Wednesday,October,Fall,11434
5/23/2022,15,16,Wind,143,Monday,May,Spring,11353
9/27/2020,6,7,Wind,271,Sunday,September,Fall,11628
4/15/2021,0,1,Wind,105,Thursday,April,Spring,5536
11/5/2023,18,19,Wind,309,Sunday,November,Fall,13494
11/3/2022,23,0,Wind,307,Thursday,November,Fall,10983
5/2/2021,11,12,Solar,122,Sunday,May,Spring,4597
2/20/2024,1,2,Wind,51,Tuesday,February,Winter,3775
7/11/2024,15,16,Solar,193,Thursday,July,Summer,6569
10/23/2025,2,3,Wind,296,Thursday,October,Fall,18020
6/26/2021,10,11,Solar,177,Saturday,June,Summer,3463
1/26/2023,7,8,Wind,26,Thursday,January,Winter,2785
4/21/2024,5,6,Wind,112,Sunday,April,Spring,5440
2/7/2024,20,21,Wind,38,Wednesday,February,Winter,10078
11/19/2023,19,20,Wind,323,Sunday,November,Fall,12727
1/14/2020,5,6,Wind,14,Tuesday,January,Winter,11947
10/10/2025,10,11,Solar,283,Friday,October,Fall,6209
5/6/2020,12,13,Solar,127,Wednesday,May,Spring,5389
6/11/2023,17,18,Solar,162,Sunday,June,Summer,5511
7/10/2020,11,12,Wind,192,Friday,July,Summer,5812
8/6/2023,18,19,Wind,218,Sunday,August,Summer,12828
9/28/2022,12,13,Solar,271,Wednesday,September,Fall,6478
4/17/2025,21,22,Wind,107,Thursday,April,Spring,2201
2/28/2023,22,23,Wind,59,Tuesday,February,Winter,7116
8/17/2020,16,17,Wind,230,Monday,August,Summer,6027
5/13/2021,16,17,Solar,133,Thursday,May,Spring,4826
8/28/2020,16,17,Wind,241,Friday,August,Summer,8440
2/28/2021,1,2,Wind,59,Sunday,February,Winter,8031
3/22/2024,10,11,Solar,82,Friday,March,Spring,7476
5/4/2022,20,21,Wind,124,Wednesday,May,Spring,1854
9/27/2022,12,13,Wind,270,Tuesday,September,Fall,12571
8/8/2025,2,3,Wind,220,Friday,August,Summer,1497
7/20/2021,20,21,Wind,201,Tuesday,July,Summer,2246
11/6/2023,16,17,Wind,310,Monday,November,Fall,9657
10/9/2022,18,19,Wind,282,Sunday,October,Fall,2019
3/3/2021,17,18,Wind,62,Wednesday,March,Spring,1043
6/27/2021,0,1,Wind,178,Sunday,June,Summer,3833
5/27/2024,12,13,Solar,148,Monday,May,Spring,6999
10/26/2021,18,19,Wind,299,Tuesday,October,Fall,2863
7/31/2020,15,16,Solar,213,Friday,July,Summer,5827
3/27/2023,16,17,Solar,86,Monday,March,Spring,7513
10/8/2023,8,9,Wind,281,Sunday,October,Fall,1493
7/4/2020,14,15,Wind,186,Saturday,July,Summer,12039
1/29/2025,23,0,Wind,29,Wednesday,January,Winter,6217
4/20/2025,23,0,Wind,110,Sunday,April,Spring,4459
9/11/2022,7,8,Wind,254,Sunday,September,Fall,587
2/15/2020,15,16,Wind,46,Saturday,February,Winter,10985
5/14/2025,23,0,Wind,134,Wednesday,May,Spring,6132
3/5/2021,10,11,Wind,64,Friday,March,Spring,7772
10/26/2023,1,2,Wind,299,Thursday,October,Fall,4909
10/24/2025,1,2,Wind,297,Friday,October,Fall,14684
10/27/2023,2,3,Wind,300,Friday,October,Fall,8268
6/16/2025,15,16,Solar,167,Monday,June,Summer,10527
1/7/2020,3,4,Wind,7,Tuesday,January,Winter,3967
7/22/2025,0,1,Wind,203,Tuesday,July,Summer,7645
3/15/2023,9,10,Solar,74,Wednesday,March,Spring,4554
10/6/2020,11,12,Wind,280,Tuesday,October,Fall,11671
10/15/2024,7,8,Wind,289,Tuesday,October,Fall,3772
2/18/2025,19,20,Wind,49,Tuesday,February,Winter,11327
11/25/2020,14,15,Wind,330,Wednesday,November,Fall,4090
5/22/2024,23,0,Wind,143,Wednesday,May,Spring,3024
1/22/2021,10,11,Wind,22,Friday,January,Winter,3354
9/10/2023,16,17,Solar,253,Sunday,September,Fall,6517
2/14/2020,19,20,Wind,45,Friday,February,Winter,4429
1/11/2022,12,13,Solar,11,Tuesday,January,Winter,5018
4/6/2022,10,11,Wind,96,Wednesday,April,Spring,7764
12/19/2020,10,11,Wind,354,Saturday,December,Winter,10892
1/24/2023,12,13,Wind,24,Tuesday,January,Winter,6696
7/1/2021,18,19,Solar,182,Thursday,July,Summer,3022
10/25/2024,12,13,Wind,299,Friday,October,Fall,6893
11/14/2021,12,13,Wind,318,Sunday,November,Fall,4665
4/17/2021,4,5,Wind,107,Saturday,April,Spring,4834
8/6/2024,22,23,Wind,219,Tuesday,August,Summer,2097
8/23/2024,2,3,Wind,236,Friday,August,Summer,9509
2/26/2023,17,18,Wind,57,Sunday,February,Winter,18051
1/7/2023,5,6,Wind,7,Saturday,January,Winter,10262
6/3/2020,23,0,Wind,155,Wednesday,June,Summer,3683
10/11/2024,17,18,Solar,285,Friday,October,Fall,3556
9/26/2020,9,10,Wind,270,Saturday,September,Fall,11246
6/11/2020,22,23,Wind,163,Thursday,June,Summer,3909
1/28/2020,10,11,Wind,28,Tuesday,January,Winter,12987
1/21/2025,0,1,Wind,21,Tuesday,January,Winter,1210
2/7/2023,11,12,Wind,38,Tuesday,February,Winter,9517
8/17/2024,22,23,Wind,230,Saturday,August,Summer,2408
4/7/2020,19,20,Wind,98,Tuesday,April,Spring,1971
11/18/2021,8,9,Wind,322,Thursday,November,Fall,1817
10/19/2020,18,19,Wind,293,Monday,October,Fall,6659
10/13/2025,17,18,Wind,286,Monday,October,Fall,9362
1/18/2024,8,9,Wind,18,Thursday,January,Winter,7755
12/9/2020,3,4,Wind,344,Wednesday,December,Winter,2518
5/18/2022,11,12,Solar,138,Wednesday,May,Spring,5814
11/26/2021,14,15,Wind,330,Friday,November,Fall,12653
4/21/2022,4,5,Wind,111,Thursday,April,Spring,3354
11/16/2021,17,18,Wind,320,Tuesday,November,Fall,997
3/3/2025,2,3,Wind,62,Monday,March,Spring,3177
11/15/2021,22,23,Wind,319,Monday,November,Fall,1190
1/28/2024,22,23,Wind,28,Sunday,January,Winter,9203
11/24/2020,15,16,Wind,329,Tuesday,November,Fall,3478
12/28/2020,10,11,Wind,363,Monday,December,Winter,8666
5/26/2021,17,18,Wind,146,Wednesday,May,Spring,8501
3/20/2023,12,13,Solar,79,Monday,March,Spring,8613
9/29/2023,0,1,Wind,272,Friday,September,Fall,6503
5/28/2024,12,13,Wind,149,Tuesday,May,Spring,12992
5/7/2023,4,5,Wind,127,Sunday,May,Spring,1644
3/7/2020,13,14,Wind,67,Saturday,March,Spring,5851
8/21/2025,18,19,Wind,233,Thursday,August,Summer,9974
8/16/2023,7,8,Wind,228,Wednesday,August,Summer,2047
11/14/2020,17,18,Wind,319,Saturday,November,Fall,9187
6/9/2024,9,10,Solar,161,Sunday,June,Summer,2265
4/28/2024,14,15,Wind,119,Sunday,April,Spring,7361
10/20/2025,1,2,Wind,293,Monday,October,Fall,13116
6/10/2025,22,23,Wind,161,Tuesday,June,Summer,1822
8/25/2022,10,11,Solar,237,Thursday,August,Summer,4870
7/11/2025,13,14,Solar,192,Friday,July,Summer,13057
6/19/2020,8,9,Solar,171,Friday,June,Summer,2120
10/2/2023,1,2,Wind,275,Monday,October,Fall,2511
12/24/2024,6,7,Wind,359,Tuesday,December,Winter,3087
6/21/2024,18,19,Wind,173,Friday,June,Summer,8537
11/10/2024,3,4,Wind,315,Sunday,November,Fall,699
6/9/2024,16,17,Solar,161,Sunday,June,Summer,4699
9/16/2020,10,11,Solar,260,Wednesday,September,Fall,2486
4/19/2020,0,1,Wind,110,Sunday,April,Spring,1476
5/22/2020,4,5,Wind,143,Friday,May,Spring,3981
1/13/2021,14,15,Wind,13,Wednesday,January,Winter,8363
8/26/2020,22,23,Wind,239,Wednesday,August,Summer,2102
1/3/2023,15,16,Wind,3,Tuesday,January,Winter,9035
6/1/2024,0,1,Wind,153,Saturday,June,Summer,6325
12/27/2021,4,5,Wind,361,Monday,December,Winter,4859
3/10/2020,19,20,Wind,70,Tuesday,March,Spring,11560
1/12/2024,10,11,Wind,12,Friday,January,Winter,7101
5/13/2025,3,4,Wind,133,Tuesday,May,Spring,778
7/11/2023,12,13,Solar,192,Tuesday,July,Summer,9090
5/2/2024,22,23,Wind,123,Thursday,May,Spring,10099
4/11/2024,15,16,Solar,102,Thursday,April,Spring,7830
4/2/2024,3,4,Wind,93,Tuesday,April,Spring,12881
1/5/2020,20,21,Wind,5,Sunday,January,Winter,1866
5/6/2025,2,3,Wind,126,Tuesday,May,Spring,10973
11/1/2024,11,12,Solar,306,Friday,November,Fall,5193
11/5/2021,11,12,Solar,309,Friday,November,Fall,4471
1/23/2022,14,15,Solar,23,Sunday,January,Winter,5443
7/12/2021,6,7,Wind,193,Monday,July,Summer,2449
12/17/2021,9,10,Wind,351,Friday,December,Winter,7522
4/12/2025,10,11,Wind,102,Saturday,April,Spring,9316
12/2/2022,22,23,Wind,336,Friday,December,Winter,6777
12/26/2023,15,16,Wind,360,Tuesday,December,Winter,4387
1/11/2024,22,23,Wind,11,Thursday,January,Winter,7264
1/30/2022,8,9,Wind,30,Sunday,January,Winter,1935
5/9/2021,0,1,Wind,129,Sunday,May,Spring,6909
6/8/2024,8,9,Solar,160,Saturday,June,Summer,3057
1/3/2022,3,4,Wind,3,Monday,January,Winter,9945
3/23/2021,2,3,Wind,82,Tuesday,March,Spring,2209
12/24/2020,6,7,Wind,359,Thursday,December,Winter,10656
10/10/2024,19,20,Wind,284,Thursday,October,Fall,3695
5/6/2023,12,13,Solar,126,Saturday,May,Spring,6882
6/26/2021,4,5,Wind,177,Saturday,June,Summer,185
9/17/2025,21,22,Wind,260,Wednesday,September,Fall,2855
4/24/2023,16,17,Wind,114,Monday,April,Spring,9691
9/6/2020,10,11,Solar,250,Sunday,September,Fall,3044
9/6/2023,5,6,Wind,249,Wednesday,September,Fall,2295
4/17/2020,2,3,Wind,108,Friday,April,Spring,2140
3/20/2025,16,17,Wind,79,Thursday,March,Spring,7679
7/16/2021,11,12,Wind,197,Friday,July,Summer,6977
3/18/2025,10,11,Wind,77,Tuesday,March,Spring,15177
9/25/2025,17,18,Wind,268,Thursday,September,Fall,4486
2/22/2024,23,0,Wind,53,Thursday,February,Winter,15643
6/20/2022,13,14,Solar,171,Monday,June,Summer,7456
6/12/2022,8,9,Solar,163,Sunday,June,Summer,3007
3/9/2023,18,19,Wind,68,Thursday,March,Spring,13804
5/9/2022,6,7,Wind,129,Monday,May,Spring,2226
5/5/2024,7,8,Wind,126,Sunday,May,Spring,2579
12/4/2023,7,8,Wind,338,Monday,December,Winter,13712
8/4/2023,14,15,Solar,216,Friday,August,Summer,9711
4/6/2020,3,4,Wind,97,Monday,April,Spring,8031
9/15/2024,5,6,Wind,259,Sunday,September,Fall,3382
4/5/2021,3,4,Wind,95,Monday,April,Spring,3346
1/27/2024,3,4,Wind,27,Saturday,January,Winter,2096
3/12/2023,4,5,Wind,71,Sunday,March,Spring,6830
6/8/2022,21,22,Wind,159,Wednesday,June,Summer,6976
2/17/2021,13,14,Wind,48,Wednesday,February,Winter,11476
8/16/2020,1,2,Wind,229,Sunday,August,Summer,2149
7/7/2020,12,13,Solar,189,Tuesday,July,Summer,5078
10/31/2023,13,14,Wind,304,Tuesday,October,Fall,12274
2/11/2024,20,21,Wind,42,Sunday,February,Winter,8630
6/12/2025,10,11,Solar,163,Thursday,June,Summer,9373
10/28/2024,4,5,Wind,302,Monday,October,Fall,1027
7/11/2022,23,0,Wind,192,Monday,July,Summer,4311
12/25/2023,19,20,Wind,359,Monday,December,Winter,12990
3/27/2022,12,13,Solar,86,Sunday,March,Spring,6255
2/14/2022,23,0,Wind,45,Monday,February,Winter,6512
1/29/2025,6,7,Wind,29,Wednesday,January,Winter,12896
3/12/2021,0,1,Wind,71,Friday,March,Spring,12379
7/5/2022,2,3,Wind,186,Tuesday,July,Summer,3640
8/19/2021,13,14,Solar,231,Thursday,August,Summer,4835
8/5/2025,12,13,Solar,217,Tuesday,August,Summer,7071
8/28/2024,22,23,Wind,241,Wednesday,August,Summer,2348
12/27/2021,16,17,Wind,361,Monday,December,Winter,9445
9/18/2021,2,3,Wind,261,Saturday,September,Fall,1168
9/23/2025,14,15,Wind,266,Tuesday,September,Fall,13351
3/20/2020,6,7,Wind,80,Friday,March,Spring,3577
4/27/2020,17,18,Wind,118,Monday,April,Spring,2626
3/22/2025,16,17,Wind,81,Saturday,March,Spring,7212
6/12/2020,4,5,Wind,164,Friday,June,Summer,4286
9/12/2020,1,2,Wind,256,Saturday,September,Fall,1147
4/18/2021,11,12,Solar,108,Sunday,April,Spring,5661
7/10/2024,13,14,Solar,192,Wednesday,July,Summer,10399
10/7/2023,6,7,Wind,280,Saturday,October,Fall,1898
12/8/2024,8,9,Wind,343,Sunday,December,Winter,17304
3/17/2024,4,5,Wind,77,Sunday,March,Spring,3960
9/19/2023,3,4,Wind,262,Tuesday,September,Fall,3900
10/21/2020,9,10,Wind,295,Wednesday,October,Fall,13322
9/16/2025,16,17,Wind,259,Tuesday,September,Fall,13968
7/8/2022,18,19,Wind,189,Friday,July,Summer,6914
8/29/2022,20,21,Wind,241,Monday,August,Summer,3839
3/7/2024,9,10,Wind,67,Thursday,March,Spring,9031
6/16/2021,19,20,Wind,167,Wednesday,June,Summer,1787
10/21/2020,10,11,Wind,295,Wednesday,October,Fall,14414
1/10/2025,6,7,Wind,10,Friday,January,Winter,3643
3/27/2024,23,0,Wind,87,Wednesday,March,Spring,13594
1/20/2022,19,20,Wind,20,Thursday,January,Winter,5272
10/23/2023,20,21,Wind,296,Monday,October,Fall,4431
11/13/2023,2,3,Wind,317,Monday,November,Fall,10550
10/24/2023,13,14,Wind,297,Tuesday,October,Fall,9197
9/13/2024,15,16,Solar,257,Friday,September,Fall,11435
5/8/2025,3,4,Wind,128,Thursday,May,Spring,5647
6/26/2023,12,13,Solar,177,Monday,June,Summer,9710
8/17/2024,16,17,Solar,230,Saturday,August,Summer,5446
3/9/2022,15,16,Wind,68,Wednesday,March,Spring,7922
11/29/2020,4,5,Wind,334,Sunday,November,Fall,4505
5/23/2020,19,20,Wind,144,Saturday,May,Spring,7295
11/4/2022,23,0,Wind,308,Friday,November,Fall,4294
6/2/2024,23,0,Wind,154,Sunday,June,Summer,3481
12/16/2024,10,11,Wind,351,Monday,December,Winter,7735
2/6/2021,20,21,Wind,37,Saturday,February,Winter,5019
11/9/2021,23,0,Wind,313,Tuesday,November,Fall,871
5/12/2022,0,1,Wind,132,Thursday,May,Spring,5274
5/11/2020,18,19,Wind,132,Monday,May,Spring,11450
3/11/2021,10,11,Wind,70,Thursday,March,Spring,15343
7/19/2021,17,18,Wind,200,Monday,July,Summer,7420
7/11/2020,18,19,Wind,193,Saturday,July,Summer,4848
3/20/2024,20,21,Wind,80,Wednesday,March,Spring,1807
1/29/2025,5,6,Wind,29,Wednesday,January,Winter,13127
2/4/2024,3,4,Wind,35,Sunday,February,Winter,6061
3/2/2025,12,13,Solar,61,Sunday,March,Spring,12731
2/6/2025,2,3,Wind,37,Thursday,February,Winter,3446
9/12/2024,22,23,Wind,256,Thursday,September,Fall,3733
4/22/2020,0,1,Wind,113,Wednesday,April,Spring,4913
11/2/2020,10,11,Wind,307,Monday,November,Fall,12708
9/17/2022,17,18,Wind,260,Saturday,September,Fall,8890
4/20/2025,8,9,Wind,110,Sunday,April,Spring,8177
1/25/2021,16,17,Wind,25,Monday,January,Winter,4070
12/4/2020,8,9,Wind,339,Friday,December,Winter,9046
8/1/2023,15,16,Wind,213,Tuesday,August,Summer,16234
10/31/2022,23,0,Wind,304,Monday,October,Fall,12858
11/12/2022,12,13,Solar,316,Saturday,November,Fall,5376
8/20/2023,16,17,Solar,232,Sunday,August,Summer,6206
6/14/2023,21,22,Wind,165,Wednesday,June,Summer,3516
4/23/2022,11,12,Wind,113,Saturday,April,Spring,7331
10/2/2023,18,19,Wind,275,Monday,October,Fall,4842
1/3/2024,18,19,Wind,3,Wednesday,January,Winter,18044
10/14/2021,8,9,Wind,287,Thursday,October,Fall,2391
1/12/2020,7,8,Wind,12,Sunday,January,Winter,7395
7/8/2023,18,19,Solar,189,Saturday,July,Summer,4324
4/6/2025,18,19,Wind,96,Sunday,April,Spring,10223
11/1/2021,4,5,Wind,305,Monday,November,Fall,8718
4/20/2023,13,14,Wind,110,Thursday,April,Spring,12448
6/29/2024,23,0,Wind,181,Saturday,June,Summer,3681
11/28/2022,19,20,Wind,332,Monday,November,Fall,3265
3/10/2024,4,5,Wind,70,Sunday,March,Spring,2756
3/28/2021,3,4,Wind,87,Sunday,March,Spring,3508
8/25/2023,1,2,Wind,237,Friday,August,Summer,2215
10/19/2021,22,23,Wind,292,Tuesday,October,Fall,10753
9/2/2024,9,10,Solar,246,Monday,September,Fall,4316
5/23/2023,7,8,Wind,143,Tuesday,May,Spring,6042
5/3/2020,4,5,Wind,124,Sunday,May,Spring,1977
5/9/2024,4,5,Wind,130,Thursday,May,Spring,3813
5/17/2024,8,9,Solar,138,Friday,May,Spring,3361
2/12/2023,6,7,Wind,43,Sunday,February,Winter,2940
7/29/2025,16,17,Solar,210,Tuesday,July,Summer,10808
9/29/2021,23,0,Wind,272,Wednesday,September,Fall,2764
7/4/2020,20,21,Wind,186,Saturday,July,Summer,7973
12/27/2022,20,21,Wind,361,Tuesday,December,Winter,9837
11/12/2024,5,6,Wind,317,Tuesday,November,Fall,9736
9/6/2022,22,23,Wind,249,Tuesday,September,Fall,2980
11/26/2025,11,12,Solar,330,Wednesday,November,Fall,6772
5/20/2020,13,14,Solar,141,Wednesday,May,Spring,5433
8/30/2025,5,6,Wind,242,Saturday,August,Summer,4447
4/14/2024,17,18,Solar,105,Sunday,April,Spring,5047
9/30/2021,16,17,Wind,273,Thursday,September,Fall,6986
8/25/2024,2,3,Wind,238,Sunday,August,Summer,6839
3/23/2024,17,18,Wind,83,Saturday,March,Spring,15588
3/7/2022,14,15,Wind,66,Monday,March,Spring,10522
8/29/2021,13,14,Solar,241,Sunday,August,Summer,7380
5/3/2020,16,17,Solar,124,Sunday,May,Spring,4316
3/4/2025,6,7,Wind,63,Tuesday,March,Spring,2904
8/19/2022,19,20,Wind,231,Friday,August,Summer,4511
11/5/2024,21,22,Wind,310,Tuesday,November,Fall,91
11/26/2020,13,14,Solar,331,Thursday,November,Fall,3501
11/22/2023,20,21,Wind,326,Wednesday,November,Fall,4282
3/30/2021,6,7,Wind,89,Tuesday,March,Spring,2984
9/25/2025,7,8,Wind,268,Thursday,September,Fall,3047
8/31/2022,10,11,Solar,243,Wednesday,August,Summer,4337
1/15/2024,8,9,Wind,15,Monday,January,Winter,3779
8/19/2022,6,7,Wind,231,Friday,August,Summer,2570
7/17/2022,11,12,Solar,198,Sunday,July,Summer,8145
2/14/2022,8,9,Wind,45,Monday,February,Winter,11199
12/7/2020,0,1,Wind,342,Monday,December,Winter,1051
1/3/2025,20,21,Wind,3,Friday,January,Winter,3705
10/10/2024,6,7,Wind,284,Thursday,October,Fall,8274
7/13/2024,19,20,Solar,195,Saturday,July,Summer,2289
10/13/2021,10,11,Solar,286,Wednesday,October,Fall,4051
2/19/2021,7,8,Wind,50,Friday,February,Winter,5554
3/8/2025,20,21,Wind,67,Saturday,March,Spring,12639
11/3/2020,22,23,Wind,308,Tuesday,November,Fall,3571
6/6/2024,22,23,Wind,158,Thursday,June,Summer,2561
9/30/2024,16,17,Wind,274,Monday,September,Fall,11102
4/11/2020,2,3,Wind,102,Saturday,April,Spring,3011
6/29/2022,8,9,Solar,180,Wednesday,June,Summer,2385
6/15/2021,8,9,Solar,166,Tuesday,June,Summer,2124
8/14/2022,2,3,Wind,226,Sunday,August,Summer,4666
5/5/2022,3,4,Wind,125,Thursday,May,Spring,2050
8/7/2022,20,21,Wind,219,Sunday,August,Summer,6195
8/31/2024,16,17,Solar,244,Saturday,August,Summer,7347
6/23/2022,18,19,Wind,174,Thursday,June,Summer,3896
8/10/2025,7,8,Wind,222,Sunday,August,Summer,3182
6/7/2020,6,7,Wind,159,Sunday,June,Summer,2147
1/1/2021,4,5,Wind,1,Friday,January,Winter,998
1/25/2021,2,3,Wind,25,Monday,January,Winter,6191
8/20/2022,23,0,Wind,232,Saturday,August,Summer,981
3/8/2021,22,23,Wind,67,Monday,March,Spring,2943
10/11/2023,23,0,Wind,284,Wednesday,October,Fall,7262
12/31/2020,1,2,Wind,366,Thursday,December,Winter,5746
3/31/2021,9,10,Wind,90,Wednesday,March,Spring,3600
8/23/2020,13,14,Wind,236,Sunday,August,Summer,8729
12/1/2021,21,22,Wind,335,Wednesday,December,Winter,5719
1/11/2024,14,15,Wind,11,Thursday,January,Winter,8407
4/19/2022,21,22,Wind,109,Tuesday,April,Spring,4160
7/30/2023,22,23,Wind,211,Sunday,July,Summer,5928
5/20/2025,18,19,Wind,140,Tuesday,May,Spring,8914
6/13/2025,17,18,Solar,164,Friday,June,Summer,8341
4/30/2025,12,13,Solar,120,Wednesday,April,Spring,5410
7/6/2022,14,15,Solar,187,Wednesday,July,Summer,7868
6/7/2020,10,11,Solar,159,Sunday,June,Summer,3437
2/19/2021,16,17,Wind,50,Friday,February,Winter,6776
5/11/2024,0,1,Wind,132,Saturday,May,Spring,6497
7/7/2021,12,13,Solar,188,Wednesday,July,Summer,5172
7/20/2020,14,15,Solar,202,Monday,July,Summer,5919
2/24/2025,16,17,Wind,55,Monday,February,Winter,9544
4/15/2020,20,21,Wind,106,Wednesday,April,Spring,3450
6/2/2023,6,7,Wind,153,Friday,June,Summer,7517
1/19/2023,2,3,Wind,19,Thursday,January,Winter,3478
11/16/2021,19,20,Wind,320,Tuesday,November,Fall,1157
7/1/2025,4,5,Wind,182,Tuesday,July,Summer,1055
2/21/2023,9,10,Wind,52,Tuesday,February,Winter,3045
8/9/2024,7,8,Wind,222,Friday,August,Summer,5677
3/25/2020,9,10,Wind,85,Wednesday,March,Spring,4738
9/19/2024,15,16,Wind,263,Thursday,September,Fall,15959
8/24/2025,21,22,Wind,236,Sunday,August,Summer,3236
3/4/2022,18,19,Wind,63,Friday,March,Spring,3151
7/21/2023,21,22,Wind,202,Friday,July,Summer,3094
7/4/2025,18,19,Solar,185,Friday,July,Summer,5949
1/3/2024,7,8,Wind,3,Wednesday,January,Winter,17121
9/14/2025,18,19,Wind,257,Sunday,September,Fall,13786
6/30/2024,2,3,Wind,182,Sunday,June,Summer,3727
12/19/2023,16,17,Wind,353,Tuesday,December,Winter,12111
3/26/2022,13,14,Wind,85,Saturday,March,Spring,13203
2/9/2021,5,6,Wind,40,Tuesday,February,Winter,1784
2/5/2025,3,4,Wind,36,Wednesday,February,Winter,2214
5/31/2025,5,6,Wind,151,Saturday,May,Spring,1059
10/31/2021,7,8,Wind,304,Sunday,October,Fall,10139
4/27/2025,14,15,Solar,117,Sunday,April,Spring,4067
2/13/2022,21,22,Wind,44,Sunday,February,Winter,15035
6/23/2024,5,6,Wind,175,Sunday,June,Summer,2326
4/21/2025,11,12,Solar,111,Monday,April,Spring,8025
3/16/2021,5,6,Wind,75,Tuesday,March,Spring,3210
4/29/2023,2,3,Wind,119,Saturday,April,Spring,1638
12/23/2022,20,21,Wind,357,Friday,December,Winter,12401
1/30/2021,16,17,Wind,30,Saturday,January,Winter,6987
7/30/2020,1,2,Wind,212,Thursday,July,Summer,2163
5/5/2021,18,19,Wind,125,Wednesday,May,Spring,8828
2/4/2021,23,0,Wind,35,Thursday,February,Winter,3467
1/19/2021,9,10,Wind,19,Tuesday,January,Winter,11722
7/21/2023,23,0,Wind,202,Friday,July,Summer,3035
6/8/2023,4,5,Wind,159,Thursday,June,Summer,4806
5/14/2023,21,22,Wind,134,Sunday,May,Spring,3817
6/19/2025,6,7,Wind,170,Thursday,June,Summer,4893
5/18/2023,10,11,Solar,138,Thursday,May,Spring,7144
2/15/2025,7,8,Wind,46,Saturday,February,Winter,5705
11/20/2024,12,13,Wind,325,Wednesday,November,Fall,9330
9/22/2020,15,16,Solar,266,Tuesday,September,Fall,2638
12/15/2024,17,18,Wind,350,Sunday,December,Winter,8504
11/20/2024,8,9,Wind,325,Wednesday,November,Fall,5746
6/14/2023,0,1,Wind,165,Wednesday,June,Summer,4779
3/11/2022,17,18,Wind,70,Friday,March,Spring,11304
4/28/2023,18,19,Wind,118,Friday,April,Spring,6113
4/1/2024,14,15,Wind,92,Monday,April,Spring,9631
9/13/2023,14,15,Solar,256,Wednesday,September,Fall,5717
5/29/2021,10,11,Solar,149,Saturday,May,Spring,4347
4/1/2024,19,20,Wind,92,Monday,April,Spring,9379
12/3/2021,2,3,Wind,337,Friday,December,Winter,2724
11/9/2023,18,19,Wind,313,Thursday,November,Fall,13237
1/13/2023,7,8,Wind,13,Friday,January,Winter,14510
1/22/2023,8,9,Wind,22,Sunday,January,Winter,5974
4/13/2020,7,8,Wind,104,Monday,April,Spring,5354
6/29/2022,3,4,Wind,180,Wednesday,June,Summer,1211
4/29/2020,20,21,Wind,120,Wednesday,April,Spring,6006
10/5/2021,14,15,Wind,278,Tuesday,October,Fall,12713
8/27/2025,8,9,Wind,239,Wednesday,August,Summer,3210
6/23/2023,4,5,Wind,174,Friday,June,Summer,1872
5/4/2021,4,5,Wind,124,Tuesday,May,Spring,13020
5/3/2021,3,4,Wind,123,Monday,May,Spring,632
9/10/2023,2,3,Wind,253,Sunday,September,Fall,3759
7/22/2024,10,11,Solar,204,Monday,July,Summer,7974
6/20/2020,20,21,Wind,172,Saturday,June,Summer,1472
9/1/2024,1,2,Wind,245,Sunday,September,Fall,4179
8/7/2023,15,16,Solar,219,Monday,August,Summer,9917
8/9/2022,19,20,Wind,221,Tuesday,August,Summer,7289
5/11/2021,0,1,Wind,131,Tuesday,May,Spring,2157
2/5/2021,23,0,Wind,36,Friday,February,Winter,2434
11/23/2024,14,15,Wind,328,Saturday,November,Fall,19392
2/4/2025,18,19,Wind,35,Tuesday,February,Winter,3899
12/24/2020,0,1,Wind,359,Thursday,December,Winter,11579
6/19/2023,11,12,Solar,170,Monday,June,Summer,5286
2/24/2024,6,7,Wind,55,Saturday,February,Winter,7785
11/20/2023,20,21,Wind,324,Monday,November,Fall,8192
10/26/2021,10,11,Wind,299,Tuesday,October,Fall,3866
9/3/2021,18,19,Solar,246,Friday,September,Fall,1713
8/21/2022,2,3,Wind,233,Sunday,August,Summer,603
5/17/2024,22,23,Wind,138,Friday,May,Spring,897
3/5/2024,20,21,Wind,65,Tuesday,March,Spring,3263
5/24/2023,7,8,Wind,144,Wednesday,May,Spring,5947
9/13/2020,12,13,Solar,257,Sunday,September,Fall,3974
10/7/2021,2,3,Wind,280,Thursday,October,Fall,1888
10/26/2025,3,4,Wind,299,Sunday,October,Fall,9730
11/13/2024,19,20,Wind,318,Wednesday,November,Fall,5232
3/5/2025,0,1,Wind,64,Wednesday,March,Spring,2433
3/17/2022,0,1,Wind,76,Thursday,March,Spring,5222
11/3/2022,8,9,Wind,307,Thursday,November,Fall,10595
4/22/2023,18,19,Wind,112,Saturday,April,Spring,6589
9/6/2024,15,16,Solar,250,Friday,September,Fall,6409
8/23/2021,17,18,Wind,235,Monday,August,Summer,7555
2/6/2020,14,15,Solar,37,Thursday,February,Winter,4784
10/24/2020,21,22,Wind,298,Saturday,October,Fall,11731
4/6/2021,9,10,Wind,96,Tuesday,April,Spring,4798
11/12/2020,3,4,Wind,317,Thursday,November,Fall,7385
4/22/2021,5,6,Wind,112,Thursday,April,Spring,5855
6/18/2021,22,23,Wind,169,Friday,June,Summer,3480
12/6/2022,21,22,Wind,340,Tuesday,December,Winter,2155
11/17/2021,4,5,Wind,321,Wednesday,November,Fall,1951
10/18/2025,10,11,Solar,291,Saturday,October,Fall,8416
4/15/2020,2,3,Wind,106,Wednesday,April,Spring,6207
2/17/2020,22,23,Wind,48,Monday,February,Winter,10239
3/16/2025,4,5,Wind,75,Sunday,March,Spring,8436
5/9/2021,3,4,Wind,129,Sunday,May,Spring,7771
8/12/2020,8,9,Wind,225,Wednesday,August,Summer,2236
10/13/2021,22,23,Wind,286,Wednesday,October,Fall,2205
9/11/2024,21,22,Wind,255,Wednesday,September,Fall,5700
11/7/2024,8,9,Wind,312,Thursday,November,Fall,2657
3/31/2020,23,0,Wind,91,Tuesday,March,Spring,7111
10/18/2023,9,10,Wind,291,Wednesday,October,Fall,11888
12/30/2021,5,6,Wind,364,Thursday,December,Winter,8676
6/5/2021,9,10,Solar,156,Saturday,June,Summer,4441
2/18/2024,14,15,Wind,49,Sunday,February,Winter,13623
8/7/2020,11,12,Solar,220,Friday,August,Summer,3922
2/12/2024,22,23,Wind,43,Monday,February,Winter,3745
3/9/2024,4,5,Wind,69,Saturday,March,Spring,11240
9/5/2022,8,9,Wind,248,Monday,September,Fall,3208
10/14/2020,3,4,Wind,288,Wednesday,October,Fall,1902
10/12/2023,13,14,Solar,285,Thursday,October,Fall,9093
12/20/2023,0,1,Wind,354,Wednesday,December,Winter,9136
11/28/2021,22,23,Wind,332,Sunday,November,Fall,5114
8/29/2024,3,4,Wind,242,Thursday,August,Summer,2495
4/22/2023,9,10,Wind,112,Saturday,April,Spring,6597
10/2/2024,14,15,Solar,276,Wednesday,October,Fall,5400
5/25/2023,11,12,Wind,145,Thursday,May,Spring,14511
1/21/2024,17,18,Wind,21,Sunday,January,Winter,14481
5/21/2020,0,1,Wind,142,Thursday,May,Spring,2748
3/4/2023,18,19,Wind,63,Saturday,March,Spring,3131
3/21/2022,9,10,Wind,80,Monday,March,Spring,5460
1/2/2023,10,11,Wind,2,Monday,January,Winter,5987
1/20/2023,20,21,Wind,20,Friday,January,Winter,5467
7/22/2023,7,8,Wind,203,Saturday,July,Summer,2381
11/17/2025,9,10,Wind,321,Monday,November,Fall,8893
1/15/2025,22,23,Wind,15,Wednesday,January,Winter,3441
10/15/2023,18,19,Wind,288,Sunday,October,Fall,3213
7/5/2024,15,16,Solar,187,Friday,July,Summer,11741
8/15/2024,17,18,Solar,228,Thursday,August,Summer,8514
10/1/2021,13,14,Wind,274,Friday,October,Fall,9911
1/21/2022,4,5,Wind,21,Friday,January,Winter,4963
12/19/2022,7,8,Wind,353,Monday,December,Winter,13202
8/13/2025,5,6,Wind,225,Wednesday,August,Summer,1029
12/22/2021,9,10,Wind,356,Wednesday,December,Winter,3623
5/26/2025,17,18,Wind,146,Monday,May,Spring,10107
3/19/2024,21,22,Wind,79,Tuesday,March,Spring,1227
1/17/2022,1,2,Wind,17,Monday,January,Winter,1358
10/15/2023,19,20,Wind,288,Sunday,October,Fall,3573
2/16/2025,12,13,Solar,47,Sunday,February,Winter,8762
10/7/2022,2,3,Wind,280,Friday,October,Fall,1154
9/15/2021,4,5,Wind,258,Wednesday,September,Fall,1977
3/6/2025,22,23,Wind,65,Thursday,March,Spring,10880
12/9/2021,15,16,Wind,343,Thursday,December,Winter,5400
1/2/2023,0,1,Wind,2,Monday,January,Winter,11969
4/17/2021,23,0,Wind,107,Saturday,April,Spring,5520
7/30/2021,2,3,Wind,211,Friday,July,Summer,1817
8/24/2020,19,20,Wind,237,Monday,August,Summer,1914
5/15/2020,3,4,Wind,136,Friday,May,Spring,7329
11/24/2023,16,17,Wind,328,Friday,November,Fall,11600
9/6/2023,22,23,Wind,249,Wednesday,September,Fall,3137
11/3/2025,16,17,Wind,307,Monday,November,Fall,8685
10/27/2025,16,17,Wind,300,Monday,October,Fall,15610
6/28/2025,0,1,Wind,179,Saturday,June,Summer,1627
6/10/2025,3,4,Wind,161,Tuesday,June,Summer,1674
5/31/2022,2,3,Wind,151,Tuesday,May,Spring,1818
10/14/2020,14,15,Wind,288,Wednesday,October,Fall,7046
8/14/2023,7,8,Wind,226,Monday,August,Summer,2587
7/23/2020,4,5,Wind,205,Thursday,July,Summer,1527
4/16/2022,12,13,Solar,106,Saturday,April,Spring,10869
4/16/2025,18,19,Wind,106,Wednesday,April,Spring,4853
6/5/2021,0,1,Wind,156,Saturday,June,Summer,2191
4/24/2020,22,23,Wind,115,Friday,April,Spring,2176
11/23/2023,12,13,Wind,327,Thursday,November,Fall,7931
11/10/2023,4,5,Wind,314,Friday,November,Fall,12591
9/24/2024,9,10,Wind,268,Tuesday,September,Fall,8855
2/22/2025,15,16,Wind,53,Saturday,February,Winter,10495
5/5/2025,5,6,Wind,125,Monday,May,Spring,9828
3/5/2025,10,11,Solar,64,Wednesday,March,Spring,8585
6/28/2024,4,5,Wind,180,Friday,June,Summer,3214
10/16/2020,11,12,Wind,290,Friday,October,Fall,4358
1/6/2023,5,6,Wind,6,Friday,January,Winter,7744
9/5/2022,5,6,Wind,248,Monday,September,Fall,2599
11/25/2022,12,13,Wind,329,Friday,November,Fall,6116
12/14/2020,0,1,Wind,349,Monday,December,Winter,9700
12/23/2023,9,10,Wind,357,Saturday,December,Winter,14222
10/4/2022,19,20,Wind,277,Tuesday,October,Fall,937
8/26/2020,7,8,Wind,239,Wednesday,August,Summer,8615
10/7/2023,2,3,Wind,280,Saturday,October,Fall,1790
1/26/2020,9,10,Wind,26,Sunday,January,Winter,3118
1/5/2022,20,21,Wind,5,Wednesday,January,Winter,4018
11/26/2025,20,21,Wind,330,Wednesday,November,Fall,2920
6/15/2022,22,23,Wind,166,Wednesday,June,Summer,2879
9/26/2021,1,2,Wind,269,Sunday,September,Fall,2233
7/28/2023,21,22,Wind,209,Friday,July,Summer,3768
6/4/2022,8,9,Wind,155,Saturday,June,Summer,3189
1/10/2020,10,11,Wind,10,Friday,January,Winter,6407
9/30/2024,4,5,Wind,274,Monday,September,Fall,12240
10/1/2024,5,6,Wind,275,Tuesday,October,Fall,7834
11/18/2025,21,22,Wind,322,Tuesday,November,Fall,8784
4/3/2024,23,0,Wind,94,Wednesday,April,Spring,11683
10/31/2025,2,3,Wind,304,Friday,October,Fall,10049
2/22/2025,2,3,Wind,53,Saturday,February,Winter,10894
7/27/2023,14,15,Wind,208,Thursday,July,Summer,16122
9/17/2024,18,19,Wind,261,Tuesday,September,Fall,13680
12/6/2021,10,11,Wind,340,Monday,December,Winter,3931
11/25/2023,2,3,Wind,329,Saturday,November,Fall,8586
2/26/2021,10,11,Wind,57,Friday,February,Winter,3948
7/3/2020,23,0,Wind,185,Friday,July,Summer,2522
3/19/2024,1,2,Wind,79,Tuesday,March,Spring,1178
11/12/2021,12,13,Solar,316,Friday,November,Fall,4637
9/20/2023,16,17,Wind,263,Wednesday,September,Fall,14551
1/23/2022,16,17,Wind,23,Sunday,January,Winter,3865
9/30/2024,12,13,Wind,274,Monday,September,Fall,20041
11/11/2020,22,23,Wind,316,Wednesday,November,Fall,7638
1/17/2021,4,5,Wind,17,Sunday,January,Winter,5008
11/26/2020,6,7,Wind,331,Thursday,November,Fall,2436
9/14/2023,5,6,Wind,257,Thursday,September,Fall,710
12/17/2020,7,8,Wind,352,Thursday,December,Winter,5368
11/10/2022,17,18,Wind,314,Thursday,November,Fall,3142
7/2/2022,22,23,Wind,183,Saturday,July,Summer,1832
3/17/2023,9,10,Wind,76,Friday,March,Spring,9108
3/29/2023,12,13,Solar,88,Wednesday,March,Spring,9902
6/27/2025,11,12,Solar,178,Friday,June,Summer,9500
2/9/2025,5,6,Wind,40,Sunday,February,Winter,3088
9/18/2020,14,15,Wind,262,Friday,September,Fall,6021
11/18/2024,7,8,Wind,323,Monday,November,Fall,9481
4/19/2022,11,12,Solar,109,Tuesday,April,Spring,4623
11/27/2020,10,11,Wind,332,Friday,November,Fall,2632
11/16/2020,11,12,Wind,321,Monday,November,Fall,9214
2/12/2020,2,3,Wind,43,Wednesday,February,Winter,9274
7/15/2021,0,1,Wind,196,Thursday,July,Summer,7907
11/27/2025,4,5,Wind,331,Thursday,November,Fall,6967
8/5/2024,14,15,Solar,218,Monday,August,Summer,8671
5/16/2021,20,21,Wind,136,Sunday,May,Spring,9142
2/24/2021,21,22,Wind,55,Wednesday,February,Winter,6699
3/5/2020,6,7,Wind,65,Thursday,March,Spring,5871
6/3/2024,1,2,Wind,155,Monday,June,Summer,3047
2/6/2025,7,8,Wind,37,Thursday,February,Winter,5595
9/2/2023,2,3,Wind,245,Saturday,September,Fall,2089
11/14/2022,16,17,Wind,318,Monday,November,Fall,4420
1/31/2020,9,10,Wind,31,Friday,January,Winter,6229
6/13/2021,7,8,Wind,164,Sunday,June,Summer,2420
8/14/2024,19,20,Wind,227,Wednesday,August,Summer,3688
5/25/2024,18,19,Solar,146,Saturday,May,Spring,3720
12/27/2020,22,23,Wind,362,Sunday,December,Winter,7389
4/1/2020,13,14,Solar,92,Wednesday,April,Spring,5326
1/18/2023,18,19,Wind,18,Wednesday,January,Winter,5216
3/13/2021,23,0,Wind,72,Saturday,March,Spring,11499
7/25/2024,9,10,Solar,207,Thursday,July,Summer,4811
12/25/2024,11,12,Solar,360,Wednesday,December,Winter,3467
6/23/2023,6,7,Wind,174,Friday,June,Summer,1435
4/22/2022,14,15,Solar,112,Friday,April,Spring,8327
3/16/2020,14,15,Wind,76,Monday,March,Spring,3423
6/6/2022,1,2,Wind,157,Monday,June,Summer,2710
12/11/2021,0,1,Wind,345,Saturday,December,Winter,10034
10/12/2021,8,9,Wind,285,Tuesday,October,Fall,2616
4/8/2025,11,12,Solar,98,Tuesday,April,Spring,9010
7/30/2025,11,12,Solar,211,Wednesday,July,Summer,7443
12/19/2020,8,9,Wind,354,Saturday,December,Winter,11340
7/6/2023,13,14,Solar,187,Thursday,July,Summer,7124
6/13/2021,15,16,Solar,164,Sunday,June,Summer,4905
7/11/2020,10,11,Solar,193,Saturday,July,Summer,4169
9/4/2020,18,19,Solar,248,Friday,September,Fall,2508
8/18/2020,21,22,Wind,231,Tuesday,August,Summer,697
6/23/2024,19,20,Solar,175,Sunday,June,Summer,3387
12/18/2020,5,6,Wind,353,Friday,December,Winter,5793
10/4/2025,6,7,Wind,277,Saturday,October,Fall,17093
3/12/2024,22,23,Wind,72,Tuesday,March,Spring,8894
10/21/2024,9,10,Wind,295,Monday,October,Fall,5133
3/11/2025,22,23,Wind,70,Tuesday,March,Spring,4647
8/6/2021,13,14,Wind,218,Friday,August,Summer,12722
1/25/2025,15,16,Wind,25,Saturday,January,Winter,5523
3/12/2020,3,4,Wind,72,Thursday,March,Spring,10434
12/28/2021,1,2,Wind,362,Tuesday,December,Winter,12227
6/8/2023,7,8,Wind,159,Thursday,June,Summer,4772
10/3/2024,11,12,Wind,277,Thursday,October,Fall,11198
1/18/2023,19,20,Wind,18,Wednesday,January,Winter,5226
6/6/2022,4,5,Wind,157,Monday,June,Summer,1864
12/8/2021,18,19,Wind,342,Wednesday,December,Winter,5364
3/15/2020,1,2,Wind,75,Sunday,March,Spring,3727
3/18/2022,12,13,Wind,77,Friday,March,Spring,14015
3/11/2022,20,21,Wind,70,Friday,March,Spring,10416
2/6/2025,16,17,Wind,37,Thursday,February,Winter,12071
4/23/2022,0,1,Wind,113,Saturday,April,Spring,5823
2/13/2023,14,15,Solar,44,Monday,February,Winter,6344
12/26/2023,20,21,Wind,360,Tuesday,December,Winter,2721
8/24/2020,0,1,Wind,237,Monday,August,Summer,2460
10/29/2020,13,14,Wind,303,Thursday,October,Fall,8549
5/24/2022,23,0,Wind,144,Tuesday,May,Spring,1737
10/21/2024,8,9,Wind,295,Monday,October,Fall,4204
4/16/2022,18,19,Wind,106,Saturday,April,Spring,8184
5/16/2022,19,20,Solar,136,Monday,May,Spring,1701
5/19/2024,23,0,Wind,140,Sunday,May,Spring,1146
10/9/2022,17,18,Solar,282,Sunday,October,Fall,3480
5/19/2022,10,11,Wind,139,Thursday,May,Spring,7130
7/1/2022,7,8,Wind,182,Friday,July,Summer,2336
5/9/2023,8,9,Wind,129,Tuesday,May,Spring,4052
2/3/2022,16,17,Wind,34,Thursday,February,Winter,2472
6/6/2021,14,15,Solar,157,Sunday,June,Summer,5111
9/20/2021,4,5,Wind,263,Monday,September,Fall,1552
5/8/2024,19,20,Wind,129,Wednesday,May,Spring,4590
5/31/2020,17,18,Wind,152,Sunday,May,Spring,6587
3/27/2022,22,23,Wind,86,Sunday,March,Spring,2412
9/12/2022,18,19,Wind,255,Monday,September,Fall,2581
8/18/2024,11,12,Solar,231,Sunday,August,Summer,8765
5/4/2020,15,16,Solar,125,Monday,May,Spring,5337
10/23/2024,6,7,Wind,297,Wednesday,October,Fall,1709
2/10/2022,6,7,Wind,41,Thursday,February,Winter,5360
4/8/2020,17,18,Solar,99,Wednesday,April,Spring,2595
9/2/2022,1,2,Wind,245,Friday,September,Fall,2750
5/22/2022,2,3,Wind,142,Sunday,May,Spring,2963
1/28/2022,8,9,Wind,28,Friday,January,Winter,1216
7/12/2021,5,6,Wind,193,Monday,July,Summer,2454
11/5/2023,1,2,Wind,309,Sunday,November,Fall,14785
2/12/2024,7,8,Wind,43,Monday,February,Winter,2207
6/9/2024,4,5,Wind,161,Sunday,June,Summer,3499
5/3/2023,18,19,Wind,123,Wednesday,May,Spring,8694
2/22/2025,9,10,Wind,53,Saturday,February,Winter,10315
11/23/2024,3,4,Wind,328,Saturday,November,Fall,9018
4/20/2024,23,0,Wind,111,Saturday,April,Spring,6161
1/14/2022,10,11,Solar,14,Friday,January,Winter,2655
12/22/2024,14,15,Wind,357,Sunday,December,Winter,18534
1/1/2023,16,17,Wind,1,Sunday,January,Winter,9041
7/31/2023,6,7,Wind,212,Monday,July,Summer,8004
6/19/2021,15,16,Solar,170,Saturday,June,Summer,4434
6/15/2025,7,8,Wind,166,Sunday,June,Summer,2381
7/13/2023,11,12,Solar,194,Thursday,July,Summer,8460
11/20/2022,14,15,Wind,324,Sunday,November,Fall,11679
7/29/2023,16,17,Wind,210,Saturday,July,Summer,11633
6/26/2024,17,18,Solar,178,Wednesday,June,Summer,5746
5/27/2025,2,3,Wind,147,Tuesday,May,Spring,6782
5/17/2023,11,12,Solar,137,Wednesday,May,Spring,12591
11/5/2021,8,9,Wind,309,Friday,November,Fall,3138
9/20/2024,9,10,Wind,264,Friday,September,Fall,6343
8/2/2023,15,16,Wind,214,Wednesday,August,Summer,20359
5/13/2024,23,0,Wind,134,Monday,May,Spring,6358
12/25/2024,16,17,Wind,360,Wednesday,December,Winter,1322
9/29/2020,18,19,Wind,273,Tuesday,September,Fall,1250
2/4/2021,9,10,Wind,35,Thursday,February,Winter,2756
1/26/2021,12,13,Wind,26,Tuesday,January,Winter,5374
3/2/2023,11,12,Solar,61,Thursday,March,Spring,5920
8/29/2020,0,1,Wind,242,Saturday,August,Summer,3168
8/28/2020,14,15,Wind,241,Friday,August,Summer,8716
5/10/2023,8,9,Wind,130,Wednesday,May,Spring,7126
4/24/2023,17,18,Wind,114,Monday,April,Spring,8130
4/19/2022,2,3,Wind,109,Tuesday,April,Spring,2920
4/23/2022,13,14,Wind,113,Saturday,April,Spring,8065
9/25/2025,1,2,Wind,268,Thursday,September,Fall,3175
5/17/2023,10,11,Solar,137,Wednesday,May,Spring,10667
3/17/2020,21,22,Wind,77,Tuesday,March,Spring,596
7/6/2023,12,13,Solar,187,Thursday,July,Summer,6939
4/9/2020,9,10,Solar,100,Thursday,April,Spring,2595
5/1/2023,12,13,Solar,121,Monday,May,Spring,7715
4/21/2023,18,19,Solar,111,Friday,April,Spring,4021
5/5/2023,22,23,Wind,125,Friday,May,Spring,1319
4/24/2020,1,2,Wind,115,Friday,April,Spring,1022
7/17/2023,12,13,Solar,198,Monday,July,Summer,9207
11/6/2020,18,19,Wind,311,Friday,November,Fall,6817
3/17/2020,9,10,Solar,77,Tuesday,March,Spring,1714
7/28/2020,7,8,Wind,210,Tuesday,July,Summer,3211
7/19/2022,6,7,Wind,200,Tuesday,July,Summer,5940
7/9/2020,18,19,Wind,191,Thursday,July,Summer,5677
6/24/2023,7,8,Wind,175,Saturday,June,Summer,3270
11/27/2021,10,11,Wind,331,Saturday,November,Fall,9185
2/12/2022,14,15,Solar,43,Saturday,February,Winter,7521
11/6/2021,4,5,Wind,310,Saturday,November,Fall,2796
2/14/2021,15,16,Wind,45,Sunday,February,Winter,9763
6/24/2024,18,19,Solar,176,Monday,June,Summer,5797
4/4/2020,9,10,Wind,95,Saturday,April,Spring,3591
10/23/2022,0,1,Wind,296,Sunday,October,Fall,6954
12/10/2023,20,21,Wind,344,Sunday,December,Winter,15601
5/26/2023,21,22,Wind,146,Friday,May,Spring,7754
5/22/2025,20,21,Wind,142,Thursday,May,Spring,5574
12/27/2021,1,2,Wind,361,Monday,December,Winter,3966
6/27/2022,6,7,Wind,178,Monday,June,Summer,1238
3/24/2022,16,17,Solar,83,Thursday,March,Spring,4803
9/27/2020,18,19,Wind,271,Sunday,September,Fall,8052
5/2/2022,6,7,Wind,122,Monday,May,Spring,2029
1/5/2020,9,10,Wind,5,Sunday,January,Winter,2245
2/15/2021,0,1,Wind,46,Monday,February,Winter,9792
1/16/2024,1,2,Wind,16,Tuesday,January,Winter,2010
1/16/2025,16,17,Wind,16,Thursday,January,Winter,3827
6/20/2025,14,15,Solar,171,Friday,June,Summer,11681
5/14/2023,8,9,Wind,134,Sunday,May,Spring,3884
6/16/2025,9,10,Solar,167,Monday,June,Summer,6557
2/4/2021,17,18,Wind,35,Thursday,February,Winter,2798
10/22/2023,3,4,Wind,295,Sunday,October,Fall,8628
5/19/2024,10,11,Solar,140,Sunday,May,Spring,2455
5/17/2022,9,10,Solar,137,Tuesday,May,Spring,4347
6/4/2022,15,16,Solar,155,Saturday,June,Summer,5828
2/22/2025,5,6,Wind,53,Saturday,February,Winter,10238
12/7/2021,14,15,Wind,341,Tuesday,December,Winter,12122
9/6/2024,17,18,Solar,250,Friday,September,Fall,4893
7/12/2022,6,7,Wind,193,Tuesday,July,Summer,2572
11/15/2024,14,15,Solar,320,Friday,November,Fall,4951
3/22/2020,13,14,Wind,82,Sunday,March,Spring,10827
9/30/2023,7,8,Wind,273,Saturday,September,Fall,889
8/15/2025,1,2,Wind,227,Friday,August,Summer,4242
1/7/2023,14,15,Wind,7,Saturday,January,Winter,15880
2/28/2024,2,3,Wind,59,Wednesday,February,Winter,3703
4/15/2023,17,18,Wind,105,Saturday,April,Spring,13143
4/1/2021,15,16,Solar,91,Thursday,April,Spring,6405
9/22/2025,12,13,Wind,265,Monday,September,Fall,15222
3/29/2023,2,3,Wind,88,Wednesday,March,Spring,4865
2/7/2021,8,9,Wind,38,Sunday,February,Winter,4598
8/3/2022,18,19,Solar,215,Wednesday,August,Summer,3379
3/11/2022,16,17,Wind,70,Friday,March,Spring,12628
9/22/2021,20,21,Wind,265,Wednesday,September,Fall,1945
7/24/2024,6,7,Wind,206,Wednesday,July,Summer,1089
4/2/2025,18,19,Wind,92,Wednesday,April,Spring,15030
8/1/2024,0,1,Wind,214,Thursday,August,Summer,1649
2/15/2020,9,10,Wind,46,Saturday,February,Winter,8611
12/28/2020,16,17,Wind,363,Monday,December,Winter,9395
6/30/2023,13,14,Solar,181,Friday,June,Summer,8565
5/31/2022,0,1,Wind,151,Tuesday,May,Spring,2131
6/21/2024,6,7,Wind,173,Friday,June,Summer,1717
8/5/2021,17,18,Wind,217,Thursday,August,Summer,9475
5/13/2022,16,17,Solar,133,Friday,May,Spring,6107
12/19/2022,11,12,Wind,353,Monday,December,Winter,14450
4/21/2024,7,8,Wind,112,Sunday,April,Spring,5871
11/2/2023,0,1,Wind,306,Thursday,November,Fall,17146
11/4/2023,13,14,Wind,308,Saturday,November,Fall,18105
11/29/2020,16,17,Wind,334,Sunday,November,Fall,2659
1/4/2021,7,8,Wind,4,Monday,January,Winter,1589
12/23/2020,22,23,Wind,358,Wednesday,December,Winter,12177
12/28/2024,23,0,Wind,363,Saturday,December,Winter,638
5/28/2020,17,18,Wind,149,Thursday,May,Spring,6840
4/12/2020,0,1,Wind,103,Sunday,April,Spring,978
12/15/2020,21,22,Wind,350,Tuesday,December,Winter,4427
3/21/2022,18,19,Wind,80,Monday,March,Spring,3512
12/31/2022,19,20,Wind,365,Saturday,December,Winter,16435
5/31/2021,15,16,Solar,151,Monday,May,Spring,7096
11/13/2024,4,5,Wind,318,Wednesday,November,Fall,6882
4/9/2023,12,13,Solar,99,Sunday,April,Spring,7478
2/22/2021,1,2,Wind,53,Monday,February,Winter,7591
2/25/2025,4,5,Wind,56,Tuesday,February,Winter,3644
12/19/2021,18,19,Wind,353,Sunday,December,Winter,3022
11/24/2020,23,0,Wind,329,Tuesday,November,Fall,6768
9/10/2021,22,23,Wind,253,Friday,September,Fall,1997
4/13/2021,1,2,Wind,103,Tuesday,April,Spring,1796
8/4/2022,0,1,Wind,216,Thursday,August,Summer,1586
5/4/2025,18,19,Wind,124,Sunday,May,Spring,12606
8/29/2020,14,15,Wind,242,Saturday,August,Summer,5103
7/19/2023,8,9,Wind,200,Wednesday,July,Summer,4118
12/4/2023,3,4,Wind,338,Monday,December,Winter,13158
12/4/2022,4,5,Wind,338,Sunday,December,Winter,3430
6/13/2024,20,21,Wind,165,Thursday,June,Summer,4639
5/7/2025,1,2,Wind,127,Wednesday,May,Spring,8947
8/28/2023,19,20,Wind,240,Monday,August,Summer,4554
8/5/2023,20,21,Wind,217,Saturday,August,Summer,14188
1/18/2025,3,4,Wind,18,Saturday,January,Winter,1157
5/23/2022,0,1,Wind,143,Monday,May,Spring,3636
11/30/2025,6,7,Wind,334,Sunday,November,Fall,4387
10/7/2021,16,17,Solar,280,Thursday,October,Fall,4917
3/12/2020,6,7,Wind,72,Thursday,March,Spring,9223
1/20/2021,15,16,Wind,20,Wednesday,January,Winter,14624
8/5/2024,22,23,Wind,218,Monday,August,Summer,1034
10/23/2025,3,4,Wind,296,Thursday,October,Fall,12997
10/20/2020,6,7,Wind,294,Tuesday,October,Fall,10003
5/5/2022,12,13,Solar,125,Thursday,May,Spring,5897
1/23/2020,22,23,Wind,23,Thursday,January,Winter,2779
7/7/2021,13,14,Solar,188,Wednesday,July,Summer,5429
7/25/2020,1,2,Wind,207,Saturday,July,Summer,1543
7/18/2020,1,2,Wind,200,Saturday,July,Summer,1515
9/26/2021,6,7,Wind,269,Sunday,September,Fall,2281
4/29/2024,1,2,Wind,120,Monday,April,Spring,2419
9/19/2021,22,23,Wind,262,Sunday,September,Fall,2332
8/30/2022,4,5,Wind,242,Tuesday,August,Summer,3592
9/16/2023,13,14,Solar,259,Saturday,September,Fall,8664
6/22/2022,1,2,Wind,173,Wednesday,June,Summer,3887
4/19/2020,19,20,Wind,110,Sunday,April,Spring,4931
4/9/2024,22,23,Wind,100,Tuesday,April,Spring,8756
3/11/2025,17,18,Wind,70,Tuesday,March,Spring,5580
10/1/2024,9,10,Wind,275,Tuesday,October,Fall,7164
8/16/2024,19,20,Wind,229,Friday,August,Summer,3335
9/5/2024,1,2,Wind,249,Thursday,September,Fall,3657
9/29/2025,11,12,Solar,272,Monday,September,Fall,7678
5/24/2020,5,6,Wind,145,Sunday,May,Spring,3046
4/15/2023,10,11,Wind,105,Saturday,April,Spring,10771
6/7/2023,3,4,Wind,158,Wednesday,June,Summer,4685
9/2/2021,17,18,Wind,245,Thursday,September,Fall,5612
1/2/2023,22,23,Wind,2,Monday,January,Winter,4218
11/4/2021,16,17,Wind,308,Thursday,November,Fall,3606
12/6/2024,11,12,Wind,341,Friday,December,Winter,12425
12/13/2023,4,5,Wind,347,Wednesday,December,Winter,9180
11/30/2024,13,14,Solar,335,Saturday,November,Fall,4668
9/16/2025,6,7,Wind,259,Tuesday,September,Fall,9715
3/3/2023,20,21,Wind,62,Friday,March,Spring,5832
2/17/2023,3,4,Wind,48,Friday,February,Winter,7265
7/19/2024,3,4,Wind,201,Friday,July,Summer,1551
5/9/2022,10,11,Solar,129,Monday,May,Spring,4782
4/8/2022,9,10,Wind,98,Friday,April,Spring,6382
8/30/2023,19,20,Wind,242,Wednesday,August,Summer,5549
2/15/2023,16,17,Solar,46,Wednesday,February,Winter,3695
6/9/2022,16,17,Solar,160,Thursday,June,Summer,8567
2/13/2020,6,7,Wind,44,Thursday,February,Winter,11612
3/20/2023,16,17,Solar,79,Monday,March,Spring,5436
11/15/2023,14,15,Wind,319,Wednesday,November,Fall,10772
12/12/2024,22,23,Wind,347,Thursday,December,Winter,3318
5/14/2021,21,22,Wind,134,Friday,May,Spring,3668
5/18/2024,9,10,Solar,139,Saturday,May,Spring,3617
10/24/2020,0,1,Wind,298,Saturday,October,Fall,5673
11/19/2020,11,12,Wind,324,Thursday,November,Fall,10362
5/17/2023,0,1,Wind,137,Wednesday,May,Spring,7939
8/19/2021,14,15,Solar,231,Thursday,August,Summer,5079
8/7/2024,9,10,Solar,220,Wednesday,August,Summer,3763
8/10/2022,7,8,Wind,222,Wednesday,August,Summer,5109
5/30/2020,0,1,Wind,151,Saturday,May,Spring,5257
10/14/2021,19,20,Wind,287,Thursday,October,Fall,884
10/30/2020,0,1,Wind,304,Friday,October,Fall,8074
11/30/2021,23,0,Wind,334,Tuesday,November,Fall,12923
10/18/2024,3,4,Wind,292,Friday,October,Fall,5240
11/13/2021,10,11,Wind,317,Saturday,November,Fall,5285
6/17/2023,14,15,Solar,168,Saturday,June,Summer,6725
3/26/2021,9,10,Wind,85,Friday,March,Spring,5822
7/11/2022,15,16,Solar,192,Monday,July,Summer,8839
10/6/2022,8,9,Wind,279,Thursday,October,Fall,1848
11/21/2020,18,19,Wind,326,Saturday,November,Fall,2645
6/2/2020,20,21,Wind,154,Tuesday,June,Summer,1623
12/8/2021,8,9,Wind,342,Wednesday,December,Winter,7536
6/10/2021,5,6,Wind,161,Thursday,June,Summer,1077
8/31/2021,15,16,Solar,243,Tuesday,August,Summer,8581
1/14/2022,8,9,Wind,14,Friday,January,Winter,891
4/17/2023,9,10,Solar,107,Monday,April,Spring,5631
4/28/2023,4,5,Wind,118,Friday,April,Spring,4743
2/2/2023,16,17,Wind,33,Thursday,February,Winter,7966
5/26/2024,22,23,Wind,147,Sunday,May,Spring,3079
3/17/2022,18,19,Wind,76,Thursday,March,Spring,5041
6/12/2021,5,6,Wind,163,Saturday,June,Summer,1612
8/22/2022,23,0,Wind,234,Monday,August,Summer,1343
4/13/2021,5,6,Wind,103,Tuesday,April,Spring,2747
5/25/2024,22,23,Wind,146,Saturday,May,Spring,1939
7/23/2024,4,5,Wind,205,Tuesday,July,Summer,5296
10/22/2024,14,15,Solar,296,Tuesday,October,Fall,5151
9/8/2025,1,2,Wind,251,Monday,September,Fall,3247
2/5/2024,0,1,Wind,36,Monday,February,Winter,7250
11/2/2025,0,1,Wind,306,Sunday,November,Fall,8891
5/30/2021,20,21,Wind,150,Sunday,May,Spring,3606
7/18/2021,15,16,Wind,199,Sunday,July,Summer,8491
10/4/2023,8,9,Wind,277,Wednesday,October,Fall,2909
12/16/2020,20,21,Wind,351,Wednesday,December,Winter,7854
11/18/2022,15,16,Wind,322,Friday,November,Fall,4771
8/6/2022,19,20,Wind,218,Saturday,August,Summer,7487
8/10/2022,5,6,Wind,222,Wednesday,August,Summer,5582
4/8/2024,4,5,Wind,99,Monday,April,Spring,3115
12/30/2021,14,15,Wind,364,Thursday,December,Winter,8402
11/27/2022,16,17,Wind,331,Sunday,November,Fall,6863
4/25/2024,3,4,Wind,116,Thursday,April,Spring,1051
2/7/2022,21,22,Wind,38,Monday,February,Winter,4624
5/29/2022,7,8,Wind,149,Sunday,May,Spring,4550
11/26/2021,9,10,Wind,330,Friday,November,Fall,5880
3/6/2022,20,21,Wind,65,Sunday,March,Spring,7259
4/9/2024,18,19,Wind,100,Tuesday,April,Spring,14993
7/5/2020,19,20,Wind,187,Sunday,July,Summer,9243
11/8/2020,14,15,Solar,313,Sunday,November,Fall,3198
7/3/2021,4,5,Wind,184,Saturday,July,Summer,2200
8/18/2024,21,22,Wind,231,Sunday,August,Summer,3802
2/3/2024,15,16,Wind,34,Saturday,February,Winter,7256
2/22/2020,5,6,Wind,53,Saturday,February,Winter,8212
8/24/2025,17,18,Solar,236,Sunday,August,Summer,7445
1/31/2025,7,8,Wind,31,Friday,January,Winter,4032
1/29/2022,6,7,Wind,29,Saturday,January,Winter,6295
5/16/2024,4,5,Wind,137,Thursday,May,Spring,1985
9/9/2025,5,6,Wind,252,Tuesday,September,Fall,1712
5/7/2025,22,23,Wind,127,Wednesday,May,Spring,5970
11/4/2021,5,6,Wind,308,Thursday,November,Fall,3125
8/26/2024,14,15,Solar,239,Monday,August,Summer,10162
5/24/2022,5,6,Wind,144,Tuesday,May,Spring,6008
8/21/2022,17,18,Solar,233,Sunday,August,Summer,4032
11/3/2021,8,9,Wind,307,Wednesday,November,Fall,3933
4/8/2020,16,17,Solar,99,Wednesday,April,Spring,3264
8/30/2024,8,9,Wind,243,Friday,August,Summer,4148
6/30/2022,0,1,Wind,181,Thursday,June,Summer,1528
8/27/2022,12,13,Solar,239,Saturday,August,Summer,7198
11/5/2021,12,13,Solar,309,Friday,November,Fall,4648
5/3/2022,2,3,Wind,123,Tuesday,May,Spring,4519
6/14/2020,20,21,Wind,166,Sunday,June,Summer,1888
10/9/2024,0,1,Wind,283,Wednesday,October,Fall,12523
11/24/2024,20,21,Wind,329,Sunday,November,Fall,19513
12/17/2024,20,21,Wind,352,Tuesday,December,Winter,9136
4/2/2024,4,5,Wind,93,Tuesday,April,Spring,13180
9/2/2021,5,6,Wind,245,Thursday,September,Fall,5765
12/29/2020,8,9,Wind,364,Tuesday,December,Winter,4269
3/16/2023,20,21,Wind,75,Thursday,March,Spring,10081
2/4/2024,19,20,Wind,35,Sunday,February,Winter,8459
4/20/2023,18,19,Wind,110,Thursday,April,Spring,6268
3/23/2022,9,10,Solar,82,Wednesday,March,Spring,5419
3/5/2024,19,20,Wind,65,Tuesday,March,Spring,3141
1/17/2020,2,3,Wind,17,Friday,January,Winter,9390
9/7/2023,1,2,Wind,250,Thursday,September,Fall,2893
12/23/2024,22,23,Wind,358,Monday,December,Winter,4916
6/23/2024,14,15,Solar,175,Sunday,June,Summer,4090
9/27/2021,11,12,Wind,270,Monday,September,Fall,10123
7/18/2025,2,3,Wind,199,Friday,July,Summer,1564
12/10/2022,4,5,Wind,344,Saturday,December,Winter,1533
4/19/2023,18,19,Wind,109,Wednesday,April,Spring,7115
5/30/2025,15,16,Solar,150,Friday,May,Spring,4444
11/15/2024,10,11,Solar,320,Friday,November,Fall,5039
8/22/2022,3,4,Wind,234,Monday,August,Summer,1609
6/14/2022,16,17,Solar,165,Tuesday,June,Summer,5556
1/29/2023,20,21,Wind,29,Sunday,January,Winter,4213
12/1/2022,23,0,Wind,335,Thursday,December,Winter,2895
12/5/2024,18,19,Wind,340,Thursday,December,Winter,16688
10/16/2022,20,21,Wind,289,Sunday,October,Fall,7022
8/21/2020,3,4,Wind,234,Friday,August,Summer,6690
12/22/2021,6,7,Wind,356,Wednesday,December,Winter,2824
7/21/2025,6,7,Wind,202,Monday,July,Summer,11030
1/2/2024,5,6,Wind,2,Tuesday,January,Winter,17248
4/11/2025,7,8,Wind,101,Friday,April,Spring,3644
8/2/2025,15,16,Solar,214,Saturday,August,Summer,12289
4/2/2021,19,20,Wind,92,Friday,April,Spring,11290
3/13/2023,8,9,Wind,72,Monday,March,Spring,15437
11/2/2024,2,3,Wind,307,Saturday,November,Fall,1771
5/16/2023,11,12,Wind,136,Tuesday,May,Spring,13805
9/22/2024,18,19,Wind,266,Sunday,September,Fall,4071
10/28/2021,10,11,Wind,301,Thursday,October,Fall,7333
8/31/2021,1,2,Wind,243,Tuesday,August,Summer,4199
2/6/2023,1,2,Wind,37,Monday,February,Winter,8096
10/3/2025,9,10,Wind,276,Friday,October,Fall,6874
7/8/2023,20,21,Wind,189,Saturday,July,Summer,1493
11/7/2024,15,16,Wind,312,Thursday,November,Fall,3966
8/1/2023,20,21,Wind,213,Tuesday,August,Summer,7412
12/4/2024,4,5,Wind,339,Wednesday,December,Winter,1527
3/18/2024,8,9,Wind,78,Monday,March,Spring,2921
12/30/2020,19,20,Wind,365,Wednesday,December,Winter,5298
5/20/2023,13,14,Wind,140,Saturday,May,Spring,11018
2/23/2022,6,7,Wind,54,Wednesday,February,Winter,915
6/24/2024,6,7,Wind,176,Monday,June,Summer,3013
12/9/2020,22,23,Wind,344,Wednesday,December,Winter,4120
12/2/2020,6,7,Wind,337,Wednesday,December,Winter,3538
4/18/2025,20,21,Wind,108,Friday,April,Spring,7067
4/17/2022,22,23,Wind,107,Sunday,April,Spring,5787
10/6/2020,21,22,Wind,280,Tuesday,October,Fall,11000
7/28/2024,18,19,Solar,210,Sunday,July,Summer,7133
9/14/2021,6,7,Wind,257,Tuesday,September,Fall,2764
9/3/2025,6,7,Wind,246,Wednesday,September,Fall,13678
5/5/2025,17,18,Wind,125,Monday,May,Spring,12722
9/1/2020,14,15,Solar,245,Tuesday,September,Fall,4740
6/6/2022,5,6,Wind,157,Monday,June,Summer,1806
10/4/2020,2,3,Wind,278,Sunday,October,Fall,8818
6/26/2021,7,8,Solar,177,Saturday,June,Summer,633
6/2/2023,2,3,Wind,153,Friday,June,Summer,7043
2/15/2025,4,5,Wind,46,Saturday,February,Winter,5875
1/29/2022,10,11,Wind,29,Saturday,January,Winter,9123
2/13/2025,20,21,Wind,44,Thursday,February,Winter,4432
9/19/2022,11,12,Solar,262,Monday,September,Fall,6983
6/29/2024,3,4,Wind,181,Saturday,June,Summer,4100
7/11/2025,12,13,Solar,192,Friday,July,Summer,12811
3/7/2021,14,15,Solar,66,Sunday,March,Spring,2799
3/7/2022,4,5,Wind,66,Monday,March,Spring,6613
6/17/2020,20,21,Wind,169,Wednesday,June,Summer,1500
3/14/2022,2,3,Wind,73,Monday,March,Spring,6130
5/2/2024,2,3,Wind,123,Thursday,May,Spring,5050
3/8/2025,22,23,Wind,67,Saturday,March,Spring,12431
5/5/2022,6,7,Wind,125,Thursday,May,Spring,1715
6/23/2024,0,1,Wind,175,Sunday,June,Summer,2581
2/14/2020,8,9,Wind,45,Friday,February,Winter,3683
8/2/2025,1,2,Wind,214,Saturday,August,Summer,4270
5/5/2024,1,2,Wind,126,Sunday,May,Spring,3256
4/30/2023,9,10,Wind,120,Sunday,April,Spring,4169
2/9/2025,17,18,Wind,40,Sunday,February,Winter,1709
8/11/2025,18,19,Solar,223,Monday,August,Summer,6420
3/10/2025,8,9,Wind,69,Monday,March,Spring,3471
4/3/2020,19,20,Wind,94,Friday,April,Spring,1256
2/1/2022,14,15,Wind,32,Tuesday,February,Winter,14323
4/9/2024,21,22,Wind,100,Tuesday,April,Spring,9329
5/2/2022,19,20,Wind,122,Monday,May,Spring,3754
10/8/2022,0,1,Wind,281,Saturday,October,Fall,3051
11/11/2022,6,7,Wind,315,Friday,November,Fall,3328
10/5/2022,11,12,Wind,278,Wednesday,October,Fall,11975
5/26/2025,14,15,Solar,146,Monday,May,Spring,6702
2/16/2023,4,5,Wind,47,Thursday,February,Winter,3973
12/14/2022,15,16,Wind,348,Wednesday,December,Winter,2542
2/14/2020,12,13,Wind,45,Friday,February,Winter,5860
3/13/2020,7,8,Wind,73,Friday,March,Spring,6097
12/7/2021,8,9,Wind,341,Tuesday,December,Winter,5489
9/23/2021,19,20,Wind,266,Thursday,September,Fall,1224
9/5/2024,6,7,Wind,249,Thursday,September,Fall,5710
11/16/2022,22,23,Wind,320,Wednesday,November,Fall,15448
3/12/2022,6,7,Wind,71,Saturday,March,Spring,6239
2/19/2024,17,18,Wind,50,Monday,February,Winter,7758
3/8/2022,10,11,Wind,67,Tuesday,March,Spring,7990
9/7/2020,9,10,Solar,251,Monday,September,Fall,3027
9/6/2020,15,16,Solar,250,Sunday,September,Fall,4473
1/21/2022,8,9,Wind,21,Friday,January,Winter,4551
9/16/2021,10,11,Solar,259,Thursday,September,Fall,1635
4/6/2024,18,19,Wind,97,Saturday,April,Spring,8976
11/12/2024,1,2,Wind,317,Tuesday,November,Fall,8188
10/19/2025,2,3,Wind,292,Sunday,October,Fall,6818
5/13/2023,22,23,Wind,133,Saturday,May,Spring,5777
12/8/2022,21,22,Wind,342,Thursday,December,Winter,2632
3/22/2022,11,12,Solar,81,Tuesday,March,Spring,8531
12/25/2023,15,16,Wind,359,Monday,December,Winter,12985
2/6/2025,20,21,Wind,37,Thursday,February,Winter,12160
2/7/2022,2,3,Wind,38,Monday,February,Winter,13497
1/18/2023,16,17,Wind,18,Wednesday,January,Winter,5234
1/26/2025,1,2,Wind,26,Sunday,January,Winter,10365
5/4/2024,23,0,Wind,125,Saturday,May,Spring,3298
6/4/2024,23,0,Wind,156,Tuesday,June,Summer,4473
1/18/2021,8,9,Wind,18,Monday,January,Winter,2915
11/22/2021,15,16,Wind,326,Monday,November,Fall,11582
2/28/2024,6,7,Wind,59,Wednesday,February,Winter,2370
11/12/2020,9,10,Wind,317,Thursday,November,Fall,5105
8/24/2022,12,13,Solar,236,Wednesday,August,Summer,6402
11/8/2021,14,15,Solar,312,Monday,November,Fall,4153
1/14/2022,5,6,Wind,14,Friday,January,Winter,1127
6/3/2025,13,14,Wind,154,Tuesday,June,Summer,6959
1/1/2020,15,16,Wind,1,Wednesday,January,Winter,1323
5/19/2023,5,6,Wind,139,Friday,May,Spring,5256
7/3/2022,20,21,Wind,184,Sunday,July,Summer,2890
6/16/2020,23,0,Wind,168,Tuesday,June,Summer,1468
2/19/2024,12,13,Wind,50,Monday,February,Winter,10225
1/9/2020,21,22,Wind,9,Thursday,January,Winter,10944
6/12/2022,18,19,Wind,163,Sunday,June,Summer,5222
4/11/2020,20,21,Wind,102,Saturday,April,Spring,725
9/6/2022,4,5,Wind,249,Tuesday,September,Fall,3166
6/8/2020,1,2,Wind,160,Monday,June,Summer,1496
12/13/2022,3,4,Wind,347,Tuesday,December,Winter,6816
10/7/2024,15,16,Wind,281,Monday,October,Fall,7138
8/13/2024,0,1,Wind,226,Tuesday,August,Summer,1600
5/26/2024,8,9,Wind,147,Sunday,May,Spring,5565
8/19/2024,15,16,Solar,232,Monday,August,Summer,9088
11/4/2023,18,19,Wind,308,Saturday,November,Fall,15770
4/14/2021,10,11,Solar,104,Wednesday,April,Spring,5528
11/2/2023,7,8,Wind,306,Thursday,November,Fall,15300
7/31/2023,22,23,Wind,212,Monday,July,Summer,10752
8/1/2022,18,19,Solar,213,Monday,August,Summer,3859
2/13/2025,1,2,Wind,44,Thursday,February,Winter,1112
11/6/2021,7,8,Wind,310,Saturday,November,Fall,2797
10/11/2025,9,10,Wind,284,Saturday,October,Fall,5515
11/28/2020,4,5,Wind,333,Saturday,November,Fall,3659
9/17/2025,19,20,Wind,260,Wednesday,September,Fall,3567
2/1/2024,22,23,Wind,32,Thursday,February,Winter,1902
8/9/2025,5,6,Wind,221,Saturday,August,Summer,1061
10/22/2021,22,23,Wind,295,Friday,October,Fall,2376
12/16/2022,2,3,Wind,350,Friday,December,Winter,6144
2/22/2022,12,13,Wind,53,Tuesday,February,Winter,14675
9/15/2023,21,22,Wind,258,Friday,September,Fall,4226
8/6/2021,21,22,Wind,218,Friday,August,Summer,2893
9/6/2024,3,4,Wind,250,Friday,September,Fall,1393
7/28/2025,12,13,Solar,209,Monday,July,Summer,11478
7/26/2024,16,17,Solar,208,Friday,July,Summer,6307
9/15/2021,8,9,Wind,258,Wednesday,September,Fall,2190
3/26/2025,15,16,Solar,85,Wednesday,March,Spring,7167
7/22/2025,21,22,Wind,203,Tuesday,July,Summer,1826
6/9/2020,12,13,Solar,161,Tuesday,June,Summer,4970
12/31/2022,11,12,Wind,365,Saturday,December,Winter,17264
2/15/2025,15,16,Solar,46,Saturday,February,Winter,7084
8/9/2020,18,19,Wind,222,Sunday,August,Summer,3103
10/18/2023,23,0,Wind,291,Wednesday,October,Fall,11879
3/9/2023,21,22,Wind,68,Thursday,March,Spring,15820
9/17/2023,16,17,Wind,260,Sunday,September,Fall,5366
11/18/2023,18,19,Wind,322,Saturday,November,Fall,12524
11/22/2020,13,14,Solar,327,Sunday,November,Fall,3338
12/31/2024,16,17,Wind,366,Tuesday,December,Winter,8495
11/9/2025,14,15,Solar,313,Sunday,November,Fall,7371
6/29/2021,16,17,Solar,180,Tuesday,June,Summer,5193
10/20/2025,18,19,Wind,293,Monday,October,Fall,16757
5/3/2024,19,20,Wind,124,Friday,May,Spring,2964
9/16/2025,20,21,Wind,259,Tuesday,September,Fall,3536
4/12/2025,18,19,Wind,102,Saturday,April,Spring,11549
5/24/2021,18,19,Wind,144,Monday,May,Spring,12791
3/10/2025,10,11,Solar,69,Monday,March,Spring,6063
6/20/2021,9,10,Wind,171,Sunday,June,Summer,3324
8/16/2020,7,8,Wind,229,Sunday,August,Summer,1272
8/25/2023,4,5,Wind,237,Friday,August,Summer,2460
1/22/2025,17,18,Wind,22,Wednesday,January,Winter,5102
1/6/2025,9,10,Wind,6,Monday,January,Winter,18975
5/15/2023,12,13,Solar,135,Monday,May,Spring,9340
7/12/2020,10,11,Solar,194,Sunday,July,Summer,4498
6/13/2024,21,22,Wind,165,Thursday,June,Summer,5123
7/3/2025,14,15,Solar,184,Thursday,July,Summer,9855
8/26/2024,16,17,Solar,239,Monday,August,Summer,8375
9/29/2025,15,16,Solar,272,Monday,September,Fall,8318
4/19/2020,9,10,Wind,110,Sunday,April,Spring,2105
3/4/2023,4,5,Wind,63,Saturday,March,Spring,4490
7/13/2021,15,16,Wind,194,Tuesday,July,Summer,7535
10/9/2025,11,12,Solar,282,Thursday,October,Fall,5069
9/6/2021,10,11,Solar,249,Monday,September,Fall,3616
10/3/2025,18,19,Wind,276,Friday,October,Fall,10465
4/24/2024,16,17,Wind,115,Wednesday,April,Spring,10914
7/3/2023,9,10,Wind,184,Monday,July,Summer,6964
4/9/2020,1,2,Wind,100,Thursday,April,Spring,894
8/8/2020,1,2,Wind,221,Saturday,August,Summer,1875
9/26/2021,15,16,Solar,269,Sunday,September,Fall,5531
12/25/2023,11,12,Wind,359,Monday,December,Winter,15160
4/2/2022,22,23,Wind,92,Saturday,April,Spring,4539
12/14/2023,5,6,Wind,348,Thursday,December,Winter,7047
1/23/2020,16,17,Wind,23,Thursday,January,Winter,3347
10/15/2023,15,16,Solar,288,Sunday,October,Fall,6957
5/31/2020,6,7,Wind,152,Sunday,May,Spring,4859
3/29/2025,21,22,Wind,88,Saturday,March,Spring,5649
10/8/2020,22,23,Wind,282,Thursday,October,Fall,4432
2/17/2021,2,3,Wind,48,Wednesday,February,Winter,8531
5/11/2020,5,6,Wind,132,Monday,May,Spring,10139
9/5/2022,7,8,Wind,248,Monday,September,Fall,2789
7/7/2021,3,4,Wind,188,Wednesday,July,Summer,4006
10/12/2024,6,7,Wind,286,Saturday,October,Fall,6023
6/20/2022,4,5,Wind,171,Monday,June,Summer,3009
10/26/2024,7,8,Wind,300,Saturday,October,Fall,2152
5/18/2020,3,4,Wind,139,Monday,May,Spring,2064
8/2/2022,0,1,Wind,214,Tuesday,August,Summer,1397
1/14/2022,2,3,Wind,14,Friday,January,Winter,1410
7/25/2024,16,17,Solar,207,Thursday,July,Summer,8796
5/26/2023,11,12,Solar,146,Friday,May,Spring,10688
8/22/2024,10,11,Solar,235,Thursday,August,Summer,10231
3/22/2024,5,6,Wind,82,Friday,March,Spring,2130
10/26/2021,16,17,Wind,299,Tuesday,October,Fall,5120
7/19/2025,13,14,Wind,200,Saturday,July,Summer,14450
7/28/2024,6,7,Wind,210,Sunday,July,Summer,2348
2/1/2024,15,16,Wind,32,Thursday,February,Winter,3444
12/26/2022,13,14,Wind,360,Monday,December,Winter,10092
7/30/2024,17,18,Solar,212,Tuesday,July,Summer,4665
8/18/2022,2,3,Wind,230,Thursday,August,Summer,1182
4/16/2025,17,18,Solar,106,Wednesday,April,Spring,6246
11/15/2020,21,22,Wind,320,Sunday,November,Fall,12149
2/26/2025,9,10,Wind,57,Wednesday,February,Winter,9755
2/20/2022,7,8,Wind,51,Sunday,February,Winter,12571
2/20/2025,9,10,Wind,51,Thursday,February,Winter,9967
2/27/2022,3,4,Wind,58,Sunday,February,Winter,9685
12/31/2021,18,19,Wind,365,Friday,December,Winter,3904
7/28/2022,12,13,Solar,209,Thursday,July,Summer,5588
4/28/2021,2,3,Wind,118,Wednesday,April,Spring,1371
12/23/2021,5,6,Wind,357,Thursday,December,Winter,6602
3/14/2024,23,0,Wind,74,Thursday,March,Spring,10690
7/14/2023,9,10,Solar,195,Friday,July,Summer,6490
10/18/2025,4,5,Wind,291,Saturday,October,Fall,5140
4/7/2021,3,4,Wind,97,Wednesday,April,Spring,4251
1/14/2024,13,14,Solar,14,Sunday,January,Winter,3639
4/18/2022,3,4,Wind,108,Monday,April,Spring,4344
6/1/2024,9,10,Wind,153,Saturday,June,Summer,8993
4/24/2020,15,16,Solar,115,Friday,April,Spring,3799
3/13/2022,18,19,Wind,72,Sunday,March,Spring,5913
2/23/2025,12,13,Wind,54,Sunday,February,Winter,11643
11/6/2021,12,13,Solar,310,Saturday,November,Fall,5852
4/4/2025,15,16,Wind,94,Friday,April,Spring,6218
2/10/2022,13,14,Solar,41,Thursday,February,Winter,6325
8/15/2021,2,3,Wind,227,Sunday,August,Summer,1057
6/22/2023,14,15,Wind,173,Thursday,June,Summer,9306
2/23/2020,10,11,Wind,54,Sunday,February,Winter,13480
3/10/2022,22,23,Wind,69,Thursday,March,Spring,7481
8/14/2021,0,1,Wind,226,Saturday,August,Summer,1478
6/5/2020,3,4,Wind,157,Friday,June,Summer,3542
5/22/2020,21,22,Wind,143,Friday,May,Spring,2177
8/26/2025,20,21,Wind,238,Tuesday,August,Summer,3405
7/5/2022,7,8,Wind,186,Tuesday,July,Summer,2105
3/30/2024,13,14,Solar,90,Saturday,March,Spring,7615
1/4/2022,11,12,Wind,4,Tuesday,January,Winter,5975
8/19/2025,10,11,Solar,231,Tuesday,August,Summer,4540
8/12/2023,3,4,Wind,224,Saturday,August,Summer,1596
3/23/2024,10,11,Wind,83,Saturday,March,Spring,17377
7/7/2025,23,0,Wind,188,Monday,July,Summer,4873
1/20/2023,10,11,Wind,20,Friday,January,Winter,4641
3/2/2024,16,17,Wind,62,Saturday,March,Spring,6629
1/5/2022,14,15,Wind,5,Wednesday,January,Winter,7511
9/12/2025,13,14,Wind,255,Friday,September,Fall,15434
2/8/2025,18,19,Wind,39,Saturday,February,Winter,3104
4/11/2020,7,8,Wind,102,Saturday,April,Spring,1900
1/23/2020,18,19,Wind,23,Thursday,January,Winter,3556
9/30/2025,8,9,Wind,273,Tuesday,September,Fall,2872
5/1/2020,22,23,Wind,122,Friday,May,Spring,6712
8/10/2021,13,14,Solar,222,Tuesday,August,Summer,5911
9/16/2021,18,19,Solar,259,Thursday,September,Fall,1495
10/27/2023,12,13,Wind,300,Friday,October,Fall,12650
11/11/2025,3,4,Wind,315,Tuesday,November,Fall,7897
3/24/2020,7,8,Wind,84,Tuesday,March,Spring,5774
10/20/2023,17,18,Wind,293,Friday,October,Fall,6907
10/29/2025,15,16,Wind,302,Wednesday,October,Fall,8506
11/21/2023,16,17,Wind,325,Tuesday,November,Fall,6703
3/26/2024,20,21,Wind,86,Tuesday,March,Spring,8261
6/30/2022,20,21,Wind,181,Thursday,June,Summer,2522
12/25/2020,4,5,Wind,360,Friday,December,Winter,6542
6/26/2021,15,16,Solar,177,Saturday,June,Summer,4697
8/4/2020,0,1,Wind,217,Tuesday,August,Summer,3666
8/22/2022,2,3,Wind,234,Monday,August,Summer,1927
4/17/2022,16,17,Solar,107,Sunday,April,Spring,7694
1/7/2021,5,6,Wind,7,Thursday,January,Winter,487
5/12/2025,9,10,Solar,132,Monday,May,Spring,5922
6/26/2024,18,19,Solar,178,Wednesday,June,Summer,4295
7/1/2025,2,3,Wind,182,Tuesday,July,Summer,778
6/9/2023,5,6,Wind,160,Friday,June,Summer,4644
8/24/2023,17,18,Wind,236,Thursday,August,Summer,9861
7/28/2025,9,10,Solar,209,Monday,July,Summer,6834
8/15/2021,3,4,Wind,227,Sunday,August,Summer,883
9/23/2024,16,17,Wind,267,Monday,September,Fall,9135
3/25/2024,13,14,Wind,85,Monday,March,Spring,10853
10/7/2025,4,5,Wind,280,Tuesday,October,Fall,1733
11/15/2020,1,2,Wind,320,Sunday,November,Fall,10998
9/14/2023,14,15,Solar,257,Thursday,September,Fall,6131
7/1/2024,4,5,Wind,183,Monday,July,Summer,1845
3/13/2022,12,13,Wind,72,Sunday,March,Spring,10835
3/4/2021,22,23,Wind,63,Thursday,March,Spring,3145
8/24/2022,5,6,Wind,236,Wednesday,August,Summer,956
6/6/2025,18,19,Wind,157,Friday,June,Summer,10880
12/30/2021,9,10,Wind,364,Thursday,December,Winter,8720
4/1/2021,2,3,Wind,91,Thursday,April,Spring,1907
8/6/2023,22,23,Wind,218,Sunday,August,Summer,5369
6/13/2025,19,20,Wind,164,Friday,June,Summer,5374
10/10/2022,19,20,Wind,283,Monday,October,Fall,2196
9/20/2025,18,19,Wind,263,Saturday,September,Fall,11616
9/8/2023,17,18,Solar,251,Friday,September,Fall,4384
12/30/2021,22,23,Wind,364,Thursday,December,Winter,5452
3/30/2024,7,8,Wind,90,Saturday,March,Spring,3497
5/8/2023,17,18,Solar,128,Monday,May,Spring,5446
4/25/2021,11,12,Wind,115,Sunday,April,Spring,10262
7/15/2022,4,5,Wind,196,Friday,July,Summer,4379
11/26/2021,1,2,Wind,330,Friday,November,Fall,2597
10/15/2025,23,0,Wind,288,Wednesday,October,Fall,5351
1/18/2025,10,11,Solar,18,Saturday,January,Winter,3129
3/16/2025,16,17,Wind,75,Sunday,March,Spring,9489
10/18/2022,14,15,Solar,291,Tuesday,October,Fall,5808
2/10/2020,4,5,Wind,41,Monday,February,Winter,10052
4/25/2020,5,6,Wind,116,Saturday,April,Spring,1788
5/18/2023,5,6,Wind,138,Thursday,May,Spring,5769
4/16/2022,23,0,Wind,106,Saturday,April,Spring,8150
3/29/2020,10,11,Wind,89,Sunday,March,Spring,13965
3/28/2025,20,21,Wind,87,Friday,March,Spring,8242
12/18/2024,9,10,Wind,353,Wednesday,December,Winter,15999
3/9/2020,8,9,Wind,69,Monday,March,Spring,6477
5/22/2023,0,1,Wind,142,Monday,May,Spring,3806
11/2/2024,13,14,Solar,307,Saturday,November,Fall,7954
3/7/2022,0,1,Wind,66,Monday,March,Spring,7417
1/25/2023,8,9,Wind,25,Wednesday,January,Winter,2111
1/15/2021,9,10,Wind,15,Friday,January,Winter,6240
5/19/2022,5,6,Wind,139,Thursday,May,Spring,3542
10/24/2020,6,7,Wind,298,Saturday,October,Fall,7495
10/28/2021,8,9,Wind,301,Thursday,October,Fall,5807
1/8/2025,21,22,Wind,8,Wednesday,January,Winter,12892
4/4/2024,0,1,Wind,95,Thursday,April,Spring,12543
12/18/2020,8,9,Wind,353,Friday,December,Winter,6733
9/25/2022,15,16,Solar,268,Sunday,September,Fall,6102
10/19/2020,3,4,Wind,293,Monday,October,Fall,1464
2/6/2024,11,12,Wind,37,Tuesday,February,Winter,14493
4/18/2023,6,7,Wind,108,Tuesday,April,Spring,6520
5/2/2023,18,19,Wind,122,Tuesday,May,Spring,7162
6/26/2025,9,10,Wind,177,Thursday,June,Summer,9995
9/18/2024,16,17,Wind,262,Wednesday,September,Fall,16325
11/22/2024,1,2,Wind,327,Friday,November,Fall,6061
3/20/2023,1,2,Wind,79,Monday,March,Spring,1521
1/13/2022,1,2,Wind,13,Thursday,January,Winter,3054
6/15/2021,5,6,Wind,166,Tuesday,June,Summer,1611
1/9/2021,9,10,Wind,9,Saturday,January,Winter,4051
2/15/2022,0,1,Wind,46,Tuesday,February,Winter,6687
3/18/2020,12,13,Solar,78,Wednesday,March,Spring,4055
8/31/2025,1,2,Wind,243,Sunday,August,Summer,8549
11/23/2023,8,9,Wind,327,Thursday,November,Fall,3718
9/12/2023,12,13,Solar,255,Tuesday,September,Fall,4437
9/10/2020,21,22,Wind,254,Thursday,September,Fall,2030
7/11/2023,15,16,Solar,192,Tuesday,July,Summer,9554
9/15/2021,13,14,Solar,258,Wednesday,September,Fall,3942
5/21/2023,9,10,Wind,141,Sunday,May,Spring,5307
4/15/2021,10,11,Solar,105,Thursday,April,Spring,6346
11/26/2024,19,20,Wind,331,Tuesday,November,Fall,4935
10/14/2025,5,6,Wind,287,Tuesday,October,Fall,5919
3/22/2021,18,19,Wind,81,Monday,March,Spring,2993
2/9/2025,10,11,Solar,40,Sunday,February,Winter,4315
7/14/2024,8,9,Solar,196,Sunday,July,Summer,2477
2/5/2021,16,17,Wind,36,Friday,February,Winter,1998
8/26/2020,6,7,Wind,239,Wednesday,August,Summer,8678
4/27/2023,4,5,Wind,117,Thursday,April,Spring,1206
3/6/2023,0,1,Wind,65,Monday,March,Spring,1228
5/12/2025,1,2,Wind,132,Monday,May,Spring,2951
2/6/2023,15,16,Wind,37,Monday,February,Winter,8670
8/4/2020,14,15,Solar,217,Tuesday,August,Summer,5625
3/1/2023,21,22,Wind,60,Wednesday,March,Spring,7713
10/1/2022,22,23,Wind,274,Saturday,October,Fall,7629
11/17/2023,13,14,Wind,321,Friday,November,Fall,7387
10/2/2023,5,6,Wind,275,Monday,October,Fall,2482
2/26/2025,1,2,Wind,57,Wednesday,February,Winter,10324
12/12/2021,0,1,Wind,346,Sunday,December,Winter,5469
9/8/2022,20,21,Wind,251,Thursday,September,Fall,5147
5/26/2020,17,18,Wind,147,Tuesday,May,Spring,6931
3/10/2021,23,0,Wind,69,Wednesday,March,Spring,13439
5/24/2024,4,5,Wind,145,Friday,May,Spring,712
6/9/2020,13,14,Solar,161,Tuesday,June,Summer,5042
9/3/2023,0,1,Wind,246,Sunday,September,Fall,4539
9/16/2020,12,13,Solar,260,Wednesday,September,Fall,3732
9/19/2024,1,2,Wind,263,Thursday,September,Fall,8994
6/7/2023,23,0,Wind,158,Wednesday,June,Summer,5602
10/14/2023,0,1,Wind,287,Saturday,October,Fall,14148
1/12/2022,7,8,Wind,12,Wednesday,January,Winter,2263
5/13/2022,6,7,Wind,133,Friday,May,Spring,1900
11/4/2021,2,3,Wind,308,Thursday,November,Fall,2836
5/2/2020,2,3,Wind,123,Saturday,May,Spring,5334
9/18/2022,0,1,Wind,261,Sunday,September,Fall,3466
6/8/2023,15,16,Solar,159,Thursday,June,Summer,8328
9/15/2022,4,5,Wind,258,Thursday,September,Fall,1546
3/17/2023,1,2,Wind,76,Friday,March,Spring,8075
1/9/2025,13,14,Wind,9,Thursday,January,Winter,13396
4/12/2024,15,16,Solar,103,Friday,April,Spring,4291
9/2/2024,10,11,Solar,246,Monday,September,Fall,5818
8/16/2020,2,3,Wind,229,Sunday,August,Summer,1867
9/30/2020,7,8,Wind,274,Wednesday,September,Fall,1223
6/20/2022,17,18,Solar,171,Monday,June,Summer,6713
6/5/2021,3,4,Wind,156,Saturday,June,Summer,2400
4/21/2022,16,17,Wind,111,Thursday,April,Spring,6557
6/22/2024,3,4,Wind,174,Saturday,June,Summer,6081
10/27/2024,5,6,Wind,301,Sunday,October,Fall,1792
5/30/2023,21,22,Wind,150,Tuesday,May,Spring,9690
5/20/2024,5,6,Wind,141,Monday,May,Spring,1434
4/3/2025,23,0,Wind,93,Thursday,April,Spring,6528
8/18/2025,14,15,Solar,230,Monday,August,Summer,8983
9/16/2022,23,0,Wind,259,Friday,September,Fall,5346
1/30/2020,0,1,Wind,30,Thursday,January,Winter,5384
4/10/2022,17,18,Solar,100,Sunday,April,Spring,5961
7/29/2024,21,22,Wind,211,Monday,July,Summer,2404
12/3/2020,1,2,Wind,338,Thursday,December,Winter,3330
7/30/2022,6,7,Wind,211,Saturday,July,Summer,936
10/20/2023,3,4,Wind,293,Friday,October,Fall,4769
8/17/2022,17,18,Solar,229,Wednesday,August,Summer,3938
7/7/2022,1,2,Wind,188,Thursday,July,Summer,3488
12/27/2024,6,7,Wind,362,Friday,December,Winter,1298
9/13/2024,23,0,Wind,257,Friday,September,Fall,4267
5/20/2020,15,16,Solar,141,Wednesday,May,Spring,5220
9/19/2020,21,22,Wind,263,Saturday,September,Fall,2449
2/19/2022,22,23,Wind,50,Saturday,February,Winter,13745
6/22/2023,10,11,Wind,173,Thursday,June,Summer,5018
12/17/2024,16,17,Wind,352,Tuesday,December,Winter,5399
3/4/2023,2,3,Wind,63,Saturday,March,Spring,4916
1/19/2022,3,4,Wind,19,Wednesday,January,Winter,1605
6/8/2023,9,10,Solar,159,Thursday,June,Summer,6235
9/10/2023,17,18,Solar,253,Sunday,September,Fall,4930
4/29/2021,11,12,Wind,119,Thursday,April,Spring,3791
11/19/2025,16,17,Wind,323,Wednesday,November,Fall,13285
11/6/2023,9,10,Wind,310,Monday,November,Fall,12593
7/18/2022,11,12,Solar,199,Monday,July,Summer,6471
9/15/2021,2,3,Wind,258,Wednesday,September,Fall,2419
5/8/2022,8,9,Wind,128,Sunday,May,Spring,4118
5/27/2022,15,16,Solar,147,Friday,May,Spring,8174
10/4/2022,20,21,Wind,277,Tuesday,October,Fall,1168
6/19/2020,1,2,Wind,171,Friday,June,Summer,2319
6/12/2022,10,11,Solar,163,Sunday,June,Summer,4684
10/8/2022,9,10,Wind,281,Saturday,October,Fall,2465
5/24/2025,19,20,Wind,144,Saturday,May,Spring,8852
9/30/2025,20,21,Wind,273,Tuesday,September,Fall,2697
7/6/2025,20,21,Wind,187,Sunday,July,Summer,8639
7/6/2020,15,16,Wind,188,Monday,July,Summer,9681
8/11/2023,7,8,Wind,223,Friday,August,Summer,1918
8/20/2025,16,17,Wind,232,Wednesday,August,Summer,8881
4/19/2021,22,23,Wind,109,Monday,April,Spring,906
5/10/2021,7,8,Wind,130,Monday,May,Spring,7041
3/7/2021,2,3,Wind,66,Sunday,March,Spring,2521
1/22/2021,16,17,Wind,22,Friday,January,Winter,3696
4/23/2021,10,11,Solar,113,Friday,April,Spring,5659
12/8/2021,5,6,Wind,342,Wednesday,December,Winter,9297
8/4/2020,22,23,Wind,217,Tuesday,August,Summer,1340
2/18/2023,23,0,Wind,49,Saturday,February,Winter,8067
12/14/2022,21,22,Wind,348,Wednesday,December,Winter,2161
7/9/2023,3,4,Wind,190,Sunday,July,Summer,2355
7/11/2024,2,3,Wind,193,Thursday,July,Summer,1053
2/24/2020,10,11,Wind,55,Monday,February,Winter,11258
2/3/2021,2,3,Wind,34,Wednesday,February,Winter,9275
12/5/2022,23,0,Wind,339,Monday,December,Winter,1854
4/23/2023,0,1,Wind,113,Sunday,April,Spring,6724
6/8/2021,10,11,Solar,159,Tuesday,June,Summer,4183
2/26/2023,10,11,Wind,57,Sunday,February,Winter,20500
3/2/2024,10,11,Wind,62,Saturday,March,Spring,12926
5/18/2024,1,2,Wind,139,Saturday,May,Spring,713
8/30/2020,11,12,Wind,243,Sunday,August,Summer,5251
9/29/2021,14,15,Wind,272,Wednesday,September,Fall,11739
8/3/2021,0,1,Wind,215,Tuesday,August,Summer,930
1/11/2023,1,2,Wind,11,Wednesday,January,Winter,14468
2/21/2024,15,16,Wind,52,Wednesday,February,Winter,15550
3/16/2020,6,7,Wind,76,Monday,March,Spring,3309
11/10/2020,21,22,Wind,315,Tuesday,November,Fall,805
11/8/2022,1,2,Wind,312,Tuesday,November,Fall,12163
11/14/2022,2,3,Wind,318,Monday,November,Fall,3659
2/15/2024,18,19,Wind,46,Thursday,February,Winter,10200
11/3/2023,0,1,Wind,307,Friday,November,Fall,12874
1/24/2025,8,9,Wind,24,Friday,January,Winter,18114
1/2/2024,0,1,Wind,2,Tuesday,January,Winter,17307
8/4/2023,21,22,Wind,216,Friday,August,Summer,3747
7/18/2020,23,0,Wind,200,Saturday,July,Summer,1750
7/21/2021,4,5,Wind,202,Wednesday,July,Summer,2191
3/31/2023,15,16,Wind,90,Friday,March,Spring,21172
1/5/2023,12,13,Wind,5,Thursday,January,Winter,7199
3/27/2022,19,20,Wind,86,Sunday,March,Spring,1675
9/24/2023,10,11,Solar,267,Sunday,September,Fall,7784
7/7/2021,20,21,Wind,188,Wednesday,July,Summer,2231
5/18/2024,4,5,Wind,139,Saturday,May,Spring,556
4/1/2022,18,19,Wind,91,Friday,April,Spring,13751
12/1/2023,7,8,Wind,335,Friday,December,Winter,2590
3/10/2024,18,19,Wind,70,Sunday,March,Spring,975
3/2/2020,20,21,Wind,62,Monday,March,Spring,8827
9/19/2025,10,11,Solar,262,Friday,September,Fall,9787
12/21/2020,1,2,Wind,356,Monday,December,Winter,6095
6/30/2023,4,5,Wind,181,Friday,June,Summer,2629
5/13/2024,12,13,Solar,134,Monday,May,Spring,6365
11/25/2024,2,3,Wind,330,Monday,November,Fall,17724
6/2/2022,23,0,Wind,153,Thursday,June,Summer,4438
3/1/2022,10,11,Solar,60,Tuesday,March,Spring,4347
9/12/2020,9,10,Solar,256,Saturday,September,Fall,2461
5/8/2021,19,20,Wind,128,Saturday,May,Spring,6309
9/25/2022,2,3,Wind,268,Sunday,September,Fall,2749
3/6/2021,9,10,Wind,65,Saturday,March,Spring,6040
1/15/2022,21,22,Wind,15,Saturday,January,Winter,1036
11/17/2023,7,8,Wind,321,Friday,November,Fall,4109
7/5/2025,20,21,Wind,186,Saturday,July,Summer,5175
6/12/2021,12,13,Solar,163,Saturday,June,Summer,4821
7/31/2022,19,20,Wind,212,Sunday,July,Summer,5209
3/20/2024,15,16,Solar,80,Wednesday,March,Spring,5622
4/23/2020,7,8,Wind,114,Thursday,April,Spring,1746
5/9/2022,20,21,Wind,129,Monday,May,Spring,514
3/6/2024,10,11,Solar,66,Wednesday,March,Spring,5162
2/26/2021,5,6,Wind,57,Friday,February,Winter,2352
11/20/2025,5,6,Wind,324,Thursday,November,Fall,7116
5/9/2020,5,6,Wind,130,Saturday,May,Spring,1685
8/21/2025,1,2,Wind,233,Thursday,August,Summer,3653
6/11/2025,20,21,Wind,162,Wednesday,June,Summer,5029
8/27/2022,11,12,Solar,239,Saturday,August,Summer,6767
9/10/2023,12,13,Solar,253,Sunday,September,Fall,8323
4/20/2023,0,1,Wind,110,Thursday,April,Spring,8926
3/24/2021,4,5,Wind,83,Wednesday,March,Spring,1493
11/19/2022,12,13,Solar,323,Saturday,November,Fall,5271
12/5/2024,10,11,Wind,340,Thursday,December,Winter,16407
4/22/2025,3,4,Wind,112,Tuesday,April,Spring,2038
9/14/2021,19,20,Wind,257,Tuesday,September,Fall,1986
11/23/2020,3,4,Wind,328,Monday,November,Fall,245
2/3/2023,16,17,Wind,34,Friday,February,Winter,7659
11/2/2023,4,5,Wind,306,Thursday,November,Fall,15164
5/29/2025,14,15,Solar,149,Thursday,May,Spring,5853
1/12/2020,12,13,Wind,12,Sunday,January,Winter,9137
8/28/2021,20,21,Wind,240,Saturday,August,Summer,4826
12/11/2023,0,1,Wind,345,Monday,December,Winter,13562
8/20/2021,20,21,Wind,232,Friday,August,Summer,525
2/14/2024,9,10,Wind,45,Wednesday,February,Winter,10647
11/9/2022,17,18,Wind,313,Wednesday,November,Fall,4408
10/13/2020,9,10,Wind,287,Tuesday,October,Fall,4332
9/25/2023,21,22,Wind,268,Monday,September,Fall,525
10/8/2024,7,8,Wind,282,Tuesday,October,Fall,10208
8/16/2021,2,3,Wind,228,Monday,August,Summer,4074
4/25/2022,9,10,Wind,115,Monday,April,Spring,4334
6/5/2025,22,23,Wind,156,Thursday,June,Summer,12352
5/30/2023,12,13,Solar,150,Tuesday,May,Spring,13676
8/22/2020,3,4,Wind,235,Saturday,August,Summer,4955
12/9/2021,16,17,Wind,343,Thursday,December,Winter,5379
1/25/2020,12,13,Solar,25,Saturday,January,Winter,2654
5/16/2023,1,2,Wind,136,Tuesday,May,Spring,7661
10/28/2023,11,12,Wind,301,Saturday,October,Fall,16187
6/19/2021,0,1,Wind,170,Saturday,June,Summer,3276
2/14/2023,15,16,Solar,45,Tuesday,February,Winter,5164
3/21/2022,10,11,Solar,80,Monday,March,Spring,6419
9/22/2023,21,22,Wind,265,Friday,September,Fall,5871
10/17/2021,1,2,Wind,290,Sunday,October,Fall,1752
7/29/2024,4,5,Wind,211,Monday,July,Summer,5316
2/9/2024,4,5,Wind,40,Friday,February,Winter,16307
3/17/2022,13,14,Wind,76,Thursday,March,Spring,5469
4/2/2022,19,20,Wind,92,Saturday,April,Spring,7493
9/25/2022,7,8,Wind,268,Sunday,September,Fall,2772
9/26/2025,18,19,Solar,269,Friday,September,Fall,1324
10/28/2024,0,1,Wind,302,Monday,October,Fall,477
1/21/2023,4,5,Wind,21,Saturday,January,Winter,7168
10/23/2024,18,19,Wind,297,Wednesday,October,Fall,2844
6/27/2020,22,23,Wind,179,Saturday,June,Summer,4430
7/29/2020,20,21,Wind,211,Wednesday,July,Summer,708
7/9/2022,9,10,Solar,190,Saturday,July,Summer,4215
12/31/2021,4,5,Wind,365,Friday,December,Winter,5884
3/1/2025,10,11,Wind,60,Saturday,March,Spring,12156
2/16/2021,23,0,Wind,47,Tuesday,February,Winter,9342
1/13/2022,7,8,Wind,13,Thursday,January,Winter,2614
2/14/2024,20,21,Wind,45,Wednesday,February,Winter,7478
11/9/2024,2,3,Wind,314,Saturday,November,Fall,1560
3/2/2020,2,3,Wind,62,Monday,March,Spring,8017
6/18/2020,19,20,Wind,170,Thursday,June,Summer,3276
9/8/2021,18,19,Wind,251,Wednesday,September,Fall,3479
4/16/2022,8,9,Wind,106,Saturday,April,Spring,5476
1/26/2024,18,19,Wind,26,Friday,January,Winter,3375
9/5/2020,15,16,Solar,249,Saturday,September,Fall,5374
11/28/2021,6,7,Wind,332,Sunday,November,Fall,9221
12/13/2021,12,13,Solar,347,Monday,December,Winter,3477
4/7/2024,19,20,Wind,98,Sunday,April,Spring,6864
10/23/2023,7,8,Wind,296,Monday,October,Fall,7522
10/26/2021,19,20,Wind,299,Tuesday,October,Fall,3013
4/25/2020,10,11,Solar,116,Saturday,April,Spring,3420
12/10/2022,7,8,Wind,344,Saturday,December,Winter,1455
9/7/2022,21,22,Wind,250,Wednesday,September,Fall,3796
9/10/2022,23,0,Wind,253,Saturday,September,Fall,1212
1/31/2023,9,10,Wind,31,Tuesday,January,Winter,4810
5/24/2025,22,23,Wind,144,Saturday,May,Spring,6806
10/18/2022,12,13,Solar,291,Tuesday,October,Fall,5685
11/8/2023,13,14,Wind,312,Wednesday,November,Fall,18274
11/18/2020,17,18,Wind,323,Wednesday,November,Fall,6191
12/7/2020,10,11,Wind,342,Monday,December,Winter,1923
3/30/2024,17,18,Wind,90,Saturday,March,Spring,6296
5/13/2023,9,10,Wind,133,Saturday,May,Spring,6102
12/19/2022,15,16,Wind,353,Monday,December,Winter,13925
5/27/2022,12,13,Solar,147,Friday,May,Spring,6760
4/18/2022,13,14,Solar,108,Monday,April,Spring,5569
2/7/2023,4,5,Wind,38,Tuesday,February,Winter,8388
6/13/2022,4,5,Wind,164,Monday,June,Summer,3562
5/20/2022,9,10,Wind,140,Friday,May,Spring,5745
8/31/2025,8,9,Wind,243,Sunday,August,Summer,4739
7/16/2024,8,9,Wind,198,Tuesday,July,Summer,9494
6/22/2025,22,23,Wind,173,Sunday,June,Summer,2524
12/6/2023,21,22,Wind,340,Wednesday,December,Winter,2268
8/29/2025,12,13,Wind,241,Friday,August,Summer,16980
5/24/2022,18,19,Wind,144,Tuesday,May,Spring,4509
9/10/2023,23,0,Wind,253,Sunday,September,Fall,2891
4/14/2025,15,16,Solar,104,Monday,April,Spring,8284
2/14/2025,12,13,Solar,45,Friday,February,Winter,9622
5/24/2025,1,2,Wind,144,Saturday,May,Spring,2417
7/19/2022,10,11,Solar,200,Tuesday,July,Summer,6985
11/30/2023,23,0,Wind,334,Thursday,November,Fall,1459
2/3/2025,0,1,Wind,34,Monday,February,Winter,1663
7/2/2020,17,18,Wind,184,Thursday,July,Summer,6989
3/29/2025,15,16,Wind,88,Saturday,March,Spring,12588
10/20/2025,21,22,Wind,293,Monday,October,Fall,17019
7/11/2020,8,9,Wind,193,Saturday,July,Summer,2387
8/13/2021,10,11,Solar,225,Friday,August,Summer,3071
5/13/2025,19,20,Wind,133,Tuesday,May,Spring,3028
5/28/2022,7,8,Wind,148,Saturday,May,Spring,3736
5/25/2024,19,20,Solar,146,Saturday,May,Spring,2497
3/1/2024,16,17,Wind,61,Friday,March,Spring,15488
2/1/2025,12,13,Solar,32,Saturday,February,Winter,6265
1/29/2020,11,12,Wind,29,Wednesday,January,Winter,8656
6/24/2025,6,7,Wind,175,Tuesday,June,Summer,2381
7/25/2024,19,20,Wind,207,Thursday,July,Summer,3757
12/12/2021,15,16,Wind,346,Sunday,December,Winter,3406
7/30/2023,10,11,Wind,211,Sunday,July,Summer,10162
8/10/2021,12,13,Solar,222,Tuesday,August,Summer,5674
4/19/2023,6,7,Wind,109,Wednesday,April,Spring,6801
9/12/2025,21,22,Wind,255,Friday,September,Fall,6028
3/14/2023,13,14,Wind,73,Tuesday,March,Spring,20075
8/19/2022,13,14,Solar,231,Friday,August,Summer,8025
8/28/2021,16,17,Wind,240,Saturday,August,Summer,9387
3/3/2022,12,13,Solar,62,Thursday,March,Spring,4140
2/19/2020,12,13,Wind,50,Wednesday,February,Winter,8496
3/9/2022,22,23,Wind,68,Wednesday,March,Spring,6290
8/25/2023,10,11,Wind,237,Friday,August,Summer,7231
8/26/2023,18,19,Wind,238,Saturday,August,Summer,3633
1/5/2025,2,3,Wind,5,Sunday,January,Winter,11792
6/15/2023,17,18,Solar,166,Thursday,June,Summer,6607
6/22/2022,10,11,Solar,173,Wednesday,June,Summer,4827
7/28/2021,12,13,Wind,209,Wednesday,July,Summer,8959
8/9/2022,2,3,Wind,221,Tuesday,August,Summer,6809
9/19/2021,0,1,Wind,262,Sunday,September,Fall,3579
6/5/2022,22,23,Wind,156,Sunday,June,Summer,3284
5/17/2021,1,2,Wind,137,Monday,May,Spring,10855
1/6/2024,22,23,Wind,6,Saturday,January,Winter,7362
6/22/2025,8,9,Wind,173,Sunday,June,Summer,4620
5/24/2021,15,16,Wind,144,Monday,May,Spring,13322
12/16/2021,4,5,Wind,350,Thursday,December,Winter,1969
9/9/2021,14,15,Wind,252,Thursday,September,Fall,5286
11/28/2020,23,0,Wind,333,Saturday,November,Fall,4754
6/5/2020,15,16,Wind,157,Friday,June,Summer,14071
11/15/2024,16,17,Wind,320,Friday,November,Fall,1821
9/13/2024,16,17,Solar,257,Friday,September,Fall,10679
7/19/2022,17,18,Wind,200,Tuesday,July,Summer,8845
6/17/2021,2,3,Wind,168,Thursday,June,Summer,4974
2/22/2022,21,22,Wind,53,Tuesday,February,Winter,8837
1/17/2024,20,21,Wind,17,Wednesday,January,Winter,7330
4/8/2022,2,3,Wind,98,Friday,April,Spring,7881
10/30/2022,18,19,Wind,303,Sunday,October,Fall,1624
7/9/2023,9,10,Solar,190,Sunday,July,Summer,4410
6/2/2020,11,12,Solar,154,Tuesday,June,Summer,3384
7/21/2025,4,5,Wind,202,Monday,July,Summer,10394
10/18/2024,18,19,Wind,292,Friday,October,Fall,2532
9/2/2022,22,23,Wind,245,Friday,September,Fall,1024
5/27/2023,14,15,Solar,147,Saturday,May,Spring,5976
3/15/2020,8,9,Wind,75,Sunday,March,Spring,5982
10/23/2024,9,10,Wind,297,Wednesday,October,Fall,3405
12/25/2020,9,10,Wind,360,Friday,December,Winter,6570
3/12/2025,21,22,Wind,71,Wednesday,March,Spring,2248
3/3/2023,21,22,Wind,62,Friday,March,Spring,5856
10/10/2022,22,23,Wind,283,Monday,October,Fall,2564
6/24/2020,8,9,Wind,176,Wednesday,June,Summer,3766
10/26/2020,2,3,Wind,300,Monday,October,Fall,5700
1/10/2022,21,22,Wind,10,Monday,January,Winter,2603
9/3/2024,2,3,Wind,247,Tuesday,September,Fall,513
2/3/2021,7,8,Wind,34,Wednesday,February,Winter,9834
10/5/2020,6,7,Wind,279,Monday,October,Fall,9314
8/18/2021,18,19,Wind,230,Wednesday,August,Summer,3918
7/8/2021,3,4,Wind,189,Thursday,July,Summer,1458
8/20/2022,12,13,Solar,232,Saturday,August,Summer,6090
2/24/2023,13,14,Solar,55,Friday,February,Winter,6198
7/5/2025,9,10,Solar,186,Saturday,July,Summer,6839
1/21/2024,2,3,Wind,21,Sunday,January,Winter,11855
2/27/2021,23,0,Wind,58,Saturday,February,Winter,8380
10/13/2024,5,6,Wind,287,Sunday,October,Fall,2418
6/20/2022,3,4,Wind,171,Monday,June,Summer,4084
12/3/2023,5,6,Wind,337,Sunday,December,Winter,6861
8/4/2021,14,15,Solar,216,Wednesday,August,Summer,3337
7/7/2020,9,10,Solar,189,Tuesday,July,Summer,3236
10/10/2023,15,16,Solar,283,Tuesday,October,Fall,6674
2/11/2020,2,3,Wind,42,Tuesday,February,Winter,12337
7/2/2021,13,14,Solar,183,Friday,July,Summer,4836
8/27/2024,0,1,Wind,240,Tuesday,August,Summer,2350
7/18/2022,19,20,Wind,199,Monday,July,Summer,3281
10/8/2025,18,19,Wind,281,Wednesday,October,Fall,2375
12/6/2023,1,2,Wind,340,Wednesday,December,Winter,3323
9/30/2024,9,10,Wind,274,Monday,September,Fall,15849
5/5/2022,1,2,Wind,125,Thursday,May,Spring,2097
4/17/2020,18,19,Wind,108,Friday,April,Spring,2983
9/29/2020,12,13,Solar,273,Tuesday,September,Fall,3747
3/29/2023,17,18,Wind,88,Wednesday,March,Spring,9807
2/26/2025,5,6,Wind,57,Wednesday,February,Winter,7888
2/1/2025,23,0,Wind,32,Saturday,February,Winter,3977
4/30/2025,6,7,Wind,120,Wednesday,April,Spring,3827
4/23/2021,3,4,Wind,113,Friday,April,Spring,6116
7/11/2022,22,23,Wind,192,Monday,July,Summer,3652
6/26/2020,6,7,Wind,178,Friday,June,Summer,3199
8/2/2025,7,8,Wind,214,Saturday,August,Summer,4482
5/11/2025,17,18,Wind,131,Sunday,May,Spring,4090
11/16/2021,18,19,Wind,320,Tuesday,November,Fall,1101
4/20/2021,19,20,Wind,110,Tuesday,April,Spring,1160
3/24/2022,14,15,Solar,83,Thursday,March,Spring,6833
12/9/2020,7,8,Wind,344,Wednesday,December,Winter,2764
2/21/2020,10,11,Wind,52,Friday,February,Winter,5295
4/5/2025,21,22,Wind,95,Saturday,April,Spring,8059
9/6/2024,0,1,Wind,250,Friday,September,Fall,764
4/5/2025,4,5,Wind,95,Saturday,April,Spring,7492
7/13/2025,0,1,Wind,194,Sunday,July,Summer,4224
3/9/2024,21,22,Wind,69,Saturday,March,Spring,5774
4/7/2023,19,20,Wind,97,Friday,April,Spring,3276
8/2/2022,12,13,Solar,214,Tuesday,August,Summer,6726
6/17/2022,14,15,Solar,168,Friday,June,Summer,6767
8/14/2020,14,15,Solar,227,Friday,August,Summer,4993
12/3/2024,20,21,Wind,338,Tuesday,December,Winter,1073
10/13/2024,22,23,Wind,287,Sunday,October,Fall,2745
8/29/2023,0,1,Wind,241,Tuesday,August,Summer,2934
2/22/2023,4,5,Wind,53,Wednesday,February,Winter,3066
9/8/2021,5,6,Wind,251,Wednesday,September,Fall,5438
5/5/2022,10,11,Solar,125,Thursday,May,Spring,4537
11/4/2022,7,8,Wind,308,Friday,November,Fall,6522
7/16/2021,23,0,Wind,197,Friday,July,Summer,3250
7/23/2022,7,8,Wind,204,Saturday,July,Summer,1348
3/18/2025,15,16,Wind,77,Tuesday,March,Spring,14023
9/21/2023,22,23,Wind,264,Thursday,September,Fall,6683
4/24/2023,9,10,Wind,114,Monday,April,Spring,7316
9/3/2021,7,8,Wind,246,Friday,September,Fall,2116
9/2/2023,23,0,Wind,245,Saturday,September,Fall,4684
10/20/2021,6,7,Wind,293,Wednesday,October,Fall,10876
3/12/2021,23,0,Wind,71,Friday,March,Spring,13614
10/3/2025,6,7,Wind,276,Friday,October,Fall,5127
9/19/2023,23,0,Wind,262,Tuesday,September,Fall,6877
2/17/2020,1,2,Wind,48,Monday,February,Winter,8444
10/17/2022,6,7,Wind,290,Monday,October,Fall,7788
1/5/2022,3,4,Wind,5,Wednesday,January,Winter,7616
7/17/2025,9,10,Solar,198,Thursday,July,Summer,5531
9/22/2021,18,19,Wind,265,Wednesday,September,Fall,2088
6/20/2025,11,12,Solar,171,Friday,June,Summer,10259
2/18/2022,15,16,Wind,49,Friday,February,Winter,14791
4/3/2022,22,23,Wind,93,Sunday,April,Spring,1510
10/16/2020,18,19,Wind,290,Friday,October,Fall,1636
10/6/2022,5,6,Wind,279,Thursday,October,Fall,2090
4/28/2020,23,0,Wind,119,Tuesday,April,Spring,4946
3/13/2023,23,0,Wind,72,Monday,March,Spring,15758
5/26/2020,21,22,Wind,147,Tuesday,May,Spring,4408
9/29/2022,6,7,Wind,272,Thursday,September,Fall,1419
6/29/2025,4,5,Wind,180,Sunday,June,Summer,2696
6/26/2025,12,13,Wind,177,Thursday,June,Summer,14264
5/26/2020,18,19,Wind,147,Tuesday,May,Spring,6277
9/7/2021,17,18,Wind,250,Tuesday,September,Fall,6012
10/16/2020,5,6,Wind,290,Friday,October,Fall,3142
6/20/2025,22,23,Wind,171,Friday,June,Summer,4161
12/2/2020,14,15,Wind,337,Wednesday,December,Winter,2577
4/3/2020,13,14,Solar,94,Friday,April,Spring,5002
6/19/2023,12,13,Solar,170,Monday,June,Summer,6321
7/14/2022,21,22,Wind,195,Thursday,July,Summer,5239
3/17/2021,21,22,Wind,76,Wednesday,March,Spring,5437
12/8/2022,3,4,Wind,342,Thursday,December,Winter,1242
12/12/2020,19,20,Wind,347,Saturday,December,Winter,6484
9/15/2022,18,19,Wind,258,Thursday,September,Fall,3250
11/19/2023,6,7,Wind,323,Sunday,November,Fall,11720
3/8/2024,11,12,Wind,68,Friday,March,Spring,10265
11/13/2025,18,19,Wind,317,Thursday,November,Fall,10591
3/22/2020,21,22,Wind,82,Sunday,March,Spring,9593
5/22/2024,1,2,Wind,143,Wednesday,May,Spring,4611
7/25/2022,23,0,Wind,206,Monday,July,Summer,5596
1/1/2023,1,2,Wind,1,Sunday,January,Winter,11283
12/11/2020,1,2,Wind,346,Friday,December,Winter,6767
7/1/2023,5,6,Wind,182,Saturday,July,Summer,7440
5/3/2021,4,5,Wind,123,Monday,May,Spring,657
8/27/2020,15,16,Wind,240,Thursday,August,Summer,7459
12/27/2023,12,13,Wind,361,Wednesday,December,Winter,13912
4/11/2024,17,18,Solar,102,Thursday,April,Spring,5597
10/1/2021,22,23,Wind,274,Friday,October,Fall,4034
9/23/2025,12,13,Wind,266,Tuesday,September,Fall,12969
3/19/2021,20,21,Wind,78,Friday,March,Spring,7181
12/27/2020,19,20,Wind,362,Sunday,December,Winter,8326
5/10/2021,18,19,Wind,130,Monday,May,Spring,4506
11/3/2020,5,6,Wind,308,Tuesday,November,Fall,3252
11/3/2024,22,23,Wind,308,Sunday,November,Fall,2791
5/9/2021,4,5,Wind,129,Sunday,May,Spring,8251
6/10/2025,9,10,Solar,161,Tuesday,June,Summer,7037
3/6/2024,22,23,Wind,66,Wednesday,March,Spring,2314
11/3/2020,11,12,Wind,308,Tuesday,November,Fall,7836
9/18/2021,7,8,Wind,261,Saturday,September,Fall,1755
5/4/2020,19,20,Wind,125,Monday,May,Spring,4587
2/14/2022,18,19,Wind,45,Monday,February,Winter,6618
10/18/2020,18,19,Wind,292,Sunday,October,Fall,522
11/11/2020,6,7,Wind,316,Wednesday,November,Fall,733
5/13/2024,20,21,Wind,134,Monday,May,Spring,3925
1/14/2025,23,0,Wind,14,Tuesday,January,Winter,2984
8/26/2022,17,18,Solar,238,Friday,August,Summer,5462
6/26/2020,18,19,Wind,178,Friday,June,Summer,3680
4/24/2025,21,22,Wind,114,Thursday,April,Spring,4076
11/24/2025,22,23,Wind,328,Monday,November,Fall,9801
7/13/2023,5,6,Wind,194,Thursday,July,Summer,2155
8/28/2021,6,7,Wind,240,Saturday,August,Summer,3722
9/23/2025,15,16,Wind,266,Tuesday,September,Fall,12917
9/16/2022,10,11,Solar,259,Friday,September,Fall,4975
3/10/2022,17,18,Wind,69,Thursday,March,Spring,4799
6/7/2025,8,9,Wind,158,Saturday,June,Summer,9072
7/25/2025,4,5,Wind,206,Friday,July,Summer,2111
12/14/2020,13,14,Wind,349,Monday,December,Winter,6019
4/21/2021,20,21,Wind,111,Wednesday,April,Spring,5054
10/19/2022,21,22,Wind,292,Wednesday,October,Fall,7426
4/13/2025,13,14,Wind,103,Sunday,April,Spring,4783
11/7/2025,0,1,Wind,311,Friday,November,Fall,2662
8/20/2024,7,8,Wind,233,Tuesday,August,Summer,3600
7/30/2024,21,22,Wind,212,Tuesday,July,Summer,2502
3/7/2023,22,23,Wind,66,Tuesday,March,Spring,6916
12/13/2020,3,4,Wind,348,Sunday,December,Winter,4008
3/17/2023,13,14,Wind,76,Friday,March,Spring,12263
9/11/2023,4,5,Wind,254,Monday,September,Fall,1317
3/12/2023,1,2,Wind,71,Sunday,March,Spring,6082
10/14/2020,18,19,Wind,288,Wednesday,October,Fall,5325
11/6/2025,12,13,Wind,310,Thursday,November,Fall,6278
4/26/2024,16,17,Solar,117,Friday,April,Spring,5775
11/3/2024,3,4,Wind,308,Sunday,November,Fall,3106
6/22/2022,23,0,Wind,173,Wednesday,June,Summer,1640
3/20/2020,23,0,Wind,80,Friday,March,Spring,8105
8/19/2025,19,20,Wind,231,Tuesday,August,Summer,4330
9/28/2021,10,11,Solar,271,Tuesday,September,Fall,3345
8/22/2021,12,13,Wind,234,Sunday,August,Summer,8102
5/4/2024,12,13,Wind,125,Saturday,May,Spring,9129
10/4/2024,3,4,Wind,278,Friday,October,Fall,4898
3/4/2022,23,0,Wind,63,Friday,March,Spring,3137
12/10/2022,19,20,Wind,344,Saturday,December,Winter,1861
1/29/2025,3,4,Wind,29,Wednesday,January,Winter,15556
1/10/2021,10,11,Wind,10,Sunday,January,Winter,4394
11/15/2020,0,1,Wind,320,Sunday,November,Fall,10818
4/18/2020,15,16,Solar,109,Saturday,April,Spring,2973
2/3/2022,5,6,Wind,34,Thursday,February,Winter,2929
9/13/2022,21,22,Wind,256,Tuesday,September,Fall,2822
11/26/2024,17,18,Wind,331,Tuesday,November,Fall,3769
1/27/2021,10,11,Wind,27,Wednesday,January,Winter,5277
8/21/2025,17,18,Wind,233,Thursday,August,Summer,10878
7/11/2025,1,2,Wind,192,Friday,July,Summer,4862
12/31/2022,4,5,Wind,365,Saturday,December,Winter,15764
8/8/2023,10,11,Solar,220,Tuesday,August,Summer,7019
12/29/2020,21,22,Wind,364,Tuesday,December,Winter,3155
9/1/2021,11,12,Wind,244,Wednesday,September,Fall,9100
12/7/2020,5,6,Wind,342,Monday,December,Winter,910
10/4/2025,15,16,Wind,277,Saturday,October,Fall,13739
6/19/2025,5,6,Wind,170,Thursday,June,Summer,4974
9/3/2022,17,18,Wind,246,Saturday,September,Fall,5467
7/1/2024,16,17,Solar,183,Monday,July,Summer,9539
9/18/2021,15,16,Solar,261,Saturday,September,Fall,3777
1/14/2020,12,13,Wind,14,Tuesday,January,Winter,14254
9/20/2021,2,3,Wind,263,Monday,September,Fall,1783
12/11/2021,3,4,Wind,345,Saturday,December,Winter,7886
4/4/2020,21,22,Wind,95,Saturday,April,Spring,5074
11/5/2022,18,19,Wind,309,Saturday,November,Fall,5536
7/26/2021,20,21,Wind,207,Monday,July,Summer,2420
11/26/2022,12,13,Wind,330,Saturday,November,Fall,5590
9/18/2020,13,14,Wind,262,Friday,September,Fall,6346
2/4/2020,16,17,Wind,35,Tuesday,February,Winter,11924
5/14/2024,4,5,Wind,135,Tuesday,May,Spring,7995
7/28/2023,19,20,Wind,209,Friday,July,Summer,5624
6/29/2022,17,18,Solar,180,Wednesday,June,Summer,5001
6/24/2023,23,0,Wind,175,Saturday,June,Summer,2828
5/27/2023,8,9,Wind,147,Saturday,May,Spring,5721
6/16/2025,20,21,Wind,167,Monday,June,Summer,2901
6/10/2023,18,19,Solar,161,Saturday,June,Summer,4468
8/1/2025,8,9,Solar,213,Friday,August,Summer,3518
10/18/2023,2,3,Wind,291,Wednesday,October,Fall,10652
3/18/2020,16,17,Solar,78,Wednesday,March,Spring,2387
3/14/2024,8,9,Wind,74,Thursday,March,Spring,7457
5/16/2025,23,0,Wind,136,Friday,May,Spring,8373
2/18/2023,0,1,Wind,49,Saturday,February,Winter,5548
7/23/2022,16,17,Solar,204,Saturday,July,Summer,6197
8/16/2022,12,13,Solar,228,Tuesday,August,Summer,6043
2/18/2024,12,13,Wind,49,Sunday,February,Winter,14825
12/20/2024,3,4,Wind,355,Friday,December,Winter,8808
10/25/2022,22,23,Wind,298,Tuesday,October,Fall,6592
12/11/2022,21,22,Wind,345,Sunday,December,Winter,1627
11/4/2025,18,19,Wind,308,Tuesday,November,Fall,14445
8/14/2020,0,1,Wind,227,Friday,August,Summer,2144
5/10/2020,13,14,Wind,131,Sunday,May,Spring,2623
3/3/2020,20,21,Wind,63,Tuesday,March,Spring,2875
12/18/2022,0,1,Wind,352,Sunday,December,Winter,4061
10/11/2022,17,18,Solar,284,Tuesday,October,Fall,1835
11/3/2021,16,17,Wind,307,Wednesday,November,Fall,3274
3/3/2023,2,3,Wind,62,Friday,March,Spring,4064
7/30/2022,14,15,Solar,211,Saturday,July,Summer,7363
4/27/2022,19,20,Wind,117,Wednesday,April,Spring,6697
11/8/2025,1,2,Wind,312,Saturday,November,Fall,1793
5/31/2025,3,4,Wind,151,Saturday,May,Spring,879
8/8/2020,13,14,Solar,221,Saturday,August,Summer,4095
5/31/2025,18,19,Solar,151,Saturday,May,Spring,5672
8/16/2025,10,11,Solar,228,Saturday,August,Summer,10645
12/25/2023,14,15,Wind,359,Monday,December,Winter,14253
6/1/2022,19,20,Wind,152,Wednesday,June,Summer,2649
4/13/2023,1,2,Wind,103,Thursday,April,Spring,15743
7/21/2020,22,23,Wind,203,Tuesday,July,Summer,5093
5/1/2020,21,22,Wind,122,Friday,May,Spring,7037
1/1/2024,3,4,Wind,1,Monday,January,Winter,9309
1/16/2024,15,16,Solar,16,Tuesday,January,Winter,1871
7/11/2025,14,15,Solar,192,Friday,July,Summer,13109
6/29/2020,3,4,Wind,181,Monday,June,Summer,2917
1/17/2024,18,19,Wind,17,Wednesday,January,Winter,9363
3/31/2025,10,11,Solar,90,Monday,March,Spring,9527
9/22/2021,3,4,Wind,265,Wednesday,September,Fall,2010
1/3/2021,8,9,Wind,3,Sunday,January,Winter,1604
4/1/2023,15,16,Wind,91,Saturday,April,Spring,16341
2/14/2025,9,10,Wind,45,Friday,February,Winter,6637
9/14/2024,23,0,Wind,258,Saturday,September,Fall,3929
2/9/2023,6,7,Wind,40,Thursday,February,Winter,1172
10/23/2023,4,5,Wind,296,Monday,October,Fall,5375
1/31/2021,6,7,Wind,31,Sunday,January,Winter,3009
2/26/2023,11,12,Wind,57,Sunday,February,Winter,22043
7/25/2025,14,15,Solar,206,Friday,July,Summer,9373
11/23/2024,21,22,Wind,328,Saturday,November,Fall,19031
7/1/2022,22,23,Wind,182,Friday,July,Summer,845
6/6/2021,21,22,Wind,157,Sunday,June,Summer,1802
7/8/2024,8,9,Solar,190,Monday,July,Summer,3111
4/7/2024,23,0,Wind,98,Sunday,April,Spring,4677
5/17/2021,12,13,Wind,137,Monday,May,Spring,15300
3/15/2023,19,20,Wind,74,Wednesday,March,Spring,2059
2/18/2024,0,1,Wind,49,Sunday,February,Winter,5504
3/25/2025,21,22,Wind,84,Tuesday,March,Spring,3839
5/5/2020,8,9,Wind,126,Tuesday,May,Spring,5591
5/3/2025,3,4,Wind,123,Saturday,May,Spring,6936
6/4/2023,23,0,Wind,155,Sunday,June,Summer,6760
9/22/2023,22,23,Wind,265,Friday,September,Fall,6457
5/10/2020,5,6,Wind,131,Sunday,May,Spring,2056
7/11/2020,11,12,Solar,193,Saturday,July,Summer,4885
7/21/2024,0,1,Wind,203,Sunday,July,Summer,3435
7/18/2023,9,10,Solar,199,Tuesday,July,Summer,4325
6/29/2025,1,2,Wind,180,Sunday,June,Summer,3834
5/22/2024,9,10,Wind,143,Wednesday,May,Spring,8005
4/8/2024,22,23,Wind,99,Monday,April,Spring,9778
7/5/2020,1,2,Wind,187,Sunday,July,Summer,7405
1/11/2021,17,18,Wind,11,Monday,January,Winter,6090
2/28/2021,3,4,Wind,59,Sunday,February,Winter,7607
8/13/2024,5,6,Wind,226,Tuesday,August,Summer,1209
5/29/2020,10,11,Solar,150,Friday,May,Spring,5407
2/25/2022,19,20,Wind,56,Friday,February,Winter,3155
8/24/2024,13,14,Wind,237,Saturday,August,Summer,10581
8/19/2023,11,12,Solar,231,Saturday,August,Summer,6990
3/3/2020,7,8,Wind,63,Tuesday,March,Spring,4102
8/17/2021,17,18,Wind,229,Tuesday,August,Summer,7713
3/3/2024,0,1,Wind,63,Sunday,March,Spring,2949
8/30/2020,0,1,Wind,243,Sunday,August,Summer,2869
10/9/2021,2,3,Wind,282,Saturday,October,Fall,3926
5/10/2020,17,18,Wind,131,Sunday,May,Spring,4035
3/27/2020,18,19,Wind,87,Friday,March,Spring,2867
11/11/2023,13,14,Solar,315,Saturday,November,Fall,5880
10/31/2023,1,2,Wind,304,Tuesday,October,Fall,7202
3/15/2025,10,11,Wind,74,Saturday,March,Spring,15859
9/22/2023,14,15,Wind,265,Friday,September,Fall,13152
2/19/2023,9,10,Wind,50,Sunday,February,Winter,5578
5/4/2023,8,9,Wind,124,Thursday,May,Spring,7756
6/13/2021,14,15,Solar,164,Sunday,June,Summer,5069
1/25/2022,9,10,Solar,25,Tuesday,January,Winter,1114
7/8/2023,21,22,Wind,189,Saturday,July,Summer,1136
9/29/2021,6,7,Wind,272,Wednesday,September,Fall,6686
6/26/2020,11,12,Solar,178,Friday,June,Summer,4861
7/26/2022,12,13,Solar,207,Tuesday,July,Summer,6546
6/13/2022,14,15,Solar,164,Monday,June,Summer,7174
7/3/2021,8,9,Wind,184,Saturday,July,Summer,2116
1/14/2024,12,13,Solar,14,Sunday,January,Winter,3571
3/7/2024,8,9,Wind,67,Thursday,March,Spring,7880
6/17/2021,10,11,Wind,168,Thursday,June,Summer,5129
3/17/2025,17,18,Wind,76,Monday,March,Spring,12710
8/20/2023,23,0,Wind,232,Sunday,August,Summer,2891
2/16/2021,7,8,Wind,47,Tuesday,February,Winter,10321
11/13/2022,16,17,Wind,317,Sunday,November,Fall,1605
8/19/2020,18,19,Wind,232,Wednesday,August,Summer,5719
5/19/2024,16,17,Solar,140,Sunday,May,Spring,2867
1/13/2022,20,21,Wind,13,Thursday,January,Winter,2891
6/7/2025,6,7,Wind,158,Saturday,June,Summer,7180
4/18/2021,23,0,Wind,108,Sunday,April,Spring,1954
8/1/2021,5,6,Wind,213,Sunday,August,Summer,2357
4/27/2021,0,1,Wind,117,Tuesday,April,Spring,6406
5/31/2023,9,10,Wind,151,Wednesday,May,Spring,7949
10/3/2023,9,10,Wind,276,Tuesday,October,Fall,9763
5/13/2020,19,20,Wind,134,Wednesday,May,Spring,8135
6/12/2023,22,23,Wind,163,Monday,June,Summer,2753
11/11/2022,4,5,Wind,315,Friday,November,Fall,2858
4/14/2021,13,14,Wind,104,Wednesday,April,Spring,8978
12/16/2023,2,3,Wind,350,Saturday,December,Winter,1986
7/17/2021,22,23,Wind,198,Saturday,July,Summer,4501
4/18/2024,16,17,Solar,109,Thursday,April,Spring,8128
7/19/2025,18,19,Wind,200,Saturday,July,Summer,8795
1/26/2023,6,7,Wind,26,Thursday,January,Winter,2238
8/11/2022,21,22,Wind,223,Thursday,August,Summer,4852
6/21/2024,21,22,Wind,173,Friday,June,Summer,4798
3/22/2023,9,10,Wind,81,Wednesday,March,Spring,13652
8/3/2025,14,15,Solar,215,Sunday,August,Summer,6657
2/13/2020,1,2,Wind,44,Thursday,February,Winter,7835
1/4/2021,8,9,Wind,4,Monday,January,Winter,1699
5/7/2022,11,12,Solar,127,Saturday,May,Spring,6711
7/31/2020,10,11,Solar,213,Friday,July,Summer,4357
5/23/2024,6,7,Wind,144,Thursday,May,Spring,2688
7/11/2021,21,22,Wind,192,Sunday,July,Summer,868
9/26/2025,22,23,Wind,269,Friday,September,Fall,313
5/6/2024,6,7,Wind,127,Monday,May,Spring,3361
9/12/2023,13,14,Solar,255,Tuesday,September,Fall,4933
5/25/2023,20,21,Wind,145,Thursday,May,Spring,7031
11/30/2021,21,22,Wind,334,Tuesday,November,Fall,12769
5/12/2024,17,18,Wind,133,Sunday,May,Spring,6724
11/2/2023,10,11,Wind,306,Thursday,November,Fall,15126
8/5/2023,5,6,Wind,217,Saturday,August,Summer,2691
2/4/2024,23,0,Wind,35,Sunday,February,Winter,7222
6/2/2022,8,9,Wind,153,Thursday,June,Summer,3841
1/29/2021,10,11,Wind,29,Friday,January,Winter,14856
10/11/2021,5,6,Wind,284,Monday,October,Fall,2918
8/15/2024,3,4,Wind,228,Thursday,August,Summer,1492
4/28/2020,1,2,Wind,119,Tuesday,April,Spring,2577
5/8/2020,17,18,Solar,129,Friday,May,Spring,3383
11/26/2023,9,10,Wind,330,Sunday,November,Fall,3686
11/22/2022,23,0,Wind,326,Tuesday,November,Fall,8882
12/9/2020,17,18,Wind,344,Wednesday,December,Winter,2329
4/27/2022,14,15,Solar,117,Wednesday,April,Spring,9731
11/6/2022,7,8,Wind,310,Sunday,November,Fall,8112
6/15/2023,19,20,Wind,166,Thursday,June,Summer,3676
5/8/2022,10,11,Solar,128,Sunday,May,Spring,6177
10/11/2021,0,1,Wind,284,Monday,October,Fall,3875
6/24/2020,4,5,Wind,176,Wednesday,June,Summer,4432
5/9/2021,19,20,Wind,129,Sunday,May,Spring,9742
5/30/2020,19,20,Wind,151,Saturday,May,Spring,4315
11/24/2020,0,1,Wind,329,Tuesday,November,Fall,1746
12/27/2021,10,11,Wind,361,Monday,December,Winter,8533
10/20/2020,7,8,Wind,294,Tuesday,October,Fall,10025
6/8/2025,23,0,Wind,159,Sunday,June,Summer,2194
2/15/2021,8,9,Wind,46,Monday,February,Winter,10609
3/18/2021,19,20,Wind,77,Thursday,March,Spring,3876
5/17/2021,15,16,Wind,137,Monday,May,Spring,15134
1/20/2020,21,22,Wind,20,Monday,January,Winter,5336
4/10/2022,0,1,Wind,100,Sunday,April,Spring,1683
10/15/2025,18,19,Wind,288,Wednesday,October,Fall,5526
1/7/2020,13,14,Wind,7,Tuesday,January,Winter,4300
8/28/2021,5,6,Wind,240,Saturday,August,Summer,3976
12/21/2020,11,12,Wind,356,Monday,December,Winter,12351
10/22/2023,8,9,Wind,295,Sunday,October,Fall,6622
9/13/2023,6,7,Wind,256,Wednesday,September,Fall,1142
3/18/2023,0,1,Wind,77,Saturday,March,Spring,6164
11/11/2022,13,14,Solar,315,Friday,November,Fall,6121
8/4/2020,7,8,Wind,217,Tuesday,August,Summer,1848
9/24/2021,19,20,Wind,267,Friday,September,Fall,811
4/6/2023,17,18,Wind,96,Thursday,April,Spring,9974
1/24/2025,12,13,Wind,24,Friday,January,Winter,20266
2/27/2024,7,8,Wind,58,Tuesday,February,Winter,11863
7/13/2024,2,3,Wind,195,Saturday,July,Summer,1314
10/16/2025,18,19,Wind,289,Thursday,October,Fall,4569
1/19/2023,0,1,Wind,19,Thursday,January,Winter,3941
10/29/2020,12,13,Wind,303,Thursday,October,Fall,8304
4/13/2023,10,11,Wind,103,Thursday,April,Spring,12488
11/16/2020,12,13,Wind,321,Monday,November,Fall,8614
7/29/2023,18,19,Wind,210,Saturday,July,Summer,9214
11/12/2025,22,23,Wind,316,Wednesday,November,Fall,13981
10/26/2025,5,6,Wind,299,Sunday,October,Fall,9488
10/2/2025,13,14,Solar,275,Thursday,October,Fall,10562
9/1/2020,16,17,Solar,245,Tuesday,September,Fall,4322
9/19/2024,7,8,Wind,263,Thursday,September,Fall,8099
5/15/2021,4,5,Wind,135,Saturday,May,Spring,4140
2/13/2021,18,19,Wind,44,Saturday,February,Winter,6179
8/20/2023,3,4,Wind,232,Sunday,August,Summer,1018
3/17/2025,9,10,Solar,76,Monday,March,Spring,9414
4/15/2023,19,20,Wind,105,Saturday,April,Spring,10025
10/6/2022,6,7,Wind,279,Thursday,October,Fall,1907
12/20/2023,1,2,Wind,354,Wednesday,December,Winter,8716
4/20/2025,21,22,Wind,110,Sunday,April,Spring,3971
11/28/2024,6,7,Wind,333,Thursday,November,Fall,2505
9/7/2025,5,6,Wind,250,Sunday,September,Fall,6061
8/19/2024,14,15,Solar,232,Monday,August,Summer,9521
11/20/2022,17,18,Wind,324,Sunday,November,Fall,9046
2/9/2021,3,4,Wind,40,Tuesday,February,Winter,2115
5/10/2021,16,17,Wind,130,Monday,May,Spring,7215
12/23/2020,0,1,Wind,358,Wednesday,December,Winter,7054
9/12/2020,12,13,Solar,256,Saturday,September,Fall,4331
10/11/2024,5,6,Wind,285,Friday,October,Fall,622
1/21/2024,16,17,Wind,21,Sunday,January,Winter,14424
6/30/2023,15,16,Wind,181,Friday,June,Summer,9841
2/17/2023,2,3,Wind,48,Friday,February,Winter,7016
8/3/2023,15,16,Wind,215,Thursday,August,Summer,12675
12/28/2023,20,21,Wind,362,Thursday,December,Winter,13984
5/10/2020,12,13,Wind,131,Sunday,May,Spring,2636
11/3/2025,18,19,Wind,307,Monday,November,Fall,8937
2/3/2025,21,22,Wind,34,Monday,February,Winter,1946
2/24/2024,0,1,Wind,55,Saturday,February,Winter,6656
9/6/2020,0,1,Wind,250,Sunday,September,Fall,2406
8/19/2020,14,15,Wind,232,Wednesday,August,Summer,7727
2/22/2021,20,21,Wind,53,Monday,February,Winter,5302
9/6/2021,11,12,Solar,249,Monday,September,Fall,4607
4/5/2024,7,8,Wind,96,Friday,April,Spring,14615
12/24/2020,7,8,Wind,359,Thursday,December,Winter,11043
4/11/2023,21,22,Wind,101,Tuesday,April,Spring,8468
5/6/2025,23,0,Wind,126,Tuesday,May,Spring,9254
3/10/2023,19,20,Wind,69,Friday,March,Spring,6183
7/27/2024,13,14,Solar,209,Saturday,July,Summer,6448
8/15/2022,9,10,Wind,227,Monday,August,Summer,4944
1/24/2024,8,9,Wind,24,Wednesday,January,Winter,15725
6/11/2024,6,7,Wind,163,Tuesday,June,Summer,1917
10/5/2024,20,21,Wind,279,Saturday,October,Fall,7671
5/22/2020,6,7,Wind,143,Friday,May,Spring,3939
12/31/2021,0,1,Wind,365,Friday,December,Winter,5685
7/26/2025,4,5,Wind,207,Saturday,July,Summer,2368
1/25/2020,11,12,Solar,25,Saturday,January,Winter,2622
11/30/2021,8,9,Wind,334,Tuesday,November,Fall,11135
6/2/2022,20,21,Wind,153,Thursday,June,Summer,2050
12/12/2024,21,22,Wind,347,Thursday,December,Winter,3531
8/25/2024,16,17,Solar,238,Sunday,August,Summer,4862
1/2/2020,12,13,Wind,2,Thursday,January,Winter,4169
9/7/2023,5,6,Wind,250,Thursday,September,Fall,2215
7/17/2023,21,22,Wind,198,Monday,July,Summer,1150
6/4/2025,11,12,Solar,155,Wednesday,June,Summer,6538
9/12/2022,23,0,Wind,255,Monday,September,Fall,2700
9/16/2020,0,1,Wind,260,Wednesday,September,Fall,800
4/6/2020,14,15,Wind,97,Monday,April,Spring,6087
3/6/2022,21,22,Wind,65,Sunday,March,Spring,7693
12/20/2022,5,6,Wind,354,Tuesday,December,Winter,13622
3/19/2023,18,19,Wind,78,Sunday,March,Spring,3522
5/14/2021,22,23,Wind,134,Friday,May,Spring,3321
3/19/2022,20,21,Wind,78,Saturday,March,Spring,9623
4/15/2023,11,12,Wind,105,Saturday,April,Spring,12042
11/10/2020,0,1,Wind,315,Tuesday,November,Fall,1153
10/8/2025,4,5,Wind,281,Wednesday,October,Fall,584
7/29/2025,19,20,Wind,210,Tuesday,July,Summer,5792
10/8/2021,2,3,Wind,281,Friday,October,Fall,3432
3/11/2022,18,19,Wind,70,Friday,March,Spring,10430
10/7/2025,17,18,Solar,280,Tuesday,October,Fall,3781
2/26/2025,16,17,Wind,57,Wednesday,February,Winter,15275
1/27/2023,20,21,Wind,27,Friday,January,Winter,7462
7/4/2024,1,2,Wind,186,Thursday,July,Summer,6505
8/27/2025,5,6,Wind,239,Wednesday,August,Summer,2086
4/13/2020,3,4,Wind,104,Monday,April,Spring,3469
11/3/2020,0,1,Wind,308,Tuesday,November,Fall,3597
4/21/2025,20,21,Wind,111,Monday,April,Spring,3158
4/13/2021,18,19,Wind,103,Tuesday,April,Spring,4444
11/14/2024,23,0,Wind,319,Thursday,November,Fall,3238
3/1/2022,2,3,Wind,60,Tuesday,March,Spring,2865
3/20/2023,20,21,Wind,79,Monday,March,Spring,1690
7/15/2024,12,13,Solar,197,Monday,July,Summer,8737
7/27/2025,2,3,Wind,208,Sunday,July,Summer,2172
8/5/2022,4,5,Wind,217,Friday,August,Summer,2957
12/10/2024,10,11,Wind,345,Tuesday,December,Winter,10560
12/19/2023,20,21,Wind,353,Tuesday,December,Winter,11260
8/11/2022,8,9,Wind,223,Thursday,August,Summer,4398
7/15/2021,6,7,Wind,196,Thursday,July,Summer,7253
3/29/2025,16,17,Wind,88,Saturday,March,Spring,11249
9/5/2025,20,21,Wind,248,Friday,September,Fall,687
11/11/2025,7,8,Wind,315,Tuesday,November,Fall,8058
6/18/2024,17,18,Solar,170,Tuesday,June,Summer,6244
4/4/2020,0,1,Wind,95,Saturday,April,Spring,996
3/31/2024,11,12,Wind,91,Sunday,March,Spring,10457
8/2/2022,21,22,Wind,214,Tuesday,August,Summer,957
7/20/2025,1,2,Wind,201,Sunday,July,Summer,4506
8/3/2023,1,2,Wind,215,Thursday,August,Summer,14771
7/12/2025,11,12,Solar,193,Saturday,July,Summer,9607
1/26/2020,21,22,Wind,26,Sunday,January,Winter,8371
5/16/2022,8,9,Wind,136,Monday,May,Spring,5803
5/23/2021,0,1,Wind,143,Sunday,May,Spring,5905
3/18/2021,2,3,Wind,77,Thursday,March,Spring,3524
2/4/2021,1,2,Wind,35,Thursday,February,Winter,5125
6/10/2020,22,23,Wind,162,Wednesday,June,Summer,731
7/9/2023,18,19,Solar,190,Sunday,July,Summer,4652
8/13/2023,5,6,Wind,225,Sunday,August,Summer,931
3/20/2025,0,1,Wind,79,Thursday,March,Spring,6946
8/8/2023,3,4,Wind,220,Tuesday,August,Summer,1820
7/3/2023,14,15,Wind,184,Monday,July,Summer,11480
9/30/2023,1,2,Wind,273,Saturday,September,Fall,663
1/10/2020,22,23,Wind,10,Friday,January,Winter,1571
12/30/2024,12,13,Solar,365,Monday,December,Winter,3281
5/2/2021,18,19,Solar,122,Sunday,May,Spring,3016
8/7/2021,18,19,Wind,219,Saturday,August,Summer,11586
5/28/2021,0,1,Wind,148,Friday,May,Spring,2572
5/16/2022,11,12,Solar,136,Monday,May,Spring,7699
1/4/2020,23,0,Wind,4,Saturday,January,Winter,1931
11/8/2020,8,9,Wind,313,Sunday,November,Fall,3916
7/27/2023,7,8,Wind,208,Thursday,July,Summer,9065
9/10/2024,0,1,Wind,254,Tuesday,September,Fall,4683
3/19/2021,6,7,Wind,78,Friday,March,Spring,5907
2/28/2020,3,4,Wind,59,Friday,February,Winter,2643
5/18/2023,0,1,Wind,138,Thursday,May,Spring,7850
4/20/2020,3,4,Wind,111,Monday,April,Spring,5296
4/9/2020,6,7,Wind,100,Thursday,April,Spring,723
5/3/2025,13,14,Solar,123,Saturday,May,Spring,5971
7/30/2025,3,4,Wind,211,Wednesday,July,Summer,1452
4/28/2020,4,5,Wind,119,Tuesday,April,Spring,3067
2/26/2023,21,22,Wind,57,Sunday,February,Winter,14492
4/11/2021,14,15,Wind,101,Sunday,April,Spring,7658
5/8/2024,14,15,Solar,129,Wednesday,May,Spring,9558
4/8/2020,8,9,Wind,99,Wednesday,April,Spring,2303
7/4/2021,4,5,Wind,185,Sunday,July,Summer,862
1/28/2025,17,18,Wind,28,Tuesday,January,Winter,19004
11/14/2020,19,20,Wind,319,Saturday,November,Fall,11103
7/21/2020,0,1,Wind,203,Tuesday,July,Summer,4876
10/4/2022,1,2,Wind,277,Tuesday,October,Fall,1416
8/4/2024,17,18,Solar,217,Sunday,August,Summer,6580
1/2/2020,23,0,Wind,2,Thursday,January,Winter,6857
7/10/2021,20,21,Wind,191,Saturday,July,Summer,2043
2/26/2022,21,22,Wind,57,Saturday,February,Winter,9716
11/29/2022,17,18,Wind,333,Tuesday,November,Fall,1111
6/8/2025,7,8,Wind,159,Sunday,June,Summer,8306
4/5/2022,18,19,Wind,95,Tuesday,April,Spring,8495
3/10/2024,7,8,Wind,70,Sunday,March,Spring,2181
8/23/2020,19,20,Wind,236,Sunday,August,Summer,4332
11/24/2020,3,4,Wind,329,Tuesday,November,Fall,1768
7/23/2024,5,6,Wind,205,Tuesday,July,Summer,5404
5/23/2024,2,3,Wind,144,Thursday,May,Spring,2979
4/16/2023,5,6,Wind,106,Sunday,April,Spring,5054
6/6/2025,13,14,Wind,157,Friday,June,Summer,7339
1/19/2024,2,3,Wind,19,Friday,January,Winter,2193
12/17/2023,15,16,Solar,351,Sunday,December,Winter,3018
3/21/2025,18,19,Wind,80,Friday,March,Spring,8152
9/6/2020,2,3,Wind,250,Sunday,September,Fall,1961
12/4/2020,2,3,Wind,339,Friday,December,Winter,12264
7/17/2024,10,11,Solar,199,Wednesday,July,Summer,6067
10/1/2025,13,14,Solar,274,Wednesday,October,Fall,10058
3/30/2021,11,12,Solar,89,Tuesday,March,Spring,4810
5/24/2024,23,0,Wind,145,Friday,May,Spring,703
2/16/2023,11,12,Solar,47,Thursday,February,Winter,7999
11/2/2025,22,23,Wind,306,Sunday,November,Fall,8643
7/31/2024,21,22,Wind,213,Wednesday,July,Summer,1578
12/31/2024,8,9,Wind,366,Tuesday,December,Winter,4218
1/12/2023,5,6,Wind,12,Thursday,January,Winter,15968
3/9/2024,0,1,Wind,69,Saturday,March,Spring,11075
4/21/2025,6,7,Wind,111,Monday,April,Spring,3806
6/19/2022,16,17,Wind,170,Sunday,June,Summer,12018
3/24/2022,9,10,Solar,83,Thursday,March,Spring,4911
12/6/2023,14,15,Solar,340,Wednesday,December,Winter,3145
10/22/2020,15,16,Wind,296,Thursday,October,Fall,4372
9/1/2022,3,4,Wind,244,Thursday,September,Fall,3514
2/17/2023,6,7,Wind,48,Friday,February,Winter,7645
6/14/2025,19,20,Wind,165,Saturday,June,Summer,4111
9/28/2025,15,16,Solar,271,Sunday,September,Fall,5298
11/4/2025,11,12,Wind,308,Tuesday,November,Fall,13899
7/5/2021,12,13,Solar,186,Monday,July,Summer,7806
2/21/2022,3,4,Wind,52,Monday,February,Winter,14976
11/17/2025,20,21,Wind,321,Monday,November,Fall,5188
8/23/2024,7,8,Wind,236,Friday,August,Summer,11855
3/31/2022,13,14,Wind,90,Thursday,March,Spring,11938
9/28/2021,17,18,Wind,271,Tuesday,September,Fall,3222
6/24/2024,4,5,Wind,176,Monday,June,Summer,2733
9/3/2021,22,23,Wind,246,Friday,September,Fall,1704
10/3/2022,19,20,Wind,276,Monday,October,Fall,1114
8/22/2022,5,6,Wind,234,Monday,August,Summer,1373
2/27/2022,4,5,Wind,58,Sunday,February,Winter,8949
6/28/2022,23,0,Wind,179,Tuesday,June,Summer,1723
8/22/2025,0,1,Wind,234,Friday,August,Summer,6431
5/5/2023,18,19,Solar,125,Friday,May,Spring,4662
3/19/2022,13,14,Wind,78,Saturday,March,Spring,12710
4/18/2021,9,10,Solar,108,Sunday,April,Spring,3757
7/11/2025,17,18,Solar,192,Friday,July,Summer,11291
9/4/2025,19,20,Wind,247,Thursday,September,Fall,8069
10/21/2022,14,15,Wind,294,Friday,October,Fall,9441
7/27/2020,10,11,Wind,209,Monday,July,Summer,6801
7/9/2020,16,17,Wind,191,Thursday,July,Summer,7247
6/19/2023,16,17,Solar,170,Monday,June,Summer,4302
8/13/2020,7,8,Wind,226,Thursday,August,Summer,1791
9/21/2023,23,0,Wind,264,Thursday,September,Fall,7242
7/25/2022,10,11,Wind,206,Monday,July,Summer,8474
11/27/2023,18,19,Wind,331,Monday,November,Fall,11622
4/9/2022,10,11,Solar,99,Saturday,April,Spring,5360
11/2/2022,5,6,Wind,306,Wednesday,November,Fall,6705
8/17/2022,5,6,Wind,229,Wednesday,August,Summer,1436
4/20/2021,7,8,Wind,110,Tuesday,April,Spring,703
8/15/2024,6,7,Wind,228,Thursday,August,Summer,1268
7/11/2022,6,7,Wind,192,Monday,July,Summer,3830
7/2/2022,2,3,Wind,183,Saturday,July,Summer,670
5/24/2021,5,6,Wind,144,Monday,May,Spring,8343
2/24/2023,9,10,Wind,55,Friday,February,Winter,5199
4/14/2021,15,16,Wind,104,Wednesday,April,Spring,9278
4/12/2025,22,23,Wind,102,Saturday,April,Spring,8931
12/22/2022,10,11,Wind,356,Thursday,December,Winter,12428
1/18/2024,2,3,Wind,18,Thursday,January,Winter,7810
5/31/2024,16,17,Wind,152,Friday,May,Spring,7089
9/9/2021,13,14,Wind,252,Thursday,September,Fall,5141
4/13/2025,12,13,Wind,103,Sunday,April,Spring,4906
3/23/2024,22,23,Wind,83,Saturday,March,Spring,9137
2/26/2025,23,0,Wind,57,Wednesday,February,Winter,8535
8/3/2022,0,1,Wind,215,Wednesday,August,Summer,1047
4/7/2025,22,23,Wind,97,Monday,April,Spring,5598
9/15/2021,12,13,Solar,258,Wednesday,September,Fall,3974
3/26/2023,3,4,Wind,85,Sunday,March,Spring,9201
2/19/2020,5,6,Wind,50,Wednesday,February,Winter,8999
9/14/2020,9,10,Wind,258,Monday,September,Fall,3828
7/23/2022,23,0,Wind,204,Saturday,July,Summer,1099
6/4/2021,8,9,Wind,155,Friday,June,Summer,2095
4/12/2020,2,3,Wind,103,Sunday,April,Spring,748
1/2/2021,3,4,Wind,2,Saturday,January,Winter,1281
5/16/2025,20,21,Wind,136,Friday,May,Spring,7218
1/28/2024,5,6,Wind,28,Sunday,January,Winter,8152
10/2/2021,16,17,Wind,275,Saturday,October,Fall,14843
9/18/2020,10,11,Wind,262,Friday,September,Fall,5286
11/24/2020,21,22,Wind,329,Tuesday,November,Fall,6481
12/21/2022,12,13,Wind,355,Wednesday,December,Winter,10235
7/19/2021,2,3,Wind,200,Monday,July,Summer,5773
6/29/2022,10,11,Solar,180,Wednesday,June,Summer,5357
12/22/2023,12,13,Wind,356,Friday,December,Winter,19987
12/4/2024,12,13,Solar,339,Wednesday,December,Winter,6363
2/21/2021,13,14,Wind,52,Sunday,February,Winter,8829
6/20/2022,2,3,Wind,171,Monday,June,Summer,5728
11/19/2020,23,0,Wind,324,Thursday,November,Fall,3854
11/10/2025,13,14,Wind,314,Monday,November,Fall,12666
12/20/2024,8,9,Wind,355,Friday,December,Winter,5569
5/11/2025,12,13,Solar,131,Sunday,May,Spring,3967
11/18/2024,2,3,Wind,323,Monday,November,Fall,8530
3/3/2025,11,12,Solar,62,Monday,March,Spring,8311
12/28/2021,22,23,Wind,362,Tuesday,December,Winter,12013
10/31/2021,4,5,Wind,304,Sunday,October,Fall,6221
12/5/2020,21,22,Wind,340,Saturday,December,Winter,5385
5/12/2024,8,9,Wind,133,Sunday,May,Spring,4245
4/15/2022,22,23,Wind,105,Friday,April,Spring,5750
12/22/2024,9,10,Wind,357,Sunday,December,Winter,19398
2/5/2021,14,15,Wind,36,Friday,February,Winter,3021
7/12/2022,14,15,Solar,193,Tuesday,July,Summer,6997
6/15/2020,23,0,Wind,167,Monday,June,Summer,2022
10/23/2023,9,10,Wind,296,Monday,October,Fall,8658
2/2/2023,8,9,Wind,33,Thursday,February,Winter,6057
7/28/2024,14,15,Solar,210,Sunday,July,Summer,5654
10/9/2024,13,14,Wind,283,Wednesday,October,Fall,12421
2/15/2023,10,11,Solar,46,Wednesday,February,Winter,6270
11/18/2021,14,15,Solar,322,Thursday,November,Fall,3326
6/28/2022,19,20,Wind,179,Tuesday,June,Summer,3348
1/12/2024,1,2,Wind,12,Friday,January,Winter,6624
6/16/2020,5,6,Wind,168,Tuesday,June,Summer,1461
7/7/2020,7,8,Wind,189,Tuesday,July,Summer,1906
9/12/2022,10,11,Solar,255,Monday,September,Fall,4987
6/6/2023,14,15,Solar,157,Tuesday,June,Summer,8282
12/31/2023,16,17,Wind,365,Sunday,December,Winter,17690
2/22/2025,3,4,Wind,53,Saturday,February,Winter,10776
2/12/2020,23,0,Wind,43,Wednesday,February,Winter,5618
7/27/2025,4,5,Wind,208,Sunday,July,Summer,1887
10/28/2023,8,9,Wind,301,Saturday,October,Fall,12258
5/22/2025,14,15,Solar,142,Thursday,May,Spring,6175
12/23/2024,2,3,Wind,358,Monday,December,Winter,17302
8/17/2025,22,23,Wind,229,Sunday,August,Summer,7604
4/23/2024,3,4,Wind,114,Tuesday,April,Spring,4610
3/26/2021,17,18,Wind,85,Friday,March,Spring,9646
12/4/2021,15,16,Wind,338,Saturday,December,Winter,12295
2/12/2021,15,16,Wind,43,Friday,February,Winter,9320
8/8/2023,21,22,Wind,220,Tuesday,August,Summer,2130
1/20/2021,0,1,Wind,20,Wednesday,January,Winter,11737
8/15/2025,9,10,Solar,227,Friday,August,Summer,6084
3/31/2025,6,7,Wind,90,Monday,March,Spring,5157
11/11/2022,2,3,Wind,315,Friday,November,Fall,2683
7/9/2022,18,19,Wind,190,Saturday,July,Summer,8525
9/5/2023,0,1,Wind,248,Tuesday,September,Fall,7414
11/19/2022,10,11,Solar,323,Saturday,November,Fall,4418
10/23/2023,17,18,Wind,296,Monday,October,Fall,5596
1/13/2023,1,2,Wind,13,Friday,January,Winter,13913
4/21/2020,23,0,Wind,112,Tuesday,April,Spring,4642
12/19/2020,11,12,Wind,354,Saturday,December,Winter,10820
1/6/2021,6,7,Wind,6,Wednesday,January,Winter,1187
6/12/2025,3,4,Wind,163,Thursday,June,Summer,6737
6/1/2020,16,17,Solar,153,Monday,June,Summer,4570
12/29/2020,22,23,Wind,364,Tuesday,December,Winter,3005
3/8/2023,9,10,Wind,67,Wednesday,March,Spring,13908
2/19/2020,2,3,Wind,50,Wednesday,February,Winter,11122
7/30/2023,20,21,Wind,211,Sunday,July,Summer,7195
1/23/2025,6,7,Wind,23,Thursday,January,Winter,5894
5/11/2025,19,20,Wind,131,Sunday,May,Spring,4469
7/15/2020,18,19,Wind,197,Wednesday,July,Summer,3632
4/23/2021,16,17,Wind,113,Friday,April,Spring,8565
7/2/2023,18,19,Wind,183,Sunday,July,Summer,6804
4/13/2022,22,23,Wind,103,Wednesday,April,Spring,1032
12/14/2021,23,0,Wind,348,Tuesday,December,Winter,1053
1/22/2021,18,19,Wind,22,Friday,January,Winter,4478
12/30/2024,14,15,Solar,365,Monday,December,Winter,2676
1/19/2020,7,8,Wind,19,Sunday,January,Winter,5048
1/8/2021,0,1,Wind,8,Friday,January,Winter,1507
8/3/2023,12,13,Wind,215,Thursday,August,Summer,13262
10/25/2025,4,5,Wind,298,Saturday,October,Fall,13923
5/13/2023,7,8,Wind,133,Saturday,May,Spring,4856
7/21/2023,22,23,Wind,202,Friday,July,Summer,3097
10/3/2024,1,2,Wind,277,Thursday,October,Fall,4843
3/30/2023,23,0,Wind,89,Thursday,March,Spring,12402
7/8/2022,12,13,Solar,189,Friday,July,Summer,8283
8/18/2021,1,2,Wind,230,Wednesday,August,Summer,2488
6/29/2023,5,6,Wind,180,Thursday,June,Summer,748
5/28/2021,23,0,Wind,148,Friday,May,Spring,3329
5/11/2024,7,8,Wind,132,Saturday,May,Spring,4906
4/8/2022,19,20,Wind,98,Friday,April,Spring,9607
7/27/2025,21,22,Wind,208,Sunday,July,Summer,4242
10/14/2023,11,12,Solar,287,Saturday,October,Fall,5525
10/12/2020,11,12,Solar,286,Monday,October,Fall,3848
1/18/2025,23,0,Wind,18,Saturday,January,Winter,1679
5/31/2023,12,13,Wind,151,Wednesday,May,Spring,12628
9/21/2021,16,17,Solar,264,Tuesday,September,Fall,4522
11/21/2023,21,22,Wind,325,Tuesday,November,Fall,6769
4/12/2024,12,13,Solar,103,Friday,April,Spring,8049
3/17/2024,9,10,Wind,77,Sunday,March,Spring,6278
4/5/2024,4,5,Wind,96,Friday,April,Spring,10352
11/1/2022,20,21,Wind,305,Tuesday,November,Fall,12061
5/27/2024,21,22,Wind,148,Monday,May,Spring,2538
7/15/2021,4,5,Wind,196,Thursday,July,Summer,7756
3/5/2024,15,16,Wind,65,Tuesday,March,Spring,8619
10/10/2025,13,14,Solar,283,Friday,October,Fall,9343
6/21/2023,11,12,Solar,172,Wednesday,June,Summer,4377
10/29/2023,10,11,Wind,302,Sunday,October,Fall,15308
5/21/2020,17,18,Solar,142,Thursday,May,Spring,2989
6/10/2023,0,1,Wind,161,Saturday,June,Summer,3204
8/20/2025,4,5,Wind,232,Wednesday,August,Summer,3073
4/16/2024,0,1,Wind,107,Tuesday,April,Spring,13826
3/5/2025,17,18,Solar,64,Wednesday,March,Spring,3558
11/15/2025,14,15,Solar,319,Saturday,November,Fall,5714
3/12/2022,21,22,Wind,71,Saturday,March,Spring,9414
6/4/2024,3,4,Wind,156,Tuesday,June,Summer,456
7/28/2020,17,18,Wind,210,Tuesday,July,Summer,6769
11/6/2021,21,22,Wind,310,Saturday,November,Fall,6134
4/25/2025,1,2,Wind,115,Friday,April,Spring,3293
7/25/2021,5,6,Wind,206,Sunday,July,Summer,2988
11/1/2022,12,13,Wind,305,Tuesday,November,Fall,15812
11/10/2024,19,20,Wind,315,Sunday,November,Fall,1932
4/19/2021,5,6,Wind,109,Monday,April,Spring,1278
3/29/2021,11,12,Solar,88,Monday,March,Spring,5469
3/12/2021,4,5,Wind,71,Friday,March,Spring,9635
6/7/2025,23,0,Wind,158,Saturday,June,Summer,12317
9/2/2023,22,23,Wind,245,Saturday,September,Fall,4625
10/27/2023,20,21,Wind,300,Friday,October,Fall,9132
8/10/2021,22,23,Wind,222,Tuesday,August,Summer,590
9/29/2021,8,9,Wind,272,Wednesday,September,Fall,7118
5/31/2022,18,19,Wind,151,Tuesday,May,Spring,5487
6/25/2021,4,5,Wind,176,Friday,June,Summer,1451
5/27/2022,11,12,Solar,147,Friday,May,Spring,6179
3/3/2024,22,23,Wind,63,Sunday,March,Spring,5144
12/7/2022,2,3,Wind,341,Wednesday,December,Winter,2507
8/17/2021,21,22,Wind,229,Tuesday,August,Summer,3684
3/24/2020,16,17,Wind,84,Tuesday,March,Spring,6133
10/12/2025,18,19,Wind,285,Sunday,October,Fall,5244
7/24/2023,17,18,Wind,205,Monday,July,Summer,11156
7/8/2024,11,12,Solar,190,Monday,July,Summer,8159
7/16/2022,14,15,Solar,197,Saturday,July,Summer,8810
4/1/2024,1,2,Wind,92,Monday,April,Spring,4949
1/14/2024,18,19,Wind,14,Sunday,January,Winter,1253
1/8/2020,13,14,Wind,8,Wednesday,January,Winter,4927
11/12/2021,4,5,Wind,316,Friday,November,Fall,1575
11/19/2024,13,14,Wind,324,Tuesday,November,Fall,20597
8/17/2020,2,3,Wind,230,Monday,August,Summer,1750
6/11/2023,19,20,Wind,162,Sunday,June,Summer,4575
8/21/2025,20,21,Wind,233,Thursday,August,Summer,7365
8/26/2021,4,5,Wind,238,Thursday,August,Summer,2542
9/10/2020,19,20,Wind,254,Thursday,September,Fall,1247
7/13/2021,23,0,Wind,194,Tuesday,July,Summer,5065
4/5/2022,19,20,Wind,95,Tuesday,April,Spring,7386
6/13/2020,1,2,Wind,165,Saturday,June,Summer,3366
10/18/2023,17,18,Wind,291,Wednesday,October,Fall,14535
8/22/2020,10,11,Wind,235,Saturday,August,Summer,9129
8/3/2021,2,3,Wind,215,Tuesday,August,Summer,1153
7/23/2023,17,18,Wind,204,Sunday,July,Summer,12004
7/2/2021,8,9,Solar,183,Friday,July,Summer,1628
6/3/2022,15,16,Solar,154,Friday,June,Summer,5923
12/4/2021,8,9,Wind,338,Saturday,December,Winter,8370
10/9/2023,14,15,Solar,282,Monday,October,Fall,6407
9/15/2021,11,12,Solar,258,Wednesday,September,Fall,3648
6/18/2021,7,8,Wind,169,Friday,June,Summer,3517
9/10/2025,1,2,Wind,253,Wednesday,September,Fall,3815
4/11/2020,9,10,Solar,102,Saturday,April,Spring,2530
1/26/2024,1,2,Wind,26,Friday,January,Winter,7990
3/27/2025,4,5,Wind,86,Thursday,March,Spring,3169
9/21/2025,6,7,Wind,264,Sunday,September,Fall,3184
7/13/2024,20,21,Solar,195,Saturday,July,Summer,1101
11/14/2021,3,4,Wind,318,Sunday,November,Fall,2421
7/1/2022,23,0,Wind,182,Friday,July,Summer,863
7/10/2023,3,4,Wind,191,Monday,July,Summer,1054
11/23/2022,20,21,Wind,327,Wednesday,November,Fall,12891
12/12/2024,15,16,Wind,347,Thursday,December,Winter,3478
4/27/2025,19,20,Wind,117,Sunday,April,Spring,2748
1/17/2023,16,17,Wind,17,Tuesday,January,Winter,4665
4/3/2022,1,2,Wind,93,Sunday,April,Spring,5119
10/18/2020,4,5,Wind,292,Sunday,October,Fall,672
10/11/2021,17,18,Wind,284,Monday,October,Fall,4388
11/16/2023,16,17,Wind,320,Thursday,November,Fall,13386
3/9/2025,3,4,Wind,68,Sunday,March,Spring,9672
12/31/2022,12,13,Wind,365,Saturday,December,Winter,17332
8/16/2023,13,14,Solar,228,Wednesday,August,Summer,6675
1/6/2021,19,20,Wind,6,Wednesday,January,Winter,495
2/8/2025,9,10,Wind,39,Saturday,February,Winter,8261
9/26/2022,7,8,Wind,269,Monday,September,Fall,6086
11/10/2025,0,1,Wind,314,Monday,November,Fall,6004
2/1/2020,18,19,Wind,32,Saturday,February,Winter,10703
4/22/2022,18,19,Wind,112,Friday,April,Spring,4256
1/24/2023,21,22,Wind,24,Tuesday,January,Winter,2611
5/5/2025,7,8,Wind,125,Monday,May,Spring,9361
5/8/2020,12,13,Solar,129,Friday,May,Spring,4778
6/16/2021,8,9,Solar,167,Wednesday,June,Summer,2085
2/16/2020,22,23,Wind,47,Sunday,February,Winter,11230
7/4/2023,10,11,Solar,185,Tuesday,July,Summer,5603
10/26/2023,15,16,Wind,299,Thursday,October,Fall,6529
2/28/2024,3,4,Wind,59,Wednesday,February,Winter,3223
11/29/2022,10,11,Solar,333,Tuesday,November,Fall,2249
1/6/2020,20,21,Wind,6,Monday,January,Winter,6469
11/9/2025,4,5,Wind,313,Sunday,November,Fall,2430
5/12/2024,6,7,Wind,133,Sunday,May,Spring,3904
4/30/2021,22,23,Wind,120,Friday,April,Spring,1359
8/27/2023,4,5,Wind,239,Sunday,August,Summer,2263
7/27/2024,9,10,Solar,209,Saturday,July,Summer,3124
9/26/2025,12,13,Solar,269,Friday,September,Fall,5213
4/1/2022,3,4,Wind,91,Friday,April,Spring,9699
5/12/2020,12,13,Wind,133,Tuesday,May,Spring,5747
10/7/2024,16,17,Wind,281,Monday,October,Fall,7311
6/30/2022,13,14,Solar,181,Thursday,June,Summer,4931
9/20/2024,20,21,Wind,264,Friday,September,Fall,3245
8/10/2024,16,17,Solar,223,Saturday,August,Summer,4012
4/30/2023,4,5,Wind,120,Sunday,April,Spring,3814
1/23/2025,5,6,Wind,23,Thursday,January,Winter,6304
12/3/2022,12,13,Wind,337,Saturday,December,Winter,6285
4/24/2025,7,8,Wind,114,Thursday,April,Spring,2699
10/2/2025,18,19,Wind,275,Thursday,October,Fall,2959
8/9/2020,11,12,Solar,222,Sunday,August,Summer,3372
7/10/2020,19,20,Wind,192,Friday,July,Summer,4171
12/26/2023,4,5,Wind,360,Tuesday,December,Winter,7229
4/28/2024,0,1,Wind,119,Sunday,April,Spring,10556
10/12/2024,13,14,Wind,286,Saturday,October,Fall,6790
11/25/2022,16,17,Wind,329,Friday,November,Fall,3351
1/14/2023,15,16,Wind,14,Saturday,January,Winter,17545
11/8/2022,20,21,Wind,312,Tuesday,November,Fall,11901
8/29/2024,19,20,Wind,242,Thursday,August,Summer,2703
3/16/2025,9,10,Wind,75,Sunday,March,Spring,9888
1/19/2020,3,4,Wind,19,Sunday,January,Winter,4619
3/13/2025,0,1,Wind,72,Thursday,March,Spring,2661
4/4/2024,19,20,Wind,95,Thursday,April,Spring,8108
12/5/2023,18,19,Wind,339,Tuesday,December,Winter,6714
1/16/2020,6,7,Wind,16,Thursday,January,Winter,4609
10/15/2025,19,20,Wind,288,Wednesday,October,Fall,5080
6/3/2020,16,17,Solar,155,Wednesday,June,Summer,3604
5/11/2024,8,9,Wind,132,Saturday,May,Spring,5428
9/25/2020,7,8,Wind,269,Friday,September,Fall,10168
10/5/2022,10,11,Wind,278,Wednesday,October,Fall,9771
7/2/2024,4,5,Wind,184,Tuesday,July,Summer,2631
4/21/2023,20,21,Wind,111,Friday,April,Spring,2543
12/5/2024,8,9,Wind,340,Thursday,December,Winter,14145
8/7/2025,18,19,Solar,219,Thursday,August,Summer,5653
4/5/2020,11,12,Wind,96,Sunday,April,Spring,7848
1/26/2024,4,5,Wind,26,Friday,January,Winter,9936
9/3/2023,14,15,Solar,246,Sunday,September,Fall,9204
4/12/2022,22,23,Wind,102,Tuesday,April,Spring,2275
12/29/2020,13,14,Wind,364,Tuesday,December,Winter,5165
9/8/2023,9,10,Solar,251,Friday,September,Fall,3666
4/26/2024,13,14,Solar,117,Friday,April,Spring,6436
4/14/2024,15,16,Solar,105,Sunday,April,Spring,4067
9/7/2020,13,14,Solar,251,Monday,September,Fall,5438
2/18/2022,21,22,Wind,49,Friday,February,Winter,13040
5/21/2020,5,6,Wind,142,Thursday,May,Spring,1502
5/4/2020,14,15,Solar,125,Monday,May,Spring,5337
6/10/2023,9,10,Solar,161,Saturday,June,Summer,4098
4/3/2024,11,12,Wind,94,Wednesday,April,Spring,15839
5/23/2020,7,8,Wind,144,Saturday,May,Spring,3360
9/4/2020,7,8,Wind,248,Friday,September,Fall,1232
10/7/2020,12,13,Wind,281,Wednesday,October,Fall,8717
12/2/2023,5,6,Wind,336,Saturday,December,Winter,3249
6/28/2024,16,17,Solar,180,Friday,June,Summer,6716
8/22/2021,21,22,Wind,234,Sunday,August,Summer,3345
2/17/2023,9,10,Wind,48,Friday,February,Winter,9868
2/16/2022,13,14,Wind,47,Wednesday,February,Winter,16745
12/3/2022,2,3,Wind,337,Saturday,December,Winter,6803
4/8/2021,14,15,Solar,98,Thursday,April,Spring,5202
1/5/2025,15,16,Wind,5,Sunday,January,Winter,19348
10/8/2024,8,9,Wind,282,Tuesday,October,Fall,10350
2/12/2022,6,7,Wind,43,Saturday,February,Winter,4558
7/7/2023,5,6,Wind,188,Friday,July,Summer,4486
7/14/2020,21,22,Wind,196,Tuesday,July,Summer,2101
12/9/2022,20,21,Wind,343,Friday,December,Winter,2064
7/5/2022,0,1,Wind,186,Tuesday,July,Summer,3667
11/20/2021,18,19,Wind,324,Saturday,November,Fall,210
2/9/2023,8,9,Wind,40,Thursday,February,Winter,1322
3/1/2025,23,0,Wind,60,Saturday,March,Spring,10187
7/25/2023,9,10,Wind,206,Tuesday,July,Summer,7186
12/25/2024,10,11,Solar,360,Wednesday,December,Winter,2874
5/8/2024,7,8,Wind,129,Wednesday,May,Spring,5427
10/3/2021,15,16,Wind,276,Sunday,October,Fall,8606
4/18/2024,23,0,Wind,109,Thursday,April,Spring,3786
11/4/2023,7,8,Wind,308,Saturday,November,Fall,15504
5/25/2022,22,23,Wind,145,Wednesday,May,Spring,5875
1/22/2022,20,21,Wind,22,Saturday,January,Winter,2136
8/18/2022,13,14,Solar,230,Thursday,August,Summer,5355
8/14/2025,9,10,Solar,226,Thursday,August,Summer,4159
1/1/2023,9,10,Wind,1,Sunday,January,Winter,11283
1/20/2024,18,19,Wind,20,Saturday,January,Winter,4846
11/17/2021,18,19,Wind,321,Wednesday,November,Fall,1887
9/29/2020,2,3,Wind,273,Tuesday,September,Fall,2642
8/8/2020,23,0,Wind,221,Saturday,August,Summer,2390
1/18/2024,18,19,Wind,18,Thursday,January,Winter,4246
10/18/2024,0,1,Wind,292,Friday,October,Fall,4798
6/27/2025,22,23,Wind,178,Friday,June,Summer,1584
2/11/2025,8,9,Wind,42,Tuesday,February,Winter,3812
8/25/2023,16,17,Wind,237,Friday,August,Summer,9893
12/2/2021,5,6,Wind,336,Thursday,December,Winter,6952
1/25/2022,7,8,Wind,25,Tuesday,January,Winter,328
9/26/2022,14,15,Wind,269,Monday,September,Fall,15890
12/17/2022,16,17,Wind,351,Saturday,December,Winter,2347
2/21/2020,8,9,Wind,52,Friday,February,Winter,4193
9/13/2021,19,20,Wind,256,Monday,September,Fall,1554
7/12/2020,14,15,Solar,194,Sunday,July,Summer,5689
5/29/2023,9,10,Wind,149,Monday,May,Spring,9264
8/30/2024,4,5,Wind,243,Friday,August,Summer,2456
7/28/2021,14,15,Wind,209,Wednesday,July,Summer,10176
3/29/2023,5,6,Wind,88,Wednesday,March,Spring,4271
5/11/2021,19,20,Wind,131,Tuesday,May,Spring,6405
1/9/2025,15,16,Wind,9,Thursday,January,Winter,10749
1/5/2022,2,3,Wind,5,Wednesday,January,Winter,7802
8/26/2024,23,0,Wind,239,Monday,August,Summer,2045
2/19/2023,14,15,Solar,50,Sunday,February,Winter,7077
6/23/2025,18,19,Wind,174,Monday,June,Summer,12740
8/4/2020,19,20,Wind,217,Tuesday,August,Summer,2445
2/11/2023,8,9,Wind,42,Saturday,February,Winter,2391
9/16/2022,6,7,Wind,259,Friday,September,Fall,1953
10/13/2025,3,4,Wind,286,Monday,October,Fall,6119
7/3/2025,0,1,Wind,184,Thursday,July,Summer,5539
12/7/2022,23,0,Wind,341,Wednesday,December,Winter,1410
2/10/2024,3,4,Wind,41,Saturday,February,Winter,4487
7/9/2021,3,4,Wind,190,Friday,July,Summer,1208
2/16/2025,0,1,Wind,47,Sunday,February,Winter,4574
11/24/2024,10,11,Wind,329,Sunday,November,Fall,21544
12/11/2024,19,20,Wind,346,Wednesday,December,Winter,5916
5/20/2025,21,22,Wind,140,Tuesday,May,Spring,5566
1/21/2022,9,10,Wind,21,Friday,January,Winter,5002
1/30/2025,7,8,Wind,30,Thursday,January,Winter,5813
1/29/2021,17,18,Wind,29,Friday,January,Winter,12983
4/19/2024,5,6,Wind,110,Friday,April,Spring,9003
12/1/2020,12,13,Wind,336,Tuesday,December,Winter,8412
2/19/2024,3,4,Wind,50,Monday,February,Winter,4002
9/21/2023,13,14,Wind,264,Thursday,September,Fall,6474
3/17/2025,2,3,Wind,76,Monday,March,Spring,5489
8/2/2024,18,19,Wind,215,Friday,August,Summer,7412
7/15/2020,3,4,Wind,197,Wednesday,July,Summer,1451
10/15/2022,16,17,Wind,288,Saturday,October,Fall,8245
5/11/2025,10,11,Solar,131,Sunday,May,Spring,3050
1/21/2025,13,14,Solar,21,Tuesday,January,Winter,5754
8/2/2023,8,9,Wind,214,Wednesday,August,Summer,15356
10/6/2025,19,20,Wind,279,Monday,October,Fall,2272
3/22/2024,16,17,Solar,82,Friday,March,Spring,7952
4/4/2021,2,3,Wind,94,Sunday,April,Spring,6551
11/8/2022,6,7,Wind,312,Tuesday,November,Fall,13306
9/19/2023,9,10,Wind,262,Tuesday,September,Fall,7887
5/5/2022,16,17,Solar,125,Thursday,May,Spring,6137
3/16/2021,3,4,Wind,75,Tuesday,March,Spring,3759
3/18/2023,21,22,Wind,77,Saturday,March,Spring,4032
1/4/2023,19,20,Wind,4,Wednesday,January,Winter,13392
1/5/2021,19,20,Wind,5,Tuesday,January,Winter,1794
12/7/2020,22,23,Wind,342,Monday,December,Winter,3434
4/24/2024,15,16,Wind,115,Wednesday,April,Spring,11510
4/27/2025,16,17,Solar,117,Sunday,April,Spring,3352
10/16/2021,7,8,Wind,289,Saturday,October,Fall,1545
4/17/2022,9,10,Wind,107,Sunday,April,Spring,6232
11/15/2022,10,11,Wind,319,Tuesday,November,Fall,10920
1/6/2021,1,2,Wind,6,Wednesday,January,Winter,1467
6/9/2020,11,12,Solar,161,Tuesday,June,Summer,4734
3/14/2023,17,18,Wind,73,Tuesday,March,Spring,10320
1/31/2021,17,18,Wind,31,Sunday,January,Winter,5433
1/28/2021,22,23,Wind,28,Thursday,January,Winter,9207
2/14/2023,20,21,Wind,45,Tuesday,February,Winter,4137
8/29/2024,10,11,Solar,242,Thursday,August,Summer,5199
10/3/2022,13,14,Solar,276,Monday,October,Fall,5084
2/23/2022,10,11,Solar,54,Wednesday,February,Winter,3903
8/24/2025,7,8,Wind,236,Sunday,August,Summer,3233
2/6/2021,12,13,Wind,37,Saturday,February,Winter,3255
4/29/2023,15,16,Solar,119,Saturday,April,Spring,4800
4/22/2023,4,5,Wind,112,Saturday,April,Spring,4492
5/24/2020,13,14,Solar,145,Sunday,May,Spring,5849
2/7/2023,16,17,Wind,38,Tuesday,February,Winter,6303
7/6/2022,3,4,Wind,187,Wednesday,July,Summer,3439
11/25/2023,22,23,Wind,329,Saturday,November,Fall,3662
12/9/2022,14,15,Wind,343,Friday,December,Winter,3163
12/15/2020,0,1,Wind,350,Tuesday,December,Winter,5961
3/10/2022,21,22,Wind,69,Thursday,March,Spring,6888
6/15/2024,16,17,Wind,167,Saturday,June,Summer,10230
10/27/2025,10,11,Wind,300,Monday,October,Fall,20785
7/2/2020,23,0,Wind,184,Thursday,July,Summer,3158
9/21/2021,18,19,Wind,264,Tuesday,September,Fall,2741
4/3/2022,20,21,Wind,93,Sunday,April,Spring,1788
1/4/2025,22,23,Wind,4,Saturday,January,Winter,10639
9/6/2021,16,17,Solar,249,Monday,September,Fall,4649
1/12/2022,10,11,Wind,12,Wednesday,January,Winter,3948
3/3/2023,17,18,Wind,62,Friday,March,Spring,5441
11/21/2021,12,13,Wind,325,Sunday,November,Fall,3618
7/28/2022,20,21,Wind,209,Thursday,July,Summer,1737
1/28/2023,21,22,Wind,28,Saturday,January,Winter,2799
12/22/2024,11,12,Wind,357,Sunday,December,Winter,19928
3/12/2024,3,4,Wind,72,Tuesday,March,Spring,4768
11/11/2022,17,18,Wind,315,Friday,November,Fall,2888
11/7/2024,21,22,Wind,312,Thursday,November,Fall,3242
6/27/2024,3,4,Wind,179,Thursday,June,Summer,839
11/23/2020,14,15,Solar,328,Monday,November,Fall,2374
6/19/2025,22,23,Wind,170,Thursday,June,Summer,6052
8/7/2024,2,3,Wind,220,Wednesday,August,Summer,1802
7/5/2020,15,16,Wind,187,Sunday,July,Summer,10632
5/27/2023,11,12,Solar,147,Saturday,May,Spring,8746
4/21/2021,5,6,Wind,111,Wednesday,April,Spring,1068
9/15/2024,20,21,Wind,259,Sunday,September,Fall,3333
7/1/2025,6,7,Wind,182,Tuesday,July,Summer,1421
9/9/2024,9,10,Wind,253,Monday,September,Fall,9339
9/12/2021,10,11,Solar,255,Sunday,September,Fall,3552
1/13/2022,4,5,Wind,13,Thursday,January,Winter,2645
7/23/2025,1,2,Wind,204,Wednesday,July,Summer,1307
8/27/2023,2,3,Wind,239,Sunday,August,Summer,1781
2/19/2024,6,7,Wind,50,Monday,February,Winter,3287
6/16/2022,16,17,Solar,167,Thursday,June,Summer,5124
9/11/2025,3,4,Wind,254,Thursday,September,Fall,10615
6/27/2021,23,0,Wind,178,Sunday,June,Summer,748
6/13/2025,6,7,Wind,164,Friday,June,Summer,2429
12/10/2020,9,10,Wind,345,Thursday,December,Winter,4988
11/29/2022,20,21,Wind,333,Tuesday,November,Fall,1194
11/13/2021,4,5,Wind,317,Saturday,November,Fall,5812
7/22/2025,16,17,Wind,203,Tuesday,July,Summer,13809
2/21/2024,23,0,Wind,52,Wednesday,February,Winter,15375
8/7/2021,21,22,Wind,219,Saturday,August,Summer,9544
11/24/2023,10,11,Wind,328,Friday,November,Fall,9941
6/3/2021,19,20,Wind,154,Thursday,June,Summer,1771
12/2/2020,20,21,Wind,337,Wednesday,December,Winter,2043
4/29/2023,7,8,Wind,119,Saturday,April,Spring,1622
4/16/2021,11,12,Solar,106,Friday,April,Spring,7807
2/13/2020,13,14,Wind,44,Thursday,February,Winter,13233
11/21/2021,13,14,Wind,325,Sunday,November,Fall,3948
12/18/2023,3,4,Wind,352,Monday,December,Winter,2101
6/1/2020,10,11,Solar,153,Monday,June,Summer,4181
7/24/2025,15,16,Solar,205,Thursday,July,Summer,9540
6/24/2023,13,14,Solar,175,Saturday,June,Summer,8820
3/7/2022,12,13,Wind,66,Monday,March,Spring,10894
10/21/2021,1,2,Wind,294,Thursday,October,Fall,13513
2/11/2024,1,2,Wind,42,Sunday,February,Winter,9448
9/7/2023,17,18,Solar,250,Thursday,September,Fall,4368
11/25/2023,13,14,Wind,329,Saturday,November,Fall,10661
10/2/2020,14,15,Wind,276,Friday,October,Fall,6441
1/5/2022,10,11,Wind,5,Wednesday,January,Winter,6918
3/28/2022,19,20,Wind,87,Monday,March,Spring,1643
9/1/2020,8,9,Wind,245,Tuesday,September,Fall,1448
9/19/2025,16,17,Solar,262,Friday,September,Fall,10145
11/3/2023,11,12,Wind,307,Friday,November,Fall,10759
11/25/2020,19,20,Wind,330,Wednesday,November,Fall,3453
10/1/2022,1,2,Wind,274,Saturday,October,Fall,13589
8/2/2021,0,1,Wind,214,Monday,August,Summer,1434
8/8/2020,10,11,Solar,221,Saturday,August,Summer,2968
9/14/2022,3,4,Wind,257,Wednesday,September,Fall,1861
5/31/2021,8,9,Wind,151,Monday,May,Spring,3833
12/27/2023,15,16,Wind,361,Wednesday,December,Winter,12667
8/1/2024,19,20,Wind,214,Thursday,August,Summer,4264
4/4/2023,19,20,Wind,94,Tuesday,April,Spring,4139
5/3/2024,0,1,Wind,124,Friday,May,Spring,9022
9/15/2024,22,23,Wind,259,Sunday,September,Fall,4322
9/13/2021,6,7,Wind,256,Monday,September,Fall,1809
12/7/2021,18,19,Wind,341,Tuesday,December,Winter,13600
11/30/2023,4,5,Wind,334,Thursday,November,Fall,1780
3/10/2022,1,2,Wind,69,Thursday,March,Spring,6777
3/30/2022,11,12,Solar,89,Wednesday,March,Spring,2186
8/9/2022,3,4,Wind,221,Tuesday,August,Summer,6466
5/4/2023,17,18,Wind,124,Thursday,May,Spring,9901
12/13/2023,10,11,Wind,347,Wednesday,December,Winter,6869
9/29/2022,13,14,Solar,272,Thursday,September,Fall,4400
8/28/2024,13,14,Solar,241,Wednesday,August,Summer,10829
9/17/2024,8,9,Wind,261,Tuesday,September,Fall,10111
1/6/2020,11,12,Wind,6,Monday,January,Winter,5665
9/7/2022,16,17,Wind,250,Wednesday,September,Fall,6353
10/21/2022,2,3,Wind,294,Friday,October,Fall,7894
5/26/2021,19,20,Wind,146,Wednesday,May,Spring,4996
6/26/2022,4,5,Wind,177,Sunday,June,Summer,1831
7/13/2025,20,21,Wind,194,Sunday,July,Summer,3952
6/29/2024,7,8,Wind,181,Saturday,June,Summer,4387
11/8/2024,14,15,Solar,313,Friday,November,Fall,4482
7/11/2022,10,11,Solar,192,Monday,July,Summer,7469
1/10/2022,6,7,Wind,10,Monday,January,Winter,1005
3/21/2025,0,1,Wind,80,Friday,March,Spring,7350
2/15/2023,13,14,Solar,46,Wednesday,February,Winter,6445
4/17/2025,1,2,Wind,107,Thursday,April,Spring,2336
2/15/2025,1,2,Wind,46,Saturday,February,Winter,7209
9/28/2020,18,19,Wind,272,Monday,September,Fall,4748
6/30/2021,4,5,Wind,181,Wednesday,June,Summer,2097
7/20/2022,6,7,Wind,201,Wednesday,July,Summer,2316
4/22/2020,2,3,Wind,113,Wednesday,April,Spring,5000
9/23/2021,20,21,Wind,266,Thursday,September,Fall,1171
2/27/2020,0,1,Wind,58,Thursday,February,Winter,5262
3/26/2021,20,21,Wind,85,Friday,March,Spring,8311
1/13/2020,8,9,Wind,13,Monday,January,Winter,3845
9/22/2025,23,0,Wind,265,Monday,September,Fall,8892
1/13/2023,8,9,Wind,13,Friday,January,Winter,14537
7/16/2024,6,7,Wind,198,Tuesday,July,Summer,7743
6/4/2024,18,19,Wind,156,Tuesday,June,Summer,7459
11/2/2020,22,23,Wind,307,Monday,November,Fall,4458
10/7/2022,11,12,Solar,280,Friday,October,Fall,4853
2/24/2022,17,18,Wind,55,Thursday,February,Winter,12191
11/27/2021,6,7,Wind,331,Saturday,November,Fall,7605
8/7/2020,9,10,Solar,220,Friday,August,Summer,2665
7/10/2022,2,3,Wind,191,Sunday,July,Summer,5201
7/13/2021,1,2,Wind,194,Tuesday,July,Summer,3421
5/1/2025,2,3,Wind,121,Thursday,May,Spring,5525
11/30/2025,5,6,Wind,334,Sunday,November,Fall,4365
12/25/2020,6,7,Wind,360,Friday,December,Winter,6272
4/19/2021,11,12,Solar,109,Monday,April,Spring,4484
3/29/2024,22,23,Wind,89,Friday,March,Spring,5301
7/29/2023,8,9,Wind,210,Saturday,July,Summer,5340
6/5/2022,4,5,Wind,156,Sunday,June,Summer,1412
8/11/2021,6,7,Wind,223,Wednesday,August,Summer,508
11/27/2022,12,13,Wind,331,Sunday,November,Fall,8438
6/11/2025,8,9,Solar,162,Wednesday,June,Summer,5524
6/1/2023,11,12,Solar,152,Thursday,June,Summer,8686
10/14/2022,9,10,Wind,287,Friday,October,Fall,5617
5/7/2025,13,14,Solar,127,Wednesday,May,Spring,11508
3/30/2022,14,15,Solar,89,Wednesday,March,Spring,3152
3/13/2025,15,16,Solar,72,Thursday,March,Spring,5712
9/23/2021,15,16,Solar,266,Thursday,September,Fall,5575
2/4/2020,4,5,Wind,35,Tuesday,February,Winter,10605
5/14/2021,19,20,Wind,134,Friday,May,Spring,5623
5/30/2022,2,3,Wind,150,Monday,May,Spring,4110
1/30/2021,6,7,Wind,30,Saturday,January,Winter,5748
6/20/2024,7,8,Wind,172,Thursday,June,Summer,4284
8/7/2025,19,20,Solar,219,Thursday,August,Summer,3099
8/24/2024,3,4,Wind,237,Saturday,August,Summer,6102
9/15/2022,7,8,Wind,258,Thursday,September,Fall,1704
7/6/2020,1,2,Wind,188,Monday,July,Summer,6827
8/28/2022,6,7,Wind,240,Sunday,August,Summer,3890
9/14/2020,12,13,Solar,258,Monday,September,Fall,4786
5/24/2024,22,23,Wind,145,Friday,May,Spring,645
8/8/2025,6,7,Wind,220,Friday,August,Summer,1464
7/10/2020,10,11,Wind,192,Friday,July,Summer,5130
1/17/2020,18,19,Wind,17,Friday,January,Winter,7402
7/17/2024,18,19,Solar,199,Wednesday,July,Summer,4046
1/2/2023,7,8,Wind,2,Monday,January,Winter,6552
2/14/2021,0,1,Wind,45,Sunday,February,Winter,7245
7/26/2025,5,6,Wind,207,Saturday,July,Summer,2295
10/23/2020,10,11,Wind,297,Friday,October,Fall,2714
7/3/2024,1,2,Wind,185,Wednesday,July,Summer,1771
11/12/2024,22,23,Wind,317,Tuesday,November,Fall,8223
11/12/2025,17,18,Wind,316,Wednesday,November,Fall,13595
4/26/2024,19,20,Wind,117,Friday,April,Spring,3091
12/20/2023,11,12,Wind,354,Wednesday,December,Winter,9752
4/4/2024,20,21,Wind,95,Thursday,April,Spring,7001
3/18/2025,20,21,Wind,77,Tuesday,March,Spring,10105
4/14/2020,18,19,Wind,105,Tuesday,April,Spring,6515
3/2/2020,23,0,Wind,62,Monday,March,Spring,8448
1/11/2020,7,8,Wind,11,Saturday,January,Winter,3308
2/10/2022,19,20,Wind,41,Thursday,February,Winter,3020
10/13/2024,4,5,Wind,287,Sunday,October,Fall,3330
1/16/2024,0,1,Wind,16,Tuesday,January,Winter,2197
9/10/2020,17,18,Solar,254,Thursday,September,Fall,2293
8/25/2025,8,9,Wind,237,Monday,August,Summer,3906
3/5/2024,16,17,Wind,65,Tuesday,March,Spring,6764
8/23/2022,7,8,Wind,235,Tuesday,August,Summer,1085
7/17/2021,18,19,Wind,198,Saturday,July,Summer,6467
4/27/2025,11,12,Solar,117,Sunday,April,Spring,3596
2/27/2020,18,19,Wind,58,Thursday,February,Winter,10596
11/6/2024,7,8,Wind,311,Wednesday,November,Fall,292
11/22/2024,14,15,Wind,327,Friday,November,Fall,15122
11/19/2024,21,22,Wind,324,Tuesday,November,Fall,11992
5/26/2021,1,2,Wind,146,Wednesday,May,Spring,5335
11/29/2021,12,13,Wind,333,Monday,November,Fall,4389
4/9/2023,3,4,Wind,99,Sunday,April,Spring,3548
5/20/2024,11,12,Solar,141,Monday,May,Spring,5874
9/6/2021,9,10,Solar,249,Monday,September,Fall,2723
12/16/2020,23,0,Wind,351,Wednesday,December,Winter,7220
6/11/2021,11,12,Solar,162,Friday,June,Summer,4809
3/15/2024,4,5,Wind,75,Friday,March,Spring,9923
2/20/2023,2,3,Wind,51,Monday,February,Winter,3288
5/2/2025,18,19,Wind,122,Friday,May,Spring,4524
4/30/2021,7,8,Wind,120,Friday,April,Spring,1408
8/30/2024,23,0,Wind,243,Friday,August,Summer,5577
9/30/2021,7,8,Wind,273,Thursday,September,Fall,1829
2/13/2024,9,10,Wind,44,Tuesday,February,Winter,7108
1/10/2023,4,5,Wind,10,Tuesday,January,Winter,7471
5/20/2023,6,7,Wind,140,Saturday,May,Spring,6415
9/1/2023,22,23,Wind,244,Friday,September,Fall,1142
6/6/2024,15,16,Solar,158,Thursday,June,Summer,8506
7/13/2025,12,13,Solar,194,Sunday,July,Summer,9654
10/18/2021,16,17,Wind,291,Monday,October,Fall,5039
3/1/2021,5,6,Wind,60,Monday,March,Spring,4453
3/18/2023,13,14,Wind,77,Saturday,March,Spring,11176
10/21/2020,15,16,Wind,295,Wednesday,October,Fall,14758
3/2/2020,13,14,Wind,62,Monday,March,Spring,7175
6/30/2023,1,2,Wind,181,Friday,June,Summer,2631
4/19/2022,9,10,Solar,109,Tuesday,April,Spring,2972
7/25/2020,6,7,Wind,207,Saturday,July,Summer,1509
11/3/2021,2,3,Wind,307,Wednesday,November,Fall,3878
9/20/2024,22,23,Wind,264,Friday,September,Fall,3712
7/6/2020,10,11,Wind,188,Monday,July,Summer,7270
6/18/2023,7,8,Wind,169,Sunday,June,Summer,2716
4/22/2024,11,12,Solar,113,Monday,April,Spring,11915
10/31/2022,2,3,Wind,304,Monday,October,Fall,1886
12/8/2022,19,20,Wind,342,Thursday,December,Winter,2320
2/19/2021,8,9,Wind,50,Friday,February,Winter,6408
7/4/2024,7,8,Wind,186,Thursday,July,Summer,7653
8/12/2022,18,19,Solar,224,Friday,August,Summer,4606
6/22/2020,5,6,Wind,174,Monday,June,Summer,1871
5/14/2022,19,20,Wind,134,Saturday,May,Spring,1781
3/14/2022,23,0,Wind,73,Monday,March,Spring,5813
4/28/2021,9,10,Solar,118,Wednesday,April,Spring,1431
2/22/2020,18,19,Wind,53,Saturday,February,Winter,8683
11/1/2024,9,10,Solar,306,Friday,November,Fall,3028
8/31/2025,20,21,Wind,243,Sunday,August,Summer,3822
8/21/2024,10,11,Solar,234,Wednesday,August,Summer,7369
11/10/2023,6,7,Wind,314,Friday,November,Fall,13482
5/4/2025,7,8,Wind,124,Sunday,May,Spring,5384
9/21/2024,13,14,Solar,265,Saturday,September,Fall,4430
3/19/2020,5,6,Wind,79,Thursday,March,Spring,1145
10/2/2020,8,9,Wind,276,Friday,October,Fall,9401
9/25/2022,17,18,Wind,268,Sunday,September,Fall,4472
8/25/2022,19,20,Wind,237,Thursday,August,Summer,4858
8/10/2023,8,9,Wind,222,Thursday,August,Summer,3790
9/21/2024,3,4,Wind,265,Saturday,September,Fall,3321
1/22/2022,3,4,Wind,22,Saturday,January,Winter,3202
11/9/2023,8,9,Wind,313,Thursday,November,Fall,9159
11/25/2024,0,1,Wind,330,Monday,November,Fall,18407
7/8/2023,3,4,Wind,189,Saturday,July,Summer,4740
9/11/2025,4,5,Wind,254,Thursday,September,Fall,10679
7/15/2023,3,4,Wind,196,Saturday,July,Summer,6810
11/3/2021,20,21,Wind,307,Wednesday,November,Fall,3050
11/23/2025,6,7,Wind,327,Sunday,November,Fall,9347
5/18/2021,14,15,Wind,138,Tuesday,May,Spring,5821
2/4/2024,10,11,Wind,35,Sunday,February,Winter,8994
7/16/2020,0,1,Wind,198,Thursday,July,Summer,1763
7/3/2020,2,3,Wind,185,Friday,July,Summer,3011
3/4/2024,12,13,Solar,64,Monday,March,Spring,9667
10/15/2020,11,12,Wind,289,Thursday,October,Fall,6069
1/25/2023,22,23,Wind,25,Wednesday,January,Winter,1037
2/4/2023,17,18,Wind,35,Saturday,February,Winter,2961
2/3/2023,19,20,Wind,34,Friday,February,Winter,5209
2/24/2025,14,15,Wind,55,Monday,February,Winter,13295
11/11/2025,21,22,Wind,315,Tuesday,November,Fall,14313
5/7/2025,14,15,Wind,127,Wednesday,May,Spring,11125
6/18/2024,15,16,Solar,170,Tuesday,June,Summer,7585
4/13/2021,11,12,Solar,103,Tuesday,April,Spring,6733
1/6/2024,14,15,Wind,6,Saturday,January,Winter,9159
1/19/2020,2,3,Wind,19,Sunday,January,Winter,4247
6/1/2021,2,3,Wind,152,Tuesday,June,Summer,5282
5/28/2023,16,17,Wind,148,Sunday,May,Spring,6446
9/19/2025,13,14,Solar,262,Friday,September,Fall,12989
8/17/2025,6,7,Wind,229,Sunday,August,Summer,5923
8/29/2023,12,13,Solar,241,Tuesday,August,Summer,6385
8/13/2020,23,0,Wind,226,Thursday,August,Summer,2213
8/30/2021,7,8,Wind,242,Monday,August,Summer,3173
7/26/2020,0,1,Wind,208,Sunday,July,Summer,4306
2/25/2023,2,3,Wind,56,Saturday,February,Winter,3671
8/16/2025,9,10,Wind,228,Saturday,August,Summer,8918
7/15/2024,15,16,Wind,197,Monday,July,Summer,10900
3/6/2020,1,2,Wind,66,Friday,March,Spring,11303
9/2/2023,7,8,Wind,245,Saturday,September,Fall,2084
1/21/2022,13,14,Solar,21,Friday,January,Winter,6900
5/6/2023,4,5,Wind,126,Saturday,May,Spring,1719
9/21/2023,15,16,Wind,264,Thursday,September,Fall,8784
7/17/2025,13,14,Solar,198,Thursday,July,Summer,9602
10/5/2023,13,14,Solar,278,Thursday,October,Fall,6634
6/13/2023,3,4,Wind,164,Tuesday,June,Summer,3141
1/8/2023,1,2,Wind,8,Sunday,January,Winter,12173
12/10/2020,4,5,Wind,345,Thursday,December,Winter,5097
3/21/2023,13,14,Wind,80,Tuesday,March,Spring,8403
4/25/2022,14,15,Solar,115,Monday,April,Spring,7151
9/14/2025,1,2,Wind,257,Sunday,September,Fall,4414
9/29/2024,1,2,Wind,273,Sunday,September,Fall,1277
2/6/2025,18,19,Wind,37,Thursday,February,Winter,11486
12/20/2022,11,12,Wind,354,Tuesday,December,Winter,11990
11/26/2024,8,9,Wind,331,Tuesday,November,Fall,6210
3/13/2023,16,17,Wind,72,Monday,March,Spring,16408
9/3/2025,10,11,Wind,246,Wednesday,September,Fall,18721
11/9/2024,3,4,Wind,314,Saturday,November,Fall,1300
2/23/2020,19,20,Wind,54,Sunday,February,Winter,9881
8/3/2020,20,21,Wind,216,Monday,August,Summer,4530
11/3/2021,6,7,Wind,307,Wednesday,November,Fall,3960
12/10/2022,14,15,Solar,344,Saturday,December,Winter,3935
11/22/2024,11,12,Wind,327,Friday,November,Fall,15569
6/15/2020,0,1,Wind,167,Monday,June,Summer,2040
2/22/2021,3,4,Wind,53,Monday,February,Winter,6815
1/28/2025,13,14,Wind,28,Tuesday,January,Winter,20885
6/5/2022,14,15,Wind,156,Sunday,June,Summer,8904
7/30/2022,20,21,Wind,211,Saturday,July,Summer,2584
7/29/2021,21,22,Wind,210,Thursday,July,Summer,965
9/7/2023,18,19,Solar,250,Thursday,September,Fall,2452
11/11/2023,1,2,Wind,315,Saturday,November,Fall,6863
3/21/2020,5,6,Wind,81,Saturday,March,Spring,7494
10/19/2020,4,5,Wind,293,Monday,October,Fall,1525
3/15/2024,9,10,Wind,75,Friday,March,Spring,14005
2/25/2022,5,6,Wind,56,Friday,February,Winter,7242
5/11/2025,21,22,Wind,131,Sunday,May,Spring,3052
4/4/2023,13,14,Solar,94,Tuesday,April,Spring,11558
2/27/2022,21,22,Wind,58,Sunday,February,Winter,6470
6/23/2025,2,3,Wind,174,Monday,June,Summer,5291
10/8/2020,4,5,Wind,282,Thursday,October,Fall,6790
7/3/2023,17,18,Wind,184,Monday,July,Summer,11708
2/6/2023,20,21,Wind,37,Monday,February,Winter,7870
3/30/2023,13,14,Wind,89,Thursday,March,Spring,18316
5/16/2020,20,21,Wind,137,Saturday,May,Spring,3193
10/3/2023,14,15,Wind,276,Tuesday,October,Fall,9033
11/20/2020,19,20,Wind,325,Friday,November,Fall,2773
8/15/2020,5,6,Wind,228,Saturday,August,Summer,384
6/21/2024,8,9,Wind,173,Friday,June,Summer,2878
12/2/2021,2,3,Wind,336,Thursday,December,Winter,5934
12/19/2020,13,14,Wind,354,Saturday,December,Winter,9422
4/10/2021,9,10,Wind,100,Saturday,April,Spring,5393
12/25/2022,18,19,Wind,359,Sunday,December,Winter,9466
7/19/2023,4,5,Wind,200,Wednesday,July,Summer,2823
5/14/2024,17,18,Wind,135,Tuesday,May,Spring,6999
5/23/2020,13,14,Wind,144,Saturday,May,Spring,7862
10/3/2021,23,0,Wind,276,Sunday,October,Fall,5964
1/29/2024,13,14,Wind,29,Monday,January,Winter,8687
10/15/2021,19,20,Wind,288,Friday,October,Fall,1124
6/12/2021,7,8,Wind,163,Saturday,June,Summer,1829
9/22/2020,1,2,Wind,266,Tuesday,September,Fall,894
10/19/2021,10,11,Wind,292,Tuesday,October,Fall,8475
11/7/2022,17,18,Wind,311,Monday,November,Fall,8246
8/21/2023,1,2,Wind,233,Monday,August,Summer,2603
4/8/2022,23,0,Wind,98,Friday,April,Spring,6694
11/10/2020,12,13,Solar,315,Tuesday,November,Fall,2552
8/30/2025,8,9,Wind,242,Saturday,August,Summer,5384
9/26/2020,10,11,Wind,270,Saturday,September,Fall,11643
9/3/2024,23,0,Wind,247,Tuesday,September,Fall,1253
3/10/2025,6,7,Wind,69,Monday,March,Spring,2663
2/16/2023,3,4,Wind,47,Thursday,February,Winter,3980
3/11/2020,15,16,Wind,71,Wednesday,March,Spring,11361
12/27/2023,8,9,Wind,361,Wednesday,December,Winter,9035
10/15/2021,15,16,Solar,288,Friday,October,Fall,4028
10/14/2021,1,2,Wind,287,Thursday,October,Fall,1908
3/11/2022,19,20,Wind,70,Friday,March,Spring,10317
3/8/2021,5,6,Wind,67,Monday,March,Spring,3070
10/23/2025,19,20,Wind,296,Thursday,October,Fall,17992
8/22/2021,6,7,Wind,234,Sunday,August,Summer,3212
6/19/2022,12,13,Solar,170,Sunday,June,Summer,9444
1/2/2022,4,5,Wind,2,Sunday,January,Winter,6918
12/17/2020,3,4,Wind,352,Thursday,December,Winter,5845
3/8/2020,0,1,Wind,68,Sunday,March,Spring,7440
5/22/2020,23,0,Wind,143,Friday,May,Spring,1663
8/1/2023,10,11,Wind,213,Tuesday,August,Summer,11387
11/12/2024,20,21,Wind,317,Tuesday,November,Fall,9661
6/26/2022,14,15,Solar,177,Sunday,June,Summer,4430
5/13/2025,20,21,Wind,133,Tuesday,May,Spring,1684
10/12/2021,17,18,Wind,285,Tuesday,October,Fall,5195
3/26/2021,8,9,Wind,85,Friday,March,Spring,5079
6/20/2024,18,19,Wind,172,Thursday,June,Summer,3344
3/3/2020,21,22,Wind,63,Tuesday,March,Spring,3260
11/18/2022,13,14,Wind,322,Friday,November,Fall,7173
3/14/2021,8,9,Wind,73,Sunday,March,Spring,10637
11/17/2025,22,23,Wind,321,Monday,November,Fall,4027
6/25/2021,0,1,Wind,176,Friday,June,Summer,2162
5/16/2021,14,15,Wind,136,Sunday,May,Spring,10947
9/22/2025,8,9,Wind,265,Monday,September,Fall,9995
2/17/2022,13,14,Wind,48,Thursday,February,Winter,16410
1/8/2025,11,12,Wind,8,Wednesday,January,Winter,9828
3/8/2021,3,4,Wind,67,Monday,March,Spring,2869
4/8/2025,15,16,Solar,98,Tuesday,April,Spring,8550
9/25/2022,9,10,Wind,268,Sunday,September,Fall,3647
6/17/2022,11,12,Solar,168,Friday,June,Summer,6029
2/24/2024,12,13,Wind,55,Saturday,February,Winter,15371
11/7/2021,21,22,Wind,311,Sunday,November,Fall,3223
8/23/2025,21,22,Wind,235,Saturday,August,Summer,2569
3/1/2022,21,22,Wind,60,Tuesday,March,Spring,2721
4/3/2021,13,14,Wind,93,Saturday,April,Spring,14891
2/13/2021,17,18,Wind,44,Saturday,February,Winter,6349
12/26/2023,6,7,Wind,360,Tuesday,December,Winter,9160
3/13/2022,9,10,Wind,72,Sunday,March,Spring,9151
6/22/2024,1,2,Wind,174,Saturday,June,Summer,5101
1/15/2025,13,14,Solar,15,Wednesday,January,Winter,6285
8/14/2022,16,17,Wind,226,Sunday,August,Summer,7767
9/13/2021,21,22,Wind,256,Monday,September,Fall,2957
6/4/2020,14,15,Wind,156,Thursday,June,Summer,5751
10/6/2022,19,20,Wind,279,Thursday,October,Fall,459
12/19/2022,4,5,Wind,353,Monday,December,Winter,12566
3/4/2022,9,10,Wind,63,Friday,March,Spring,4002
5/23/2023,9,10,Wind,143,Tuesday,May,Spring,8084
10/12/2025,2,3,Wind,285,Sunday,October,Fall,5142
4/2/2022,5,6,Wind,92,Saturday,April,Spring,9702
3/7/2022,16,17,Wind,66,Monday,March,Spring,9049
11/23/2022,6,7,Wind,327,Wednesday,November,Fall,8193
1/24/2022,11,12,Solar,24,Monday,January,Winter,4385
1/31/2021,2,3,Wind,31,Sunday,January,Winter,4875
10/22/2025,13,14,Solar,295,Wednesday,October,Fall,7336
9/26/2024,6,7,Wind,270,Thursday,September,Fall,12407
8/17/2025,17,18,Solar,229,Sunday,August,Summer,9585
5/10/2023,3,4,Wind,130,Wednesday,May,Spring,7707
3/21/2021,15,16,Wind,80,Sunday,March,Spring,8663
1/2/2020,21,22,Wind,2,Thursday,January,Winter,6813
7/5/2023,13,14,Wind,186,Wednesday,July,Summer,12672
7/10/2022,21,22,Wind,191,Sunday,July,Summer,4249
11/19/2022,19,20,Wind,323,Saturday,November,Fall,3365
2/23/2024,0,1,Wind,54,Friday,February,Winter,15206
6/3/2021,22,23,Wind,154,Thursday,June,Summer,1289
4/17/2021,11,12,Wind,107,Saturday,April,Spring,8185
5/15/2024,18,19,Solar,136,Wednesday,May,Spring,4141
10/9/2022,1,2,Wind,282,Sunday,October,Fall,4252
12/28/2022,17,18,Wind,362,Wednesday,December,Winter,15714
5/17/2021,8,9,Wind,137,Monday,May,Spring,11934
3/10/2021,17,18,Wind,69,Wednesday,March,Spring,10787
3/29/2020,20,21,Wind,89,Sunday,March,Spring,12637
12/9/2022,11,12,Wind,343,Friday,December,Winter,3573
7/17/2022,17,18,Solar,198,Sunday,July,Summer,6303
2/23/2022,18,19,Wind,54,Wednesday,February,Winter,1715
5/1/2020,11,12,Wind,122,Friday,May,Spring,8478
2/20/2020,12,13,Wind,51,Thursday,February,Winter,12752
9/12/2023,3,4,Wind,255,Tuesday,September,Fall,1028
5/30/2022,8,9,Solar,150,Monday,May,Spring,2738
3/12/2020,22,23,Wind,72,Thursday,March,Spring,8034
12/16/2024,18,19,Wind,351,Monday,December,Winter,3165
2/8/2022,19,20,Wind,39,Tuesday,February,Winter,2613
2/10/2023,19,20,Wind,41,Friday,February,Winter,1779
12/10/2024,0,1,Wind,345,Tuesday,December,Winter,11211
3/25/2020,10,11,Solar,85,Wednesday,March,Spring,5257
1/23/2023,5,6,Wind,23,Monday,January,Winter,4215
3/31/2022,3,4,Wind,90,Thursday,March,Spring,3308
8/7/2020,23,0,Wind,220,Friday,August,Summer,2007
2/10/2025,18,19,Wind,41,Monday,February,Winter,6846
7/21/2021,15,16,Solar,202,Wednesday,July,Summer,6031
9/4/2021,10,11,Solar,247,Saturday,September,Fall,2823
6/23/2025,1,2,Wind,174,Monday,June,Summer,4846
2/23/2025,15,16,Wind,54,Sunday,February,Winter,13530
9/27/2024,20,21,Wind,271,Friday,September,Fall,10616
3/17/2025,0,1,Wind,76,Monday,March,Spring,5188
6/24/2025,1,2,Wind,175,Tuesday,June,Summer,2704
12/1/2024,19,20,Wind,336,Sunday,December,Winter,7486
7/26/2021,21,22,Wind,207,Monday,July,Summer,1779
1/15/2023,12,13,Wind,15,Sunday,January,Winter,19266
11/2/2020,3,4,Wind,307,Monday,November,Fall,9919
2/25/2022,20,21,Wind,56,Friday,February,Winter,2846
1/17/2025,13,14,Solar,17,Friday,January,Winter,5413
9/8/2020,23,0,Wind,252,Tuesday,September,Fall,895
4/12/2021,18,19,Wind,102,Monday,April,Spring,3967
7/27/2021,0,1,Wind,208,Tuesday,July,Summer,1566
12/17/2020,0,1,Wind,352,Thursday,December,Winter,7100
4/9/2023,0,1,Wind,99,Sunday,April,Spring,4433
5/1/2022,16,17,Solar,121,Sunday,May,Spring,5604
10/23/2023,15,16,Wind,296,Monday,October,Fall,7230
4/6/2024,16,17,Wind,97,Saturday,April,Spring,6760
3/25/2021,23,0,Wind,84,Thursday,March,Spring,2424
12/29/2020,11,12,Wind,364,Tuesday,December,Winter,4941
4/9/2020,3,4,Wind,100,Thursday,April,Spring,746
6/6/2022,8,9,Wind,157,Monday,June,Summer,3575
5/8/2020,21,22,Wind,129,Friday,May,Spring,2057
2/6/2023,10,11,Wind,37,Monday,February,Winter,7478
3/25/2024,1,2,Wind,85,Monday,March,Spring,1448
6/11/2023,1,2,Wind,162,Sunday,June,Summer,1826
1/14/2025,11,12,Solar,14,Tuesday,January,Winter,6088
2/15/2022,18,19,Wind,46,Tuesday,February,Winter,13036
2/6/2025,23,0,Wind,37,Thursday,February,Winter,12066
12/22/2023,19,20,Wind,356,Friday,December,Winter,15656
7/7/2020,8,9,Solar,189,Tuesday,July,Summer,2361
7/20/2021,1,2,Wind,201,Tuesday,July,Summer,4074
12/2/2021,21,22,Wind,336,Thursday,December,Winter,4111
10/19/2021,11,12,Wind,292,Tuesday,October,Fall,8741
2/2/2022,20,21,Wind,33,Wednesday,February,Winter,2853
8/14/2025,3,4,Wind,226,Thursday,August,Summer,2267
5/23/2023,8,9,Wind,143,Tuesday,May,Spring,6766
4/24/2023,18,19,Wind,114,Monday,April,Spring,6416
8/30/2021,21,22,Wind,242,Monday,August,Summer,5261
11/10/2020,11,12,Solar,315,Tuesday,November,Fall,2271
10/17/2023,10,11,Wind,290,Tuesday,October,Fall,6810
8/3/2024,12,13,Solar,216,Saturday,August,Summer,8860
9/16/2021,6,7,Wind,259,Thursday,September,Fall,631
5/23/2021,8,9,Wind,143,Sunday,May,Spring,5138
2/15/2020,7,8,Wind,46,Saturday,February,Winter,6365
3/16/2020,13,14,Wind,76,Monday,March,Spring,3587
4/9/2024,6,7,Wind,100,Tuesday,April,Spring,13710
5/18/2021,12,13,Solar,138,Tuesday,May,Spring,5550
8/4/2025,13,14,Solar,216,Monday,August,Summer,13010
1/5/2022,18,19,Wind,5,Wednesday,January,Winter,3791
12/1/2023,23,0,Wind,335,Friday,December,Winter,4345
7/28/2021,6,7,Wind,209,Wednesday,July,Summer,3178
2/24/2023,14,15,Wind,55,Friday,February,Winter,5858
7/26/2022,19,20,Wind,207,Tuesday,July,Summer,4218
3/18/2020,18,19,Wind,78,Wednesday,March,Spring,380
5/18/2025,7,8,Wind,138,Sunday,May,Spring,3318
9/30/2023,8,9,Wind,273,Saturday,September,Fall,1568
2/20/2020,8,9,Wind,51,Thursday,February,Winter,7848
5/16/2022,20,21,Wind,136,Monday,May,Spring,691
5/27/2021,3,4,Wind,147,Thursday,May,Spring,1412
2/12/2025,10,11,Solar,43,Wednesday,February,Winter,3450
9/13/2023,8,9,Wind,256,Wednesday,September,Fall,1595
6/24/2025,21,22,Wind,175,Tuesday,June,Summer,1094
8/21/2025,15,16,Wind,233,Thursday,August,Summer,11238
9/29/2022,20,21,Wind,272,Thursday,September,Fall,1057
5/1/2024,21,22,Wind,122,Wednesday,May,Spring,5445
12/9/2022,22,23,Wind,343,Friday,December,Winter,1529
11/25/2025,0,1,Wind,329,Tuesday,November,Fall,9734
10/23/2025,16,17,Wind,296,Thursday,October,Fall,15398
3/21/2024,5,6,Wind,81,Thursday,March,Spring,2243
5/3/2022,15,16,Solar,123,Tuesday,May,Spring,5540
1/14/2023,2,3,Wind,14,Saturday,January,Winter,8733
10/3/2022,18,19,Wind,276,Monday,October,Fall,1731
10/6/2021,4,5,Wind,279,Wednesday,October,Fall,8240
1/17/2025,22,23,Wind,17,Friday,January,Winter,1503
7/11/2024,22,23,Wind,193,Thursday,July,Summer,3990
2/19/2024,16,17,Wind,50,Monday,February,Winter,9227
3/8/2025,13,14,Wind,67,Saturday,March,Spring,14741
10/5/2022,15,16,Wind,278,Wednesday,October,Fall,14688
11/24/2024,6,7,Wind,329,Sunday,November,Fall,18598
5/6/2024,1,2,Wind,127,Monday,May,Spring,2849
4/10/2020,22,23,Wind,101,Friday,April,Spring,3686
7/22/2025,8,9,Wind,203,Tuesday,July,Summer,9162
10/23/2024,0,1,Wind,297,Wednesday,October,Fall,1780
11/6/2024,3,4,Wind,311,Wednesday,November,Fall,148
10/30/2022,14,15,Solar,303,Sunday,October,Fall,5627
2/16/2024,11,12,Wind,47,Friday,February,Winter,9141
10/29/2022,12,13,Wind,302,Saturday,October,Fall,9218
6/29/2024,17,18,Wind,181,Saturday,June,Summer,5896
10/28/2020,15,16,Wind,302,Wednesday,October,Fall,11856
11/23/2020,13,14,Solar,328,Monday,November,Fall,2770
8/7/2020,17,18,Solar,220,Friday,August,Summer,2939
4/28/2021,15,16,Wind,118,Wednesday,April,Spring,4461
10/8/2025,17,18,Solar,281,Wednesday,October,Fall,4242
9/16/2024,18,19,Wind,260,Monday,September,Fall,8604
9/1/2025,10,11,Wind,244,Monday,September,Fall,8188
4/5/2025,20,21,Wind,95,Saturday,April,Spring,6463
3/7/2022,17,18,Wind,66,Monday,March,Spring,7396
2/25/2023,18,19,Wind,56,Saturday,February,Winter,8199
1/31/2020,8,9,Wind,31,Friday,January,Winter,5824
8/9/2022,22,23,Wind,221,Tuesday,August,Summer,7621
4/26/2025,16,17,Wind,116,Saturday,April,Spring,4158
12/29/2023,22,23,Wind,363,Friday,December,Winter,10568
7/30/2025,15,16,Solar,211,Wednesday,July,Summer,9183
3/17/2023,17,18,Wind,76,Friday,March,Spring,8029
2/11/2025,1,2,Wind,42,Tuesday,February,Winter,5637
2/8/2021,8,9,Wind,39,Monday,February,Winter,1234
3/3/2024,3,4,Wind,63,Sunday,March,Spring,2805
2/2/2024,2,3,Wind,33,Friday,February,Winter,3042
8/30/2020,5,6,Wind,243,Sunday,August,Summer,3412
8/29/2024,12,13,Solar,242,Thursday,August,Summer,6094
11/8/2020,5,6,Wind,313,Sunday,November,Fall,4481
2/25/2024,10,11,Wind,56,Sunday,February,Winter,11356
11/30/2023,20,21,Wind,334,Thursday,November,Fall,1743
11/3/2022,14,15,Wind,307,Thursday,November,Fall,10359
1/29/2023,16,17,Wind,29,Sunday,January,Winter,2807
3/24/2025,17,18,Wind,83,Monday,March,Spring,3751
3/10/2024,11,12,Solar,70,Sunday,March,Spring,4489
7/22/2022,19,20,Wind,203,Friday,July,Summer,2905
2/9/2024,19,20,Wind,40,Friday,February,Winter,9829
12/19/2024,11,12,Wind,354,Thursday,December,Winter,17655
1/7/2024,5,6,Wind,7,Sunday,January,Winter,7382
12/3/2020,20,21,Wind,338,Thursday,December,Winter,12392
8/7/2025,3,4,Wind,219,Thursday,August,Summer,930
11/15/2025,3,4,Wind,319,Saturday,November,Fall,4692
11/2/2022,9,10,Wind,306,Wednesday,November,Fall,5751
5/12/2024,18,19,Wind,133,Sunday,May,Spring,7203
3/1/2021,20,21,Wind,60,Monday,March,Spring,4546
6/25/2025,14,15,Solar,176,Wednesday,June,Summer,9154
6/12/2022,19,20,Wind,163,Sunday,June,Summer,4471
8/9/2024,15,16,Solar,222,Friday,August,Summer,7538
7/17/2022,22,23,Wind,198,Sunday,July,Summer,3664
10/7/2023,4,5,Wind,280,Saturday,October,Fall,1842
10/26/2025,19,20,Wind,299,Sunday,October,Fall,11977
8/1/2024,13,14,Solar,214,Thursday,August,Summer,7736
11/14/2022,12,13,Wind,318,Monday,November,Fall,4986
9/6/2025,9,10,Wind,249,Saturday,September,Fall,9528
3/1/2023,0,1,Wind,60,Wednesday,March,Spring,7633
12/13/2024,21,22,Wind,348,Friday,December,Winter,718
9/26/2025,6,7,Wind,269,Friday,September,Fall,990
6/23/2025,4,5,Wind,174,Monday,June,Summer,5544
2/27/2023,16,17,Wind,58,Monday,February,Winter,16405
1/8/2022,14,15,Wind,8,Saturday,January,Winter,15893
1/23/2025,9,10,Wind,23,Thursday,January,Winter,7687
3/17/2022,15,16,Wind,76,Thursday,March,Spring,5379
12/25/2021,11,12,Solar,359,Saturday,December,Winter,2139
7/29/2025,15,16,Solar,210,Tuesday,July,Summer,11049
5/17/2022,7,8,Wind,137,Tuesday,May,Spring,3135
2/29/2024,5,6,Wind,60,Thursday,February,Winter,7464
12/13/2021,15,16,Solar,347,Monday,December,Winter,1959
1/7/2025,22,23,Wind,7,Tuesday,January,Winter,6904
6/15/2020,19,20,Wind,167,Monday,June,Summer,3068
2/1/2022,9,10,Wind,32,Tuesday,February,Winter,9308
7/24/2025,18,19,Wind,205,Thursday,July,Summer,7239
3/22/2022,12,13,Solar,81,Tuesday,March,Spring,8895
1/22/2024,5,6,Wind,22,Monday,January,Winter,16728
8/26/2024,22,23,Wind,239,Monday,August,Summer,1669
6/20/2024,12,13,Solar,172,Thursday,June,Summer,5316
5/27/2024,15,16,Wind,148,Monday,May,Spring,8313
3/27/2025,7,8,Wind,86,Thursday,March,Spring,4075
9/30/2024,14,15,Wind,274,Monday,September,Fall,17990
11/14/2022,21,22,Wind,318,Monday,November,Fall,6382
7/2/2023,8,9,Wind,183,Sunday,July,Summer,2882
8/7/2023,17,18,Solar,219,Monday,August,Summer,8202
4/3/2023,12,13,Wind,93,Monday,April,Spring,11111
7/8/2025,15,16,Solar,189,Tuesday,July,Summer,12184
9/16/2025,7,8,Wind,259,Tuesday,September,Fall,9343
4/13/2022,6,7,Wind,103,Wednesday,April,Spring,1107
6/26/2022,0,1,Wind,177,Sunday,June,Summer,2699
10/26/2024,5,6,Wind,300,Saturday,October,Fall,2085
5/15/2024,3,4,Wind,136,Wednesday,May,Spring,2598
8/4/2020,5,6,Wind,217,Tuesday,August,Summer,2214
9/16/2021,22,23,Wind,259,Thursday,September,Fall,842
10/29/2024,1,2,Wind,303,Tuesday,October,Fall,1733
2/20/2025,17,18,Wind,51,Thursday,February,Winter,8149
12/18/2023,8,9,Wind,352,Monday,December,Winter,2271
4/21/2025,21,22,Wind,111,Monday,April,Spring,2788
9/21/2022,16,17,Solar,264,Wednesday,September,Fall,6437
3/11/2025,16,17,Wind,70,Tuesday,March,Spring,6371
6/23/2023,11,12,Solar,174,Friday,June,Summer,7189
4/6/2023,9,10,Wind,96,Thursday,April,Spring,4765
6/7/2025,4,5,Wind,158,Saturday,June,Summer,6797
9/20/2025,19,20,Wind,263,Saturday,September,Fall,10122
11/30/2022,1,2,Wind,334,Wednesday,November,Fall,1058
10/30/2025,6,7,Wind,303,Thursday,October,Fall,4783
1/21/2025,8,9,Wind,21,Tuesday,January,Winter,2522
6/2/2024,15,16,Wind,154,Sunday,June,Summer,5303
3/23/2025,6,7,Wind,82,Sunday,March,Spring,4373
6/10/2024,4,5,Wind,162,Monday,June,Summer,3938
6/12/2025,14,15,Solar,163,Thursday,June,Summer,5717
1/2/2025,5,6,Wind,2,Thursday,January,Winter,8804
5/13/2021,15,16,Solar,133,Thursday,May,Spring,5509
6/17/2022,18,19,Solar,168,Friday,June,Summer,3404
10/13/2025,23,0,Wind,286,Monday,October,Fall,6944
9/16/2020,8,9,Wind,260,Wednesday,September,Fall,1013
12/18/2022,7,8,Wind,352,Sunday,December,Winter,6542
8/3/2024,5,6,Wind,216,Saturday,August,Summer,3203
9/26/2020,15,16,Wind,270,Saturday,September,Fall,11741
3/29/2020,6,7,Wind,89,Sunday,March,Spring,11027
7/1/2020,8,9,Wind,183,Wednesday,July,Summer,3679
6/19/2023,7,8,Wind,170,Monday,June,Summer,1807
11/2/2021,23,0,Wind,306,Tuesday,November,Fall,2889
3/1/2022,3,4,Wind,60,Tuesday,March,Spring,2612
3/17/2021,23,0,Wind,76,Wednesday,March,Spring,5240
4/26/2022,14,15,Solar,116,Tuesday,April,Spring,7982
11/15/2021,23,0,Wind,319,Monday,November,Fall,1107
8/18/2023,19,20,Wind,230,Friday,August,Summer,3018
8/15/2025,0,1,Wind,227,Friday,August,Summer,4269
7/9/2020,19,20,Wind,191,Thursday,July,Summer,4573
7/25/2022,21,22,Wind,206,Monday,July,Summer,7106
2/6/2023,12,13,Solar,37,Monday,February,Winter,9036
2/4/2025,3,4,Wind,35,Tuesday,February,Winter,1737
1/10/2020,5,6,Wind,10,Friday,January,Winter,7774
4/25/2023,7,8,Wind,115,Tuesday,April,Spring,2753
4/8/2024,23,0,Wind,99,Monday,April,Spring,9139
8/11/2020,16,17,Solar,224,Tuesday,August,Summer,3542
6/2/2025,8,9,Wind,153,Monday,June,Summer,2742
7/29/2022,21,22,Wind,210,Friday,July,Summer,2125
4/4/2024,13,14,Wind,95,Thursday,April,Spring,20481
3/1/2021,22,23,Wind,60,Monday,March,Spring,4978
2/20/2025,21,22,Wind,51,Thursday,February,Winter,9773
4/16/2020,19,20,Wind,107,Thursday,April,Spring,1414
3/28/2025,17,18,Wind,87,Friday,March,Spring,9362
5/21/2021,1,2,Wind,141,Friday,May,Spring,9817
7/13/2020,7,8,Wind,195,Monday,July,Summer,2341
8/31/2024,3,4,Wind,244,Saturday,August,Summer,4579
12/9/2024,9,10,Wind,344,Monday,December,Winter,15224
9/2/2023,13,14,Solar,245,Saturday,September,Fall,6760
4/14/2024,21,22,Wind,105,Sunday,April,Spring,2636
1/9/2020,0,1,Wind,9,Thursday,January,Winter,6309
10/19/2020,8,9,Wind,293,Monday,October,Fall,3178
6/29/2023,19,20,Wind,180,Thursday,June,Summer,4840
3/8/2022,19,20,Wind,67,Tuesday,March,Spring,4726
8/16/2025,4,5,Wind,228,Saturday,August,Summer,7037
1/6/2022,14,15,Solar,6,Thursday,January,Winter,5505
12/8/2021,22,23,Wind,342,Wednesday,December,Winter,5949
5/29/2023,5,6,Wind,149,Monday,May,Spring,8702
4/29/2022,19,20,Wind,119,Friday,April,Spring,4185
1/21/2024,13,14,Wind,21,Sunday,January,Winter,15113
10/28/2021,2,3,Wind,301,Thursday,October,Fall,4894
4/21/2025,19,20,Wind,111,Monday,April,Spring,4219
6/27/2020,6,7,Wind,179,Saturday,June,Summer,3501
3/18/2025,3,4,Wind,77,Tuesday,March,Spring,12324
6/15/2025,1,2,Wind,166,Sunday,June,Summer,2950
1/28/2023,16,17,Wind,28,Saturday,January,Winter,4875
10/21/2024,0,1,Wind,295,Monday,October,Fall,7969
2/7/2023,10,11,Wind,38,Tuesday,February,Winter,8915
2/12/2021,18,19,Wind,43,Friday,February,Winter,8474
11/6/2025,17,18,Wind,310,Thursday,November,Fall,2204
7/12/2025,17,18,Solar,193,Saturday,July,Summer,7623
10/6/2021,13,14,Wind,279,Wednesday,October,Fall,12605
11/10/2025,14,15,Wind,314,Monday,November,Fall,12527
1/10/2023,2,3,Wind,10,Tuesday,January,Winter,8206
5/8/2022,0,1,Wind,128,Sunday,May,Spring,4571
11/25/2024,20,21,Wind,330,Monday,November,Fall,6940
10/26/2020,21,22,Wind,300,Monday,October,Fall,7511
8/16/2022,0,1,Wind,228,Tuesday,August,Summer,994
4/25/2025,17,18,Solar,115,Friday,April,Spring,7637
10/6/2021,5,6,Wind,279,Wednesday,October,Fall,8206
11/1/2023,2,3,Wind,305,Wednesday,November,Fall,12791
3/27/2025,8,9,Wind,86,Thursday,March,Spring,5016
10/5/2024,2,3,Wind,279,Saturday,October,Fall,2709
2/26/2021,11,12,Wind,57,Friday,February,Winter,4537
10/8/2025,7,8,Wind,281,Wednesday,October,Fall,703
5/19/2022,9,10,Wind,139,Thursday,May,Spring,5194
9/17/2021,6,7,Wind,260,Friday,September,Fall,638
12/16/2021,20,21,Wind,350,Thursday,December,Winter,5347
6/24/2023,19,20,Solar,175,Saturday,June,Summer,3126
2/9/2023,11,12,Solar,40,Thursday,February,Winter,5239
5/13/2024,5,6,Wind,134,Monday,May,Spring,1791
10/4/2025,10,11,Wind,277,Saturday,October,Fall,19412
7/17/2025,8,9,Solar,198,Thursday,July,Summer,3408
7/6/2022,5,6,Wind,187,Wednesday,July,Summer,2998
2/11/2020,4,5,Wind,42,Tuesday,February,Winter,11863
8/20/2024,2,3,Wind,233,Tuesday,August,Summer,3228
8/29/2022,2,3,Wind,241,Monday,August,Summer,5234
8/21/2021,8,9,Wind,233,Saturday,August,Summer,2289
3/22/2022,4,5,Wind,81,Tuesday,March,Spring,4874
2/25/2024,5,6,Wind,56,Sunday,February,Winter,7291
1/17/2025,12,13,Solar,17,Friday,January,Winter,5260
12/8/2022,17,18,Wind,342,Thursday,December,Winter,2074
3/27/2024,1,2,Wind,87,Wednesday,March,Spring,5339
10/29/2022,20,21,Wind,302,Saturday,October,Fall,5791
9/25/2023,5,6,Wind,268,Monday,September,Fall,3360
5/29/2025,3,4,Wind,149,Thursday,May,Spring,2576
10/14/2021,3,4,Wind,287,Thursday,October,Fall,1743
10/11/2023,15,16,Solar,284,Wednesday,October,Fall,9015
5/20/2023,11,12,Wind,140,Saturday,May,Spring,10266
5/27/2022,10,11,Solar,147,Friday,May,Spring,5628
11/26/2020,1,2,Wind,331,Thursday,November,Fall,2773
6/29/2021,7,8,Wind,180,Tuesday,June,Summer,1489
9/30/2023,0,1,Wind,273,Saturday,September,Fall,1029
7/7/2023,13,14,Solar,188,Friday,July,Summer,10199
8/18/2021,5,6,Wind,230,Wednesday,August,Summer,2082
5/30/2020,13,14,Solar,151,Saturday,May,Spring,7142
12/3/2023,13,14,Wind,337,Sunday,December,Winter,12003
1/5/2024,9,10,Wind,5,Friday,January,Winter,7892
6/5/2024,18,19,Solar,157,Wednesday,June,Summer,6522
9/4/2020,3,4,Wind,248,Friday,September,Fall,1556
7/20/2023,19,20,Wind,201,Thursday,July,Summer,3428
5/15/2020,0,1,Wind,136,Friday,May,Spring,8261
11/23/2021,13,14,Wind,327,Tuesday,November,Fall,9773
12/22/2021,23,0,Wind,356,Wednesday,December,Winter,5802
11/13/2023,11,12,Wind,317,Monday,November,Fall,18876
11/25/2023,20,21,Wind,329,Saturday,November,Fall,4410
6/29/2023,7,8,Solar,180,Thursday,June,Summer,1265
6/1/2025,7,8,Wind,152,Sunday,June,Summer,2320
5/5/2023,2,3,Wind,125,Friday,May,Spring,2941
3/25/2021,14,15,Solar,84,Thursday,March,Spring,4960
7/7/2021,11,12,Solar,188,Wednesday,July,Summer,4779
1/6/2022,5,6,Wind,6,Thursday,January,Winter,2049
7/16/2024,1,2,Wind,198,Tuesday,July,Summer,8767
1/24/2024,2,3,Wind,24,Wednesday,January,Winter,17178
6/26/2020,0,1,Wind,178,Friday,June,Summer,3797
6/24/2020,12,13,Solar,176,Wednesday,June,Summer,6632
11/30/2023,16,17,Wind,334,Thursday,November,Fall,1216
2/6/2020,20,21,Wind,37,Thursday,February,Winter,6009
9/5/2022,0,1,Wind,248,Monday,September,Fall,5892
8/6/2025,17,18,Solar,218,Wednesday,August,Summer,6728
10/27/2023,4,5,Wind,300,Friday,October,Fall,9172
7/24/2023,11,12,Wind,205,Monday,July,Summer,10535
10/14/2021,22,23,Wind,287,Thursday,October,Fall,1373
1/12/2023,18,19,Wind,12,Thursday,January,Winter,16129
5/31/2021,0,1,Wind,151,Monday,May,Spring,5070
11/4/2021,19,20,Wind,308,Thursday,November,Fall,4199
6/20/2024,11,12,Solar,172,Thursday,June,Summer,4899
4/26/2023,18,19,Solar,116,Wednesday,April,Spring,2020
6/29/2025,23,0,Wind,180,Sunday,June,Summer,4676
1/23/2020,7,8,Wind,23,Thursday,January,Winter,5287
1/30/2022,2,3,Wind,30,Sunday,January,Winter,4507
8/3/2022,16,17,Solar,215,Wednesday,August,Summer,5552
9/13/2024,22,23,Wind,257,Friday,September,Fall,4252
4/25/2023,19,20,Wind,115,Tuesday,April,Spring,2273
9/25/2022,8,9,Wind,268,Sunday,September,Fall,3110
2/2/2025,20,21,Wind,33,Sunday,February,Winter,1338
2/16/2024,1,2,Wind,47,Friday,February,Winter,10687
8/28/2025,7,8,Wind,240,Thursday,August,Summer,3117
10/26/2023,18,19,Wind,299,Thursday,October,Fall,4654
5/18/2021,17,18,Wind,138,Tuesday,May,Spring,4730
7/18/2020,8,9,Solar,200,Saturday,July,Summer,1804
6/22/2024,12,13,Solar,174,Saturday,June,Summer,7746
3/17/2025,4,5,Wind,76,Monday,March,Spring,5414
6/25/2021,16,17,Solar,176,Friday,June,Summer,5149
7/26/2022,14,15,Solar,207,Tuesday,July,Summer,7335
6/10/2025,18,19,Solar,161,Tuesday,June,Summer,7100
2/16/2025,8,9,Wind,47,Sunday,February,Winter,4873
4/7/2022,13,14,Wind,97,Thursday,April,Spring,17696
2/3/2020,21,22,Wind,34,Monday,February,Winter,10771
10/17/2024,8,9,Wind,291,Thursday,October,Fall,3165
9/3/2024,13,14,Solar,247,Tuesday,September,Fall,5281
7/10/2024,6,7,Wind,192,Wednesday,July,Summer,3100
11/26/2023,13,14,Solar,330,Sunday,November,Fall,6070
8/13/2024,6,7,Wind,226,Tuesday,August,Summer,1141
6/7/2024,3,4,Wind,159,Friday,June,Summer,2329
4/29/2025,0,1,Wind,119,Tuesday,April,Spring,6877
5/23/2024,3,4,Wind,144,Thursday,May,Spring,3036
4/21/2021,14,15,Solar,111,Wednesday,April,Spring,5592
1/14/2020,15,16,Wind,14,Tuesday,January,Winter,13814
1/24/2025,21,22,Wind,24,Friday,January,Winter,11590
1/8/2020,16,17,Wind,8,Wednesday,January,Winter,3069
4/7/2023,20,21,Wind,97,Friday,April,Spring,2704
5/23/2020,6,7,Wind,144,Saturday,May,Spring,2524
2/11/2020,6,7,Wind,42,Tuesday,February,Winter,11631
10/6/2020,10,11,Wind,280,Tuesday,October,Fall,11206
2/24/2022,16,17,Wind,55,Thursday,February,Winter,14179
7/6/2023,7,8,Solar,187,Thursday,July,Summer,1340
6/6/2025,8,9,Wind,157,Friday,June,Summer,7508
4/6/2021,23,0,Wind,96,Tuesday,April,Spring,3992
9/14/2025,21,22,Wind,257,Sunday,September,Fall,14751
7/20/2023,22,23,Wind,201,Thursday,July,Summer,2071
10/24/2021,4,5,Wind,297,Sunday,October,Fall,4056
4/3/2025,3,4,Wind,93,Thursday,April,Spring,10072
3/12/2025,11,12,Solar,71,Wednesday,March,Spring,4529
11/27/2020,16,17,Wind,332,Friday,November,Fall,1662
4/15/2022,4,5,Wind,105,Friday,April,Spring,1294
4/25/2023,2,3,Wind,115,Tuesday,April,Spring,2620
4/30/2024,3,4,Wind,121,Tuesday,April,Spring,3529
2/21/2025,22,23,Wind,52,Friday,February,Winter,12234
3/10/2022,3,4,Wind,69,Thursday,March,Spring,5858
10/10/2023,16,17,Solar,283,Tuesday,October,Fall,5527
5/17/2025,1,2,Wind,137,Saturday,May,Spring,7119
9/29/2023,10,11,Wind,272,Friday,September,Fall,11544
3/12/2024,23,0,Wind,72,Tuesday,March,Spring,8268
4/24/2022,6,7,Wind,114,Sunday,April,Spring,2801
2/7/2025,20,21,Wind,38,Friday,February,Winter,9209
3/11/2022,1,2,Wind,70,Friday,March,Spring,8811
11/13/2021,0,1,Wind,317,Saturday,November,Fall,6028
11/21/2025,15,16,Wind,325,Friday,November,Fall,7003
3/26/2024,1,2,Wind,86,Tuesday,March,Spring,7721
3/21/2025,8,9,Wind,80,Friday,March,Spring,12665
8/15/2024,14,15,Solar,228,Thursday,August,Summer,9758
5/28/2025,17,18,Wind,148,Wednesday,May,Spring,17702
12/23/2023,21,22,Wind,357,Saturday,December,Winter,14387
9/17/2022,11,12,Wind,260,Saturday,September,Fall,10410
8/4/2024,10,11,Solar,217,Sunday,August,Summer,6165
2/1/2024,7,8,Wind,32,Thursday,February,Winter,5460
1/3/2023,6,7,Wind,3,Tuesday,January,Winter,4994
7/15/2022,17,18,Solar,196,Friday,July,Summer,6073
2/1/2020,2,3,Wind,32,Saturday,February,Winter,8897
8/26/2022,5,6,Wind,238,Friday,August,Summer,3140
11/25/2024,12,13,Wind,330,Monday,November,Fall,12182
3/30/2023,21,22,Wind,89,Thursday,March,Spring,9358
9/8/2025,15,16,Solar,251,Monday,September,Fall,6288
12/4/2020,10,11,Wind,339,Friday,December,Winter,7773
12/24/2024,22,23,Wind,359,Tuesday,December,Winter,2401
3/5/2023,7,8,Wind,64,Sunday,March,Spring,1899
8/11/2020,1,2,Wind,224,Tuesday,August,Summer,1697
8/26/2022,10,11,Solar,238,Friday,August,Summer,5642
7/6/2022,20,21,Wind,187,Wednesday,July,Summer,3478
8/22/2024,21,22,Wind,235,Thursday,August,Summer,5770
12/6/2022,3,4,Wind,340,Tuesday,December,Winter,1862
9/1/2020,6,7,Wind,245,Tuesday,September,Fall,1006
9/19/2023,12,13,Wind,262,Tuesday,September,Fall,15144
9/9/2021,15,16,Wind,252,Thursday,September,Fall,5383
11/2/2022,13,14,Wind,306,Wednesday,November,Fall,10158
3/5/2025,18,19,Wind,64,Wednesday,March,Spring,2008
7/22/2023,22,23,Wind,203,Saturday,July,Summer,4175
1/5/2020,14,15,Solar,5,Sunday,January,Winter,2952
6/26/2025,7,8,Wind,177,Thursday,June,Summer,7668
12/18/2023,4,5,Wind,352,Monday,December,Winter,1948
8/6/2025,23,0,Wind,218,Wednesday,August,Summer,1318
6/26/2021,12,13,Solar,177,Saturday,June,Summer,4649
2/2/2022,6,7,Wind,33,Wednesday,February,Winter,7485
9/18/2024,7,8,Wind,262,Wednesday,September,Fall,8921
2/25/2025,1,2,Wind,56,Tuesday,February,Winter,3638
3/14/2022,21,22,Wind,73,Monday,March,Spring,6052
10/29/2022,11,12,Wind,302,Saturday,October,Fall,9396
7/19/2024,17,18,Solar,201,Friday,July,Summer,6264
8/21/2022,16,17,Solar,233,Sunday,August,Summer,4951
4/10/2023,20,21,Wind,100,Monday,April,Spring,10159
11/28/2023,11,12,Wind,332,Tuesday,November,Fall,6161
11/4/2021,7,8,Wind,308,Thursday,November,Fall,3133
3/9/2020,23,0,Wind,69,Monday,March,Spring,9741
7/10/2020,17,18,Wind,192,Friday,July,Summer,4992
1/16/2025,10,11,Wind,16,Thursday,January,Winter,7073
5/19/2025,1,2,Wind,139,Monday,May,Spring,6109
7/7/2022,11,12,Solar,188,Thursday,July,Summer,8621
12/10/2020,13,14,Wind,345,Thursday,December,Winter,4035
10/12/2023,11,12,Solar,285,Thursday,October,Fall,7762
11/29/2024,15,16,Wind,334,Friday,November,Fall,5912
10/5/2021,1,2,Wind,278,Tuesday,October,Fall,7372
4/15/2025,16,17,Wind,105,Tuesday,April,Spring,8585
5/1/2021,23,0,Wind,121,Saturday,May,Spring,3890
11/16/2025,4,5,Wind,320,Sunday,November,Fall,1691
3/9/2023,12,13,Wind,68,Thursday,March,Spring,17554
8/27/2024,19,20,Wind,240,Tuesday,August,Summer,2062
11/3/2021,9,10,Wind,307,Wednesday,November,Fall,3955
3/5/2022,23,0,Wind,64,Saturday,March,Spring,3949
2/28/2020,22,23,Wind,59,Friday,February,Winter,11274
11/23/2023,10,11,Wind,327,Thursday,November,Fall,6141
10/27/2020,14,15,Wind,301,Tuesday,October,Fall,12379
11/24/2024,5,6,Wind,329,Sunday,November,Fall,18615
8/6/2021,5,6,Wind,218,Friday,August,Summer,6003
5/19/2020,23,0,Wind,140,Tuesday,May,Spring,4187
4/4/2025,6,7,Wind,94,Friday,April,Spring,6856
6/17/2025,0,1,Wind,168,Tuesday,June,Summer,3635
2/21/2025,10,11,Wind,52,Friday,February,Winter,15847
1/21/2022,23,0,Wind,21,Friday,January,Winter,3197
2/5/2024,15,16,Wind,36,Monday,February,Winter,9118
9/15/2021,17,18,Wind,258,Wednesday,September,Fall,3067
9/21/2025,8,9,Wind,264,Sunday,September,Fall,2363
9/6/2024,9,10,Wind,250,Friday,September,Fall,4227
1/18/2024,0,1,Wind,18,Thursday,January,Winter,6778
4/17/2020,19,20,Wind,108,Friday,April,Spring,2302
4/11/2023,5,6,Wind,101,Tuesday,April,Spring,8115
8/21/2023,20,21,Wind,233,Monday,August,Summer,1191
7/14/2023,13,14,Solar,195,Friday,July,Summer,13917
11/3/2025,5,6,Wind,307,Monday,November,Fall,7218
10/17/2021,21,22,Wind,290,Sunday,October,Fall,2556
11/30/2024,12,13,Solar,335,Saturday,November,Fall,4832
11/25/2023,21,22,Wind,329,Saturday,November,Fall,4113
1/31/2021,13,14,Wind,31,Sunday,January,Winter,4830
1/28/2023,4,5,Wind,28,Saturday,January,Winter,5832
5/26/2024,9,10,Wind,147,Sunday,May,Spring,6474
10/26/2024,20,21,Wind,300,Saturday,October,Fall,1387
3/23/2025,17,18,Wind,82,Sunday,March,Spring,3278
4/30/2022,7,8,Wind,120,Saturday,April,Spring,4322
4/20/2022,6,7,Wind,110,Wednesday,April,Spring,4805
6/2/2021,6,7,Wind,153,Wednesday,June,Summer,3681
1/24/2024,23,0,Wind,24,Wednesday,January,Winter,5801
1/1/2023,15,16,Wind,1,Sunday,January,Winter,8841
4/3/2023,10,11,Wind,93,Monday,April,Spring,9447
6/16/2024,23,0,Wind,168,Sunday,June,Summer,2819
8/3/2025,5,6,Wind,215,Sunday,August,Summer,1935
7/30/2023,11,12,Wind,211,Sunday,July,Summer,8461
11/18/2024,16,17,Wind,323,Monday,November,Fall,7512
12/24/2024,4,5,Wind,359,Tuesday,December,Winter,3896
11/18/2023,5,6,Wind,322,Saturday,November,Fall,6173
4/18/2023,10,11,Wind,108,Tuesday,April,Spring,9947
2/18/2020,10,11,Wind,49,Tuesday,February,Winter,8878
4/4/2025,9,10,Wind,94,Friday,April,Spring,8435
9/14/2022,1,2,Wind,257,Wednesday,September,Fall,2222
1/29/2020,6,7,Wind,29,Wednesday,January,Winter,7788
1/28/2024,2,3,Wind,28,Sunday,January,Winter,7220
4/10/2023,22,23,Wind,100,Monday,April,Spring,9987
11/26/2025,17,18,Wind,330,Wednesday,November,Fall,2667
11/14/2021,17,18,Wind,318,Sunday,November,Fall,3983
8/29/2020,23,0,Wind,242,Saturday,August,Summer,3146
10/20/2021,23,0,Wind,293,Wednesday,October,Fall,14105
12/18/2022,14,15,Wind,352,Sunday,December,Winter,9866
6/12/2023,23,0,Wind,163,Monday,June,Summer,2822
8/26/2020,2,3,Wind,239,Wednesday,August,Summer,9996
3/26/2024,16,17,Wind,86,Tuesday,March,Spring,5861
3/21/2021,13,14,Wind,80,Sunday,March,Spring,9194
7/17/2021,7,8,Wind,198,Saturday,July,Summer,2997
10/17/2021,13,14,Solar,290,Sunday,October,Fall,5154
3/26/2022,4,5,Wind,85,Saturday,March,Spring,7484
6/29/2022,16,17,Solar,180,Wednesday,June,Summer,5599
1/1/2020,19,20,Wind,1,Wednesday,January,Winter,1181
7/20/2024,5,6,Wind,202,Saturday,July,Summer,1022
2/14/2020,4,5,Wind,45,Friday,February,Winter,5436
9/10/2025,17,18,Wind,253,Wednesday,September,Fall,10232
4/25/2025,18,19,Solar,115,Friday,April,Spring,5940
10/20/2021,19,20,Wind,293,Wednesday,October,Fall,12501
4/16/2021,12,13,Wind,106,Friday,April,Spring,9475
2/21/2022,16,17,Wind,52,Monday,February,Winter,16981
9/3/2025,20,21,Wind,246,Wednesday,September,Fall,13651
6/7/2020,17,18,Solar,159,Sunday,June,Summer,3557
4/27/2023,11,12,Solar,117,Thursday,April,Spring,6242
4/10/2021,20,21,Wind,100,Saturday,April,Spring,4730
12/4/2021,10,11,Wind,338,Saturday,December,Winter,10684
2/24/2020,19,20,Wind,55,Monday,February,Winter,10886
9/9/2021,11,12,Wind,252,Thursday,September,Fall,3730
8/22/2020,1,2,Wind,235,Saturday,August,Summer,4830
7/22/2023,0,1,Wind,203,Saturday,July,Summer,2780
11/23/2022,3,4,Wind,327,Wednesday,November,Fall,6841
1/10/2024,10,11,Wind,10,Wednesday,January,Winter,2553
6/9/2025,2,3,Wind,160,Monday,June,Summer,1980
8/6/2022,22,23,Wind,218,Saturday,August,Summer,7359
5/24/2024,2,3,Wind,145,Friday,May,Spring,858
6/7/2025,5,6,Wind,158,Saturday,June,Summer,7229
6/4/2025,9,10,Wind,155,Wednesday,June,Summer,4864
7/7/2021,2,3,Wind,188,Wednesday,July,Summer,4008
1/21/2020,19,20,Wind,21,Tuesday,January,Winter,3804
11/18/2024,20,21,Wind,323,Monday,November,Fall,9698
7/15/2023,21,22,Wind,196,Saturday,July,Summer,9590
6/11/2020,16,17,Wind,163,Thursday,June,Summer,5128
8/31/2022,13,14,Solar,243,Wednesday,August,Summer,7007
1/23/2020,1,2,Wind,23,Thursday,January,Winter,6776
4/23/2023,20,21,Wind,113,Sunday,April,Spring,10214
9/14/2024,13,14,Solar,258,Saturday,September,Fall,10425
6/14/2025,8,9,Wind,165,Saturday,June,Summer,5426
5/10/2025,13,14,Solar,130,Saturday,May,Spring,6944
11/24/2025,18,19,Wind,328,Monday,November,Fall,11448
6/1/2023,14,15,Solar,152,Thursday,June,Summer,9662
7/16/2023,12,13,Wind,197,Sunday,July,Summer,8159
4/21/2022,7,8,Wind,111,Thursday,April,Spring,3553
10/13/2021,20,21,Wind,286,Wednesday,October,Fall,2169
9/12/2023,17,18,Solar,255,Tuesday,September,Fall,3541
3/3/2025,9,10,Solar,62,Monday,March,Spring,5647
11/18/2021,5,6,Wind,322,Thursday,November,Fall,1363
10/2/2025,9,10,Solar,275,Thursday,October,Fall,5424
8/15/2023,11,12,Solar,227,Tuesday,August,Summer,5290
8/21/2020,0,1,Wind,234,Friday,August,Summer,4957
1/18/2025,13,14,Solar,18,Saturday,January,Winter,4165
12/18/2020,6,7,Wind,353,Friday,December,Winter,6024
9/8/2020,7,8,Wind,252,Tuesday,September,Fall,1224
9/19/2022,18,19,Wind,262,Monday,September,Fall,4643
1/7/2021,16,17,Wind,7,Thursday,January,Winter,1245
10/15/2022,0,1,Wind,288,Saturday,October,Fall,6877
10/22/2020,23,0,Wind,296,Thursday,October,Fall,3174
5/10/2022,5,6,Wind,130,Tuesday,May,Spring,2336
11/19/2025,15,16,Wind,323,Wednesday,November,Fall,14209
4/22/2025,21,22,Wind,112,Tuesday,April,Spring,3114
9/19/2024,9,10,Wind,263,Thursday,September,Fall,10053
6/14/2022,17,18,Solar,165,Tuesday,June,Summer,4589
1/14/2021,3,4,Wind,14,Thursday,January,Winter,7406
4/14/2021,9,10,Solar,104,Wednesday,April,Spring,4051
12/17/2020,9,10,Wind,352,Thursday,December,Winter,5050
4/17/2024,18,19,Wind,108,Wednesday,April,Spring,10061
11/24/2023,14,15,Wind,328,Friday,November,Fall,14087
1/27/2024,9,10,Wind,27,Saturday,January,Winter,4715
11/28/2025,17,18,Wind,332,Friday,November,Fall,6838
11/29/2021,22,23,Wind,333,Monday,November,Fall,4680
2/15/2025,13,14,Solar,46,Saturday,February,Winter,9563
8/3/2024,3,4,Wind,216,Saturday,August,Summer,3586
2/26/2024,23,0,Wind,57,Monday,February,Winter,14028
10/15/2025,4,5,Wind,288,Wednesday,October,Fall,5192
1/25/2020,20,21,Wind,25,Saturday,January,Winter,1912
10/27/2020,19,20,Wind,301,Tuesday,October,Fall,11275
9/24/2020,15,16,Wind,268,Thursday,September,Fall,9187
5/11/2025,18,19,Wind,131,Sunday,May,Spring,6079
1/4/2020,19,20,Wind,4,Saturday,January,Winter,2969
9/5/2024,10,11,Wind,249,Thursday,September,Fall,7511
6/12/2024,19,20,Wind,164,Wednesday,June,Summer,3484
11/18/2025,13,14,Solar,322,Tuesday,November,Fall,8521
9/30/2021,13,14,Solar,273,Thursday,September,Fall,8373
1/18/2024,13,14,Wind,18,Thursday,January,Winter,7406
4/10/2025,2,3,Wind,100,Thursday,April,Spring,9152
1/21/2023,19,20,Wind,21,Saturday,January,Winter,8905
10/14/2020,19,20,Wind,288,Wednesday,October,Fall,5394
3/2/2021,17,18,Wind,61,Tuesday,March,Spring,2119
9/1/2023,8,9,Wind,244,Friday,September,Fall,6404
2/28/2021,8,9,Wind,59,Sunday,February,Winter,7100
6/5/2022,8,9,Wind,156,Sunday,June,Summer,2905
9/27/2020,9,10,Wind,271,Sunday,September,Fall,12950
11/29/2020,21,22,Wind,334,Sunday,November,Fall,2581
1/13/2023,17,18,Wind,13,Friday,January,Winter,12114
12/12/2020,3,4,Wind,347,Saturday,December,Winter,5264
6/10/2022,8,9,Solar,161,Friday,June,Summer,3451
9/5/2025,5,6,Wind,248,Friday,September,Fall,3073
5/28/2021,17,18,Solar,148,Friday,May,Spring,3776
8/13/2023,17,18,Solar,225,Sunday,August,Summer,6313
11/13/2024,21,22,Wind,318,Wednesday,November,Fall,5053
5/27/2021,21,22,Wind,147,Thursday,May,Spring,1552
3/14/2020,16,17,Wind,74,Saturday,March,Spring,5134
11/10/2021,1,2,Wind,314,Wednesday,November,Fall,576
3/13/2020,15,16,Wind,73,Friday,March,Spring,6501
7/9/2024,21,22,Wind,191,Tuesday,July,Summer,2789
8/1/2023,16,17,Wind,213,Tuesday,August,Summer,15715
1/28/2023,20,21,Wind,28,Saturday,January,Winter,3066
11/14/2025,5,6,Wind,318,Friday,November,Fall,12444
6/11/2020,20,21,Wind,163,Thursday,June,Summer,3414
7/14/2021,11,12,Wind,195,Wednesday,July,Summer,8011
4/2/2023,23,0,Wind,92,Sunday,April,Spring,6236
9/4/2024,14,15,Solar,248,Wednesday,September,Fall,4253
10/5/2020,19,20,Wind,279,Monday,October,Fall,9449
8/25/2024,23,0,Wind,238,Sunday,August,Summer,2594
10/10/2021,11,12,Solar,283,Sunday,October,Fall,4221
6/27/2024,22,23,Wind,179,Thursday,June,Summer,3505
11/4/2020,1,2,Wind,309,Wednesday,November,Fall,1716
7/20/2021,11,12,Solar,201,Tuesday,July,Summer,6377
8/2/2021,3,4,Wind,214,Monday,August,Summer,1116
9/23/2021,9,10,Solar,266,Thursday,September,Fall,2760
1/27/2024,8,9,Wind,27,Saturday,January,Winter,3581
12/30/2022,19,20,Wind,364,Friday,December,Winter,15334
11/18/2024,14,15,Wind,323,Monday,November,Fall,9122
12/4/2023,0,1,Wind,338,Monday,December,Winter,12629
1/2/2020,0,1,Wind,2,Thursday,January,Winter,1267
9/8/2021,4,5,Wind,251,Wednesday,September,Fall,5258
6/11/2025,22,23,Wind,162,Wednesday,June,Summer,6852
8/26/2025,4,5,Wind,238,Tuesday,August,Summer,4080
5/11/2024,9,10,Solar,132,Saturday,May,Spring,6348
5/18/2023,6,7,Wind,138,Thursday,May,Spring,5477
8/21/2025,0,1,Wind,233,Thursday,August,Summer,3450
10/15/2024,22,23,Wind,289,Tuesday,October,Fall,10680
5/15/2024,16,17,Solar,136,Wednesday,May,Spring,5901
5/12/2022,15,16,Solar,132,Thursday,May,Spring,6042
4/3/2020,7,8,Wind,94,Friday,April,Spring,1864
10/11/2021,16,17,Solar,284,Monday,October,Fall,5672
2/26/2023,9,10,Wind,57,Sunday,February,Winter,17091
3/17/2023,8,9,Wind,76,Friday,March,Spring,8681
10/23/2023,12,13,Wind,296,Monday,October,Fall,9170
4/29/2020,7,8,Wind,120,Wednesday,April,Spring,4629
10/12/2021,23,0,Wind,285,Tuesday,October,Fall,3559
12/14/2022,20,21,Wind,348,Wednesday,December,Winter,2282
11/30/2020,13,14,Solar,335,Monday,November,Fall,3638
2/15/2025,10,11,Solar,46,Saturday,February,Winter,8954
9/13/2020,22,23,Wind,257,Sunday,September,Fall,2238
5/20/2023,8,9,Wind,140,Saturday,May,Spring,6405
1/8/2022,8,9,Wind,8,Saturday,January,Winter,7370
2/13/2024,22,23,Wind,44,Tuesday,February,Winter,10458
8/28/2021,2,3,Wind,240,Saturday,August,Summer,4282
11/1/2022,16,17,Wind,305,Tuesday,November,Fall,11364
10/10/2021,7,8,Wind,283,Sunday,October,Fall,1388
11/25/2020,3,4,Wind,330,Wednesday,November,Fall,6472
6/24/2022,12,13,Wind,175,Friday,June,Summer,7951
9/21/2023,18,19,Wind,264,Thursday,September,Fall,6345
3/14/2021,22,23,Wind,73,Sunday,March,Spring,10044
9/13/2022,17,18,Wind,256,Tuesday,September,Fall,4288
9/13/2022,4,5,Wind,256,Tuesday,September,Fall,1837
10/13/2025,14,15,Solar,286,Monday,October,Fall,12354
1/11/2025,2,3,Wind,11,Saturday,January,Winter,1684
9/29/2020,4,5,Wind,273,Tuesday,September,Fall,1974
9/13/2022,13,14,Solar,256,Tuesday,September,Fall,6012
5/1/2022,12,13,Solar,121,Sunday,May,Spring,6628
4/18/2022,5,6,Wind,108,Monday,April,Spring,3161
12/23/2022,18,19,Wind,357,Friday,December,Winter,13842
6/26/2023,13,14,Solar,177,Monday,June,Summer,10406
8/25/2024,3,4,Wind,238,Sunday,August,Summer,5857
6/19/2022,13,14,Solar,170,Sunday,June,Summer,10248
7/7/2021,21,22,Wind,188,Wednesday,July,Summer,1885
8/30/2020,1,2,Wind,243,Sunday,August,Summer,2748
6/4/2022,21,22,Wind,155,Saturday,June,Summer,4362
3/28/2020,7,8,Wind,88,Saturday,March,Spring,2548
5/10/2024,12,13,Solar,131,Friday,May,Spring,11083
3/24/2020,2,3,Wind,84,Tuesday,March,Spring,6448
3/6/2023,6,7,Wind,65,Monday,March,Spring,1479
11/30/2021,0,1,Wind,334,Tuesday,November,Fall,6255
1/23/2023,12,13,Wind,23,Monday,January,Winter,7331
8/4/2023,18,19,Wind,216,Friday,August,Summer,7300
9/22/2025,14,15,Wind,265,Monday,September,Fall,8812
4/30/2024,1,2,Wind,121,Tuesday,April,Spring,3771
7/14/2020,22,23,Wind,196,Tuesday,July,Summer,1726
12/31/2023,15,16,Wind,365,Sunday,December,Winter,18435
3/4/2025,16,17,Solar,63,Tuesday,March,Spring,4702
1/2/2022,11,12,Wind,2,Sunday,January,Winter,11203
8/17/2021,6,7,Wind,229,Tuesday,August,Summer,1590
4/15/2023,7,8,Wind,105,Saturday,April,Spring,7248
9/22/2023,10,11,Wind,265,Friday,September,Fall,8885
12/6/2020,4,5,Wind,341,Sunday,December,Winter,3287
9/18/2023,5,6,Wind,261,Monday,September,Fall,6373
6/11/2020,23,0,Wind,163,Thursday,June,Summer,4033
8/9/2023,4,5,Wind,221,Wednesday,August,Summer,2396
8/29/2020,12,13,Wind,242,Saturday,August,Summer,4482
5/30/2024,17,18,Wind,151,Thursday,May,Spring,12091
6/9/2020,2,3,Wind,161,Tuesday,June,Summer,3597
9/12/2025,22,23,Wind,255,Friday,September,Fall,6097
2/15/2022,15,16,Wind,46,Tuesday,February,Winter,13655
11/17/2024,2,3,Wind,322,Sunday,November,Fall,4894
12/19/2023,8,9,Wind,353,Tuesday,December,Winter,8095
2/10/2024,19,20,Wind,41,Saturday,February,Winter,7820
10/24/2023,18,19,Wind,297,Tuesday,October,Fall,3772
6/23/2021,10,11,Solar,174,Wednesday,June,Summer,3755
1/9/2025,6,7,Wind,9,Thursday,January,Winter,12685
2/22/2024,20,21,Wind,53,Thursday,February,Winter,17499
6/6/2024,14,15,Solar,158,Thursday,June,Summer,8522
9/15/2024,1,2,Wind,259,Sunday,September,Fall,3730
12/15/2021,11,12,Solar,349,Wednesday,December,Winter,3503
10/6/2024,18,19,Wind,280,Sunday,October,Fall,8023
8/3/2023,21,22,Wind,215,Thursday,August,Summer,4024
10/20/2024,23,0,Wind,294,Sunday,October,Fall,8964
3/30/2021,19,20,Wind,89,Tuesday,March,Spring,1147
9/3/2020,7,8,Wind,247,Thursday,September,Fall,2032
10/6/2021,2,3,Wind,279,Wednesday,October,Fall,8433
1/7/2024,22,23,Wind,7,Sunday,January,Winter,11747
12/1/2023,6,7,Wind,335,Friday,December,Winter,2284
3/3/2021,21,22,Wind,62,Wednesday,March,Spring,1128
4/18/2020,21,22,Wind,109,Saturday,April,Spring,1215
4/11/2022,2,3,Wind,101,Monday,April,Spring,9774
12/12/2021,6,7,Wind,346,Sunday,December,Winter,5111
8/29/2021,18,19,Wind,241,Sunday,August,Summer,6095
3/18/2020,10,11,Solar,78,Wednesday,March,Spring,3175
6/25/2022,7,8,Wind,176,Saturday,June,Summer,2159
4/18/2023,11,12,Wind,108,Tuesday,April,Spring,11565
4/27/2021,20,21,Wind,117,Tuesday,April,Spring,1032
2/1/2020,16,17,Wind,32,Saturday,February,Winter,11065
9/20/2022,22,23,Wind,263,Tuesday,September,Fall,2922
1/29/2024,22,23,Wind,29,Monday,January,Winter,9034
9/13/2023,20,21,Wind,256,Wednesday,September,Fall,1390
10/30/2021,18,19,Wind,303,Saturday,October,Fall,4389
9/27/2022,2,3,Wind,270,Tuesday,September,Fall,6928
1/29/2025,9,10,Wind,29,Wednesday,January,Winter,13368
7/2/2024,0,1,Wind,184,Tuesday,July,Summer,3683
10/24/2020,3,4,Wind,298,Saturday,October,Fall,6021
6/21/2022,0,1,Wind,172,Tuesday,June,Summer,5789
2/16/2025,10,11,Solar,47,Sunday,February,Winter,7270
11/5/2025,17,18,Wind,309,Wednesday,November,Fall,12121
3/22/2025,7,8,Wind,81,Saturday,March,Spring,8524
11/8/2023,9,10,Wind,312,Wednesday,November,Fall,12232
10/10/2024,23,0,Wind,284,Thursday,October,Fall,2319
9/17/2024,10,11,Wind,261,Tuesday,September,Fall,14059
10/2/2023,19,20,Wind,275,Monday,October,Fall,5601
2/24/2021,12,13,Wind,55,Wednesday,February,Winter,8746
6/26/2023,9,10,Solar,177,Monday,June,Summer,6076
2/11/2023,14,15,Solar,42,Saturday,February,Winter,5927
6/25/2025,23,0,Wind,176,Wednesday,June,Summer,5491
8/28/2023,21,22,Wind,240,Monday,August,Summer,3213
1/26/2021,17,18,Wind,26,Tuesday,January,Winter,3944
12/30/2020,9,10,Wind,365,Wednesday,December,Winter,3287
12/7/2021,1,2,Wind,341,Tuesday,December,Winter,8851
4/13/2020,20,21,Wind,104,Monday,April,Spring,10314
8/2/2024,22,23,Wind,215,Friday,August,Summer,4700
12/12/2021,22,23,Wind,346,Sunday,December,Winter,1910
5/3/2025,22,23,Wind,123,Saturday,May,Spring,5299
11/26/2024,16,17,Wind,331,Tuesday,November,Fall,3695
6/4/2025,8,9,Wind,155,Wednesday,June,Summer,3666
5/16/2021,6,7,Wind,136,Sunday,May,Spring,4293
9/21/2025,1,2,Wind,264,Sunday,September,Fall,7088
6/25/2022,21,22,Wind,176,Saturday,June,Summer,2133
4/10/2024,3,4,Wind,101,Wednesday,April,Spring,6344
6/5/2024,23,0,Wind,157,Wednesday,June,Summer,1730
9/3/2024,16,17,Solar,247,Tuesday,September,Fall,4492
1/20/2024,20,21,Wind,20,Saturday,January,Winter,8001
12/30/2023,12,13,Wind,364,Saturday,December,Winter,12265
10/8/2021,10,11,Solar,281,Friday,October,Fall,5294
11/27/2024,3,4,Wind,332,Wednesday,November,Fall,11127
12/29/2020,9,10,Wind,364,Tuesday,December,Winter,4426
1/20/2020,15,16,Wind,20,Monday,January,Winter,6593
5/10/2024,5,6,Wind,131,Friday,May,Spring,4594
6/21/2021,16,17,Solar,172,Monday,June,Summer,4701
1/28/2022,22,23,Wind,28,Friday,January,Winter,3521
6/15/2020,11,12,Solar,167,Monday,June,Summer,4552
10/10/2025,21,22,Wind,283,Friday,October,Fall,4056
4/23/2021,20,21,Wind,113,Friday,April,Spring,5369
2/1/2025,13,14,Solar,32,Saturday,February,Winter,6105
3/11/2023,8,9,Wind,70,Saturday,March,Spring,4389
3/26/2020,15,16,Wind,86,Thursday,March,Spring,8343
11/18/2023,23,0,Wind,322,Saturday,November,Fall,11947
5/19/2020,14,15,Solar,140,Tuesday,May,Spring,5795
2/10/2023,6,7,Wind,41,Friday,February,Winter,629
5/5/2021,17,18,Wind,125,Wednesday,May,Spring,10312
9/22/2024,20,21,Wind,266,Sunday,September,Fall,2722
12/29/2020,12,13,Wind,364,Tuesday,December,Winter,5039
3/25/2020,12,13,Solar,85,Wednesday,March,Spring,5870
10/4/2020,17,18,Wind,278,Sunday,October,Fall,11028
4/9/2024,11,12,Wind,100,Tuesday,April,Spring,11478
12/29/2021,9,10,Wind,363,Wednesday,December,Winter,8302
6/22/2024,11,12,Solar,174,Saturday,June,Summer,7321
2/23/2025,21,22,Wind,54,Sunday,February,Winter,11852
3/4/2024,23,0,Wind,64,Monday,March,Spring,5856
8/7/2021,8,9,Wind,219,Saturday,August,Summer,4137
1/27/2024,13,14,Solar,27,Saturday,January,Winter,5520
3/4/2024,6,7,Wind,64,Monday,March,Spring,3881
11/20/2024,23,0,Wind,325,Wednesday,November,Fall,6132
5/19/2020,10,11,Solar,140,Tuesday,May,Spring,4412
5/24/2021,10,11,Wind,144,Monday,May,Spring,9548
3/6/2024,8,9,Solar,66,Wednesday,March,Spring,2257
11/2/2022,2,3,Wind,306,Wednesday,November,Fall,9453
12/1/2024,1,2,Wind,336,Sunday,December,Winter,4016
9/9/2024,19,20,Wind,253,Monday,September,Fall,7981
11/29/2024,1,2,Wind,334,Friday,November,Fall,5147
11/29/2023,20,21,Wind,333,Wednesday,November,Fall,2256
12/29/2022,14,15,Wind,363,Thursday,December,Winter,11907
4/14/2025,11,12,Solar,104,Monday,April,Spring,7730
6/30/2023,5,6,Wind,181,Friday,June,Summer,2493
5/4/2022,3,4,Wind,124,Wednesday,May,Spring,2101
2/23/2020,1,2,Wind,54,Sunday,February,Winter,8085
11/27/2020,12,13,Solar,332,Friday,November,Fall,2867
12/31/2023,2,3,Wind,365,Sunday,December,Winter,16903
12/13/2022,4,5,Wind,347,Tuesday,December,Winter,6726
6/8/2025,3,4,Wind,159,Sunday,June,Summer,11586
1/28/2021,2,3,Wind,28,Thursday,January,Winter,7021
9/6/2020,12,13,Solar,250,Sunday,September,Fall,4167
10/30/2020,14,15,Wind,304,Friday,October,Fall,6293
7/15/2023,4,5,Wind,196,Saturday,July,Summer,6081
9/19/2020,9,10,Wind,263,Saturday,September,Fall,3664
2/22/2021,21,22,Wind,53,Monday,February,Winter,5226
4/7/2022,12,13,Wind,97,Thursday,April,Spring,17815
5/10/2022,1,2,Wind,130,Tuesday,May,Spring,787
10/26/2022,19,20,Wind,299,Wednesday,October,Fall,2435
6/19/2024,12,13,Solar,171,Wednesday,June,Summer,10246
1/16/2021,11,12,Wind,16,Saturday,January,Winter,6320
5/28/2022,18,19,Wind,148,Saturday,May,Spring,8846
10/29/2025,17,18,Wind,302,Wednesday,October,Fall,8855
5/10/2024,14,15,Solar,131,Friday,May,Spring,11009
3/5/2024,3,4,Wind,65,Tuesday,March,Spring,5593
2/8/2021,20,21,Wind,39,Monday,February,Winter,2080
4/5/2021,9,10,Wind,95,Monday,April,Spring,7362
10/25/2024,17,18,Wind,299,Friday,October,Fall,3111
8/9/2025,14,15,Solar,221,Saturday,August,Summer,5192
8/13/2024,22,23,Wind,226,Tuesday,August,Summer,1520
6/17/2024,10,11,Solar,169,Monday,June,Summer,6256
4/16/2023,4,5,Wind,106,Sunday,April,Spring,5339
7/2/2023,17,18,Wind,183,Sunday,July,Summer,7678
6/26/2022,23,0,Wind,177,Sunday,June,Summer,1151
9/17/2024,9,10,Wind,261,Tuesday,September,Fall,11852
12/31/2021,9,10,Wind,365,Friday,December,Winter,6180
12/20/2021,15,16,Wind,354,Monday,December,Winter,3926
9/30/2022,16,17,Wind,273,Friday,September,Fall,9086
11/4/2025,14,15,Wind,308,Tuesday,November,Fall,12790
3/19/2022,22,23,Wind,78,Saturday,March,Spring,8847
5/29/2022,19,20,Wind,149,Sunday,May,Spring,5235
9/24/2024,12,13,Wind,268,Tuesday,September,Fall,12247
12/16/2023,18,19,Wind,350,Saturday,December,Winter,2464
11/3/2024,6,7,Wind,308,Sunday,November,Fall,2638
11/29/2020,18,19,Wind,334,Sunday,November,Fall,2915
9/16/2021,9,10,Solar,259,Thursday,September,Fall,1244
3/29/2025,4,5,Wind,88,Saturday,March,Spring,9879
7/10/2023,9,10,Solar,191,Monday,July,Summer,3808
12/28/2023,18,19,Wind,362,Thursday,December,Winter,13143
12/2/2020,18,19,Wind,337,Wednesday,December,Winter,1702
9/11/2021,2,3,Wind,254,Saturday,September,Fall,1693
10/20/2025,11,12,Wind,293,Monday,October,Fall,17289
10/4/2020,19,20,Wind,278,Sunday,October,Fall,9887
5/22/2022,8,9,Wind,142,Sunday,May,Spring,3176
4/21/2025,18,19,Wind,111,Monday,April,Spring,5746
4/29/2023,9,10,Solar,119,Saturday,April,Spring,2584
11/13/2020,13,14,Wind,318,Friday,November,Fall,6261
4/26/2020,6,7,Wind,117,Sunday,April,Spring,1181
11/18/2021,20,21,Wind,322,Thursday,November,Fall,1523
11/4/2023,5,6,Wind,308,Saturday,November,Fall,12917
1/6/2020,12,13,Wind,6,Monday,January,Winter,5508
2/11/2025,0,1,Wind,42,Tuesday,February,Winter,6544
9/23/2024,22,23,Wind,267,Monday,September,Fall,5320
7/24/2021,6,7,Wind,205,Saturday,July,Summer,3849
5/25/2022,4,5,Wind,145,Wednesday,May,Spring,2759
10/2/2020,4,5,Wind,276,Friday,October,Fall,10200
6/16/2024,5,6,Wind,168,Sunday,June,Summer,8312
3/17/2022,7,8,Wind,76,Thursday,March,Spring,4859
7/25/2021,20,21,Wind,206,Sunday,July,Summer,2703
8/14/2020,1,2,Wind,227,Friday,August,Summer,2099
2/5/2021,9,10,Wind,36,Friday,February,Winter,2001
10/23/2021,14,15,Solar,296,Saturday,October,Fall,5243
10/14/2023,13,14,Wind,287,Saturday,October,Fall,6935
1/9/2024,12,13,Wind,9,Tuesday,January,Winter,7316
6/1/2022,21,22,Wind,152,Wednesday,June,Summer,2633
11/13/2025,7,8,Wind,317,Thursday,November,Fall,10177
12/23/2020,18,19,Wind,358,Wednesday,December,Winter,12555
3/28/2020,21,22,Wind,88,Saturday,March,Spring,11009
3/22/2023,19,20,Wind,81,Wednesday,March,Spring,12608
12/14/2020,20,21,Wind,349,Monday,December,Winter,6605
10/16/2022,7,8,Wind,289,Sunday,October,Fall,2775
12/25/2022,7,8,Wind,359,Sunday,December,Winter,5233
5/28/2022,21,22,Wind,148,Saturday,May,Spring,6221
7/29/2021,8,9,Wind,210,Thursday,July,Summer,3787
6/9/2021,18,19,Solar,160,Wednesday,June,Summer,3406
6/29/2023,22,23,Wind,180,Thursday,June,Summer,2982
11/28/2021,21,22,Wind,332,Sunday,November,Fall,5528
9/6/2025,15,16,Solar,249,Saturday,September,Fall,7432
11/22/2025,19,20,Wind,326,Saturday,November,Fall,10661
8/21/2023,7,8,Wind,233,Monday,August,Summer,1897
10/1/2025,0,1,Wind,274,Wednesday,October,Fall,2823
6/20/2025,12,13,Solar,171,Friday,June,Summer,11247
1/31/2025,19,20,Wind,31,Friday,January,Winter,5419
7/2/2024,11,12,Solar,184,Tuesday,July,Summer,6880
2/3/2021,20,21,Wind,34,Wednesday,February,Winter,9043
1/25/2021,5,6,Wind,25,Monday,January,Winter,6084
3/3/2025,0,1,Wind,62,Monday,March,Spring,4216
5/4/2024,17,18,Wind,125,Saturday,May,Spring,5803
9/9/2024,18,19,Wind,253,Monday,September,Fall,9916
9/16/2024,3,4,Wind,260,Monday,September,Fall,2943
7/12/2024,21,22,Wind,194,Friday,July,Summer,2752
11/28/2022,14,15,Wind,332,Monday,November,Fall,4538
3/22/2020,10,11,Wind,82,Sunday,March,Spring,11238
2/5/2020,18,19,Wind,36,Wednesday,February,Winter,1769
11/5/2024,8,9,Wind,310,Tuesday,November,Fall,2186
8/15/2020,6,7,Wind,228,Saturday,August,Summer,457
9/19/2020,5,6,Wind,263,Saturday,September,Fall,4265
9/30/2022,10,11,Solar,273,Friday,September,Fall,4255
11/23/2020,17,18,Wind,328,Monday,November,Fall,620
7/22/2024,13,14,Solar,204,Monday,July,Summer,10243
5/18/2024,6,7,Wind,139,Saturday,May,Spring,761
8/9/2022,1,2,Wind,221,Tuesday,August,Summer,7181
9/19/2024,20,21,Wind,263,Thursday,September,Fall,7802
5/16/2025,18,19,Wind,136,Friday,May,Spring,10928
8/29/2021,1,2,Wind,241,Sunday,August,Summer,4508
5/26/2025,6,7,Wind,146,Monday,May,Spring,5453
2/27/2021,8,9,Wind,58,Saturday,February,Winter,6414
2/1/2023,14,15,Wind,32,Wednesday,February,Winter,11735
11/19/2021,8,9,Wind,323,Friday,November,Fall,1628
9/3/2022,8,9,Wind,246,Saturday,September,Fall,2057
10/19/2024,8,9,Wind,293,Saturday,October,Fall,6338
6/8/2022,22,23,Wind,159,Wednesday,June,Summer,6493
6/25/2021,18,19,Solar,176,Friday,June,Summer,3314
9/29/2023,4,5,Wind,272,Friday,September,Fall,8331
9/26/2023,0,1,Wind,269,Tuesday,September,Fall,1382
3/23/2024,21,22,Wind,83,Saturday,March,Spring,9466
6/24/2023,10,11,Solar,175,Saturday,June,Summer,6886
8/30/2020,9,10,Wind,243,Sunday,August,Summer,4184
9/25/2021,13,14,Solar,268,Saturday,September,Fall,4377
2/9/2024,3,4,Wind,40,Friday,February,Winter,16390
7/28/2020,19,20,Wind,210,Tuesday,July,Summer,5024
8/12/2020,7,8,Wind,225,Wednesday,August,Summer,2071
5/22/2025,5,6,Wind,142,Thursday,May,Spring,5212
10/19/2024,9,10,Wind,293,Saturday,October,Fall,7672
11/20/2025,19,20,Wind,324,Thursday,November,Fall,4026
7/18/2025,13,14,Solar,199,Friday,July,Summer,9011
1/3/2021,22,23,Wind,3,Sunday,January,Winter,2226
6/26/2021,8,9,Solar,177,Saturday,June,Summer,1519
11/18/2024,10,11,Wind,323,Monday,November,Fall,9491
8/1/2022,0,1,Wind,213,Monday,August,Summer,2712
4/19/2021,21,22,Wind,109,Monday,April,Spring,789
6/29/2020,12,13,Wind,181,Monday,June,Summer,8685
6/7/2024,13,14,Solar,159,Friday,June,Summer,6670
10/1/2023,11,12,Solar,274,Sunday,October,Fall,6703
5/19/2025,5,6,Wind,139,Monday,May,Spring,5266
7/6/2025,22,23,Wind,187,Sunday,July,Summer,6434
6/30/2020,7,8,Wind,182,Tuesday,June,Summer,3596
3/6/2025,7,8,Wind,65,Thursday,March,Spring,9579
4/17/2021,19,20,Wind,107,Saturday,April,Spring,6158
4/19/2023,9,10,Wind,109,Wednesday,April,Spring,7649
2/28/2021,18,19,Wind,59,Sunday,February,Winter,5701
1/15/2020,21,22,Wind,15,Wednesday,January,Winter,4745
10/28/2020,23,0,Wind,302,Wednesday,October,Fall,11043
10/12/2020,16,17,Wind,286,Monday,October,Fall,3991
1/6/2023,23,0,Wind,6,Friday,January,Winter,8096
6/2/2020,18,19,Solar,154,Tuesday,June,Summer,2473
7/16/2025,14,15,Solar,197,Wednesday,July,Summer,16316
4/7/2020,15,16,Solar,98,Tuesday,April,Spring,5040
8/17/2020,20,21,Wind,230,Monday,August,Summer,1498
9/27/2023,4,5,Wind,270,Wednesday,September,Fall,480
4/28/2022,0,1,Wind,118,Thursday,April,Spring,7345
5/15/2023,4,5,Wind,135,Monday,May,Spring,2885
3/30/2022,16,17,Wind,89,Wednesday,March,Spring,3581
5/15/2025,0,1,Wind,135,Thursday,May,Spring,6342
12/31/2021,6,7,Wind,365,Friday,December,Winter,5824
6/2/2025,13,14,Solar,153,Monday,June,Summer,6203
11/30/2021,15,16,Wind,334,Tuesday,November,Fall,12500
5/28/2022,19,20,Wind,148,Saturday,May,Spring,8020
12/19/2024,16,17,Wind,354,Thursday,December,Winter,15633
4/20/2024,5,6,Wind,111,Saturday,April,Spring,6858
7/4/2021,23,0,Wind,185,Sunday,July,Summer,2638
10/24/2021,2,3,Wind,297,Sunday,October,Fall,4189
11/29/2025,21,22,Wind,333,Saturday,November,Fall,7062
3/25/2024,23,0,Wind,85,Monday,March,Spring,8777
6/5/2022,23,0,Wind,156,Sunday,June,Summer,3380
12/21/2020,12,13,Wind,356,Monday,December,Winter,12640
10/18/2021,4,5,Wind,291,Monday,October,Fall,2664
8/17/2022,10,11,Solar,229,Wednesday,August,Summer,3428
5/8/2022,11,12,Solar,128,Sunday,May,Spring,7322
4/30/2025,0,1,Wind,120,Wednesday,April,Spring,7318
1/31/2022,22,23,Wind,31,Monday,January,Winter,8147
5/19/2022,2,3,Wind,139,Thursday,May,Spring,4815
12/15/2020,2,3,Wind,350,Tuesday,December,Winter,5470
5/1/2024,15,16,Wind,122,Wednesday,May,Spring,2385
10/14/2022,12,13,Wind,287,Friday,October,Fall,8105
9/12/2024,1,2,Wind,256,Thursday,September,Fall,4725
7/17/2021,1,2,Wind,198,Saturday,July,Summer,2929
4/23/2023,17,18,Wind,113,Sunday,April,Spring,16075
9/25/2022,12,13,Solar,268,Sunday,September,Fall,6161
12/1/2024,12,13,Wind,336,Sunday,December,Winter,10028
1/21/2024,21,22,Wind,21,Sunday,January,Winter,16235
12/31/2024,23,0,Wind,366,Tuesday,December,Winter,10602
8/2/2025,0,1,Wind,214,Saturday,August,Summer,4160
11/9/2022,12,13,Wind,313,Wednesday,November,Fall,7650
6/16/2024,22,23,Wind,168,Sunday,June,Summer,2549
5/28/2020,14,15,Solar,149,Thursday,May,Spring,7591
11/24/2025,17,18,Wind,328,Monday,November,Fall,11121
6/23/2021,3,4,Wind,174,Wednesday,June,Summer,2688
9/4/2022,9,10,Solar,247,Sunday,September,Fall,4056
11/21/2021,6,7,Wind,325,Sunday,November,Fall,569
5/27/2023,17,18,Solar,147,Saturday,May,Spring,6146
9/16/2025,21,22,Wind,259,Tuesday,September,Fall,3074
3/7/2020,3,4,Wind,67,Saturday,March,Spring,3332
9/16/2022,20,21,Wind,259,Friday,September,Fall,4896
4/1/2025,12,13,Wind,91,Tuesday,April,Spring,18978
3/20/2024,12,13,Solar,80,Wednesday,March,Spring,7394
4/9/2020,15,16,Solar,100,Thursday,April,Spring,4576
5/18/2024,13,14,Solar,139,Saturday,May,Spring,3058
10/28/2021,6,7,Wind,301,Thursday,October,Fall,5836
3/23/2021,23,0,Wind,82,Tuesday,March,Spring,1340
5/22/2023,22,23,Wind,142,Monday,May,Spring,5407
6/25/2022,18,19,Wind,176,Saturday,June,Summer,4491
4/17/2024,14,15,Wind,108,Wednesday,April,Spring,13351
7/18/2021,23,0,Wind,199,Sunday,July,Summer,6890
4/19/2020,15,16,Wind,110,Sunday,April,Spring,3193
10/12/2023,6,7,Wind,285,Thursday,October,Fall,4319
3/15/2022,18,19,Wind,74,Tuesday,March,Spring,2580
1/11/2025,19,20,Wind,11,Saturday,January,Winter,2507
10/13/2023,15,16,Wind,286,Friday,October,Fall,17641
3/12/2021,8,9,Wind,71,Friday,March,Spring,10511
4/20/2022,5,6,Wind,110,Wednesday,April,Spring,4689
11/17/2025,16,17,Wind,321,Monday,November,Fall,8101
4/28/2025,13,14,Solar,118,Monday,April,Spring,4939
5/17/2020,22,23,Wind,138,Sunday,May,Spring,2263
4/2/2024,21,22,Wind,93,Tuesday,April,Spring,8880
5/19/2022,16,17,Solar,139,Thursday,May,Spring,7748
12/14/2023,4,5,Wind,348,Thursday,December,Winter,7008
7/20/2025,4,5,Wind,201,Sunday,July,Summer,4069
7/8/2020,10,11,Solar,190,Wednesday,July,Summer,5097
4/26/2024,22,23,Wind,117,Friday,April,Spring,3763
8/29/2023,17,18,Solar,241,Tuesday,August,Summer,5120
11/17/2022,23,0,Wind,321,Thursday,November,Fall,8902
11/20/2025,4,5,Wind,324,Thursday,November,Fall,7695
7/11/2023,4,5,Wind,192,Tuesday,July,Summer,1935
1/27/2021,18,19,Wind,27,Wednesday,January,Winter,4009
10/9/2020,11,12,Wind,283,Friday,October,Fall,4222
11/25/2021,14,15,Wind,329,Thursday,November,Fall,3710
12/13/2020,14,15,Wind,348,Sunday,December,Winter,7343
6/24/2020,19,20,Wind,176,Wednesday,June,Summer,3291
10/18/2020,8,9,Wind,292,Sunday,October,Fall,1059
4/17/2020,0,1,Wind,108,Friday,April,Spring,2220
10/25/2022,2,3,Wind,298,Tuesday,October,Fall,5694
3/24/2023,15,16,Wind,83,Friday,March,Spring,17590
9/30/2022,19,20,Wind,273,Friday,September,Fall,6940
6/1/2024,5,6,Wind,153,Saturday,June,Summer,5758
11/10/2025,16,17,Wind,314,Monday,November,Fall,9768
2/22/2024,9,10,Wind,53,Thursday,February,Winter,17056
9/24/2021,16,17,Solar,267,Friday,September,Fall,3933
11/8/2023,19,20,Wind,312,Wednesday,November,Fall,14862
7/15/2022,8,9,Wind,196,Friday,July,Summer,3844
4/4/2024,16,17,Wind,95,Thursday,April,Spring,18160
8/3/2025,6,7,Wind,215,Sunday,August,Summer,1968
8/16/2020,0,1,Wind,229,Sunday,August,Summer,1831
10/26/2023,6,7,Wind,299,Thursday,October,Fall,5403
7/2/2023,7,8,Wind,183,Sunday,July,Summer,2703
12/11/2022,18,19,Wind,345,Sunday,December,Winter,1499
12/7/2022,0,1,Wind,341,Wednesday,December,Winter,2427
5/28/2025,9,10,Wind,148,Wednesday,May,Spring,14628
7/4/2024,11,12,Wind,186,Thursday,July,Summer,11596
6/20/2020,14,15,Solar,172,Saturday,June,Summer,4334
10/27/2025,19,20,Wind,300,Monday,October,Fall,9625
2/21/2021,12,13,Wind,52,Sunday,February,Winter,9016
1/3/2025,14,15,Wind,3,Friday,January,Winter,5219
2/13/2025,0,1,Wind,44,Thursday,February,Winter,1016
6/23/2021,17,18,Wind,174,Wednesday,June,Summer,4314
8/17/2020,0,1,Wind,230,Monday,August,Summer,2055
8/12/2023,12,13,Solar,224,Saturday,August,Summer,7944
1/22/2025,11,12,Wind,22,Wednesday,January,Winter,6748
9/14/2025,14,15,Wind,257,Sunday,September,Fall,7618
11/8/2021,10,11,Solar,312,Monday,November,Fall,3832
1/3/2021,23,0,Wind,3,Sunday,January,Winter,2060
6/15/2021,6,7,Wind,166,Tuesday,June,Summer,1647
11/1/2024,16,17,Solar,306,Friday,November,Fall,1612
11/25/2024,11,12,Wind,330,Monday,November,Fall,12852
2/21/2021,17,18,Wind,52,Sunday,February,Winter,5918
5/15/2020,16,17,Wind,136,Friday,May,Spring,5825
11/19/2023,5,6,Wind,323,Sunday,November,Fall,11783
6/10/2021,21,22,Wind,161,Thursday,June,Summer,1475
7/18/2022,15,16,Solar,199,Monday,July,Summer,7346
11/22/2021,4,5,Wind,326,Monday,November,Fall,8247
1/18/2022,15,16,Wind,18,Tuesday,January,Winter,4530
7/16/2025,3,4,Wind,197,Wednesday,July,Summer,7222
1/27/2022,20,21,Wind,27,Thursday,January,Winter,3833
3/29/2024,3,4,Wind,89,Friday,March,Spring,10394
8/23/2025,18,19,Solar,235,Saturday,August,Summer,5153
3/4/2023,19,20,Wind,63,Saturday,March,Spring,3414
4/25/2022,4,5,Wind,115,Monday,April,Spring,3390
5/25/2020,21,22,Wind,146,Monday,May,Spring,2713
6/6/2025,12,13,Wind,157,Friday,June,Summer,7272
1/6/2020,0,1,Wind,6,Monday,January,Winter,2280
6/30/2023,18,19,Wind,181,Friday,June,Summer,8277
9/3/2024,8,9,Solar,247,Tuesday,September,Fall,1421
8/10/2024,12,13,Solar,223,Saturday,August,Summer,4442
2/12/2024,20,21,Wind,43,Monday,February,Winter,3368
7/16/2023,23,0,Wind,197,Sunday,July,Summer,2997
4/5/2025,19,20,Wind,95,Saturday,April,Spring,6203
8/15/2022,16,17,Solar,227,Monday,August,Summer,7560
3/28/2021,21,22,Wind,87,Sunday,March,Spring,2629
7/2/2024,21,22,Wind,184,Tuesday,July,Summer,3140
10/14/2021,9,10,Wind,287,Thursday,October,Fall,3533
3/22/2020,22,23,Wind,82,Sunday,March,Spring,9398
4/12/2021,13,14,Solar,102,Monday,April,Spring,6529
4/3/2020,1,2,Wind,94,Friday,April,Spring,2592
11/28/2022,12,13,Wind,332,Monday,November,Fall,4959
10/22/2020,9,10,Wind,296,Thursday,October,Fall,5024
3/15/2021,3,4,Wind,74,Monday,March,Spring,10923
11/13/2025,20,21,Wind,317,Thursday,November,Fall,12001
4/5/2022,5,6,Wind,95,Tuesday,April,Spring,6452
4/28/2021,14,15,Solar,118,Wednesday,April,Spring,4079
7/24/2022,6,7,Wind,205,Sunday,July,Summer,969
9/14/2020,7,8,Wind,258,Monday,September,Fall,2828
6/15/2020,4,5,Wind,167,Monday,June,Summer,2126
11/1/2020,19,20,Wind,306,Sunday,November,Fall,11879
8/16/2022,9,10,Solar,228,Tuesday,August,Summer,2904
7/26/2021,4,5,Wind,207,Monday,July,Summer,1922
4/4/2022,18,19,Wind,94,Monday,April,Spring,11731
12/13/2024,14,15,Solar,348,Friday,December,Winter,2515
5/28/2020,15,16,Wind,149,Thursday,May,Spring,7608
9/18/2022,6,7,Wind,261,Sunday,September,Fall,2221
8/22/2024,12,13,Solar,235,Thursday,August,Summer,7995
5/26/2022,12,13,Solar,146,Thursday,May,Spring,6717
9/14/2025,3,4,Wind,257,Sunday,September,Fall,4181
9/14/2020,8,9,Wind,258,Monday,September,Fall,3313
3/16/2025,19,20,Wind,75,Sunday,March,Spring,5740
10/1/2021,20,21,Wind,274,Friday,October,Fall,4953
4/21/2023,1,2,Wind,111,Friday,April,Spring,3355
9/6/2022,12,13,Solar,249,Tuesday,September,Fall,6967
3/13/2020,21,22,Wind,73,Friday,March,Spring,1697
4/10/2022,2,3,Wind,100,Sunday,April,Spring,1338
1/30/2022,10,11,Solar,30,Sunday,January,Winter,2888
10/21/2022,15,16,Wind,294,Friday,October,Fall,8982
3/4/2021,9,10,Solar,63,Thursday,March,Spring,1941
1/22/2024,15,16,Wind,22,Monday,January,Winter,16804
1/16/2025,0,1,Wind,16,Thursday,January,Winter,3652
11/13/2021,12,13,Wind,317,Saturday,November,Fall,5041
6/23/2022,20,21,Wind,174,Thursday,June,Summer,1923
12/16/2023,14,15,Solar,350,Saturday,December,Winter,4910
4/11/2022,3,4,Wind,101,Monday,April,Spring,9882
10/29/2021,14,15,Wind,302,Friday,October,Fall,11979
7/9/2020,7,8,Wind,191,Thursday,July,Summer,1479
4/25/2021,15,16,Wind,115,Sunday,April,Spring,8987
10/9/2020,19,20,Wind,283,Friday,October,Fall,2696
11/19/2021,13,14,Solar,323,Friday,November,Fall,3762
12/30/2022,6,7,Wind,364,Friday,December,Winter,11436
6/13/2023,23,0,Wind,164,Tuesday,June,Summer,5004
3/10/2020,2,3,Wind,70,Tuesday,March,Spring,12278
4/14/2025,10,11,Solar,104,Monday,April,Spring,6031
4/30/2024,11,12,Solar,121,Tuesday,April,Spring,7683
9/12/2022,16,17,Solar,255,Monday,September,Fall,5140
10/20/2022,14,15,Wind,293,Thursday,October,Fall,8558
11/30/2023,0,1,Wind,334,Thursday,November,Fall,2128
1/6/2020,23,0,Wind,6,Monday,January,Winter,5850
6/13/2021,18,19,Solar,164,Sunday,June,Summer,3933
12/7/2024,15,16,Wind,342,Saturday,December,Winter,19810
4/10/2025,1,2,Wind,100,Thursday,April,Spring,10031
2/21/2021,10,11,Wind,52,Sunday,February,Winter,9217
9/20/2022,4,5,Wind,263,Tuesday,September,Fall,2045
9/14/2025,23,0,Wind,257,Sunday,September,Fall,15838
6/25/2020,13,14,Solar,177,Thursday,June,Summer,5081
3/10/2022,18,19,Wind,69,Thursday,March,Spring,4082
6/14/2025,10,11,Solar,165,Saturday,June,Summer,4291
10/20/2021,0,1,Wind,293,Wednesday,October,Fall,10970
8/8/2021,21,22,Wind,220,Sunday,August,Summer,3163
2/5/2023,5,6,Wind,36,Sunday,February,Winter,4222
8/9/2021,2,3,Wind,221,Monday,August,Summer,2945
5/12/2025,8,9,Solar,132,Monday,May,Spring,3901
4/19/2024,1,2,Wind,110,Friday,April,Spring,5665
4/18/2025,23,0,Wind,108,Friday,April,Spring,9612
1/6/2023,16,17,Wind,6,Friday,January,Winter,6433
7/17/2020,19,20,Wind,199,Friday,July,Summer,2771
7/26/2023,23,0,Wind,207,Wednesday,July,Summer,3577
1/23/2024,2,3,Wind,23,Tuesday,January,Winter,12747
6/25/2020,10,11,Solar,177,Thursday,June,Summer,3414
6/1/2024,16,17,Wind,153,Saturday,June,Summer,6915
4/23/2024,8,9,Wind,114,Tuesday,April,Spring,4892
7/16/2020,6,7,Wind,198,Thursday,July,Summer,1388
5/28/2020,6,7,Wind,149,Thursday,May,Spring,3981
4/5/2020,7,8,Wind,96,Sunday,April,Spring,7671
1/11/2020,6,7,Wind,11,Saturday,January,Winter,2912
6/25/2021,13,14,Solar,176,Friday,June,Summer,5806
1/27/2020,14,15,Wind,27,Monday,January,Winter,9340
6/12/2022,9,10,Solar,163,Sunday,June,Summer,3891
9/5/2024,11,12,Solar,249,Thursday,September,Fall,7606
10/12/2021,1,2,Wind,285,Tuesday,October,Fall,3046
5/29/2025,21,22,Wind,149,Thursday,May,Spring,1207
5/31/2022,1,2,Wind,151,Tuesday,May,Spring,2019
10/18/2025,21,22,Wind,291,Saturday,October,Fall,6350
2/23/2021,10,11,Wind,54,Tuesday,February,Winter,9360
7/5/2021,11,12,Solar,186,Monday,July,Summer,7031
9/13/2025,17,18,Wind,256,Saturday,September,Fall,12059
3/22/2024,8,9,Solar,82,Friday,March,Spring,4072
12/24/2024,7,8,Wind,359,Tuesday,December,Winter,3075
6/9/2024,3,4,Wind,161,Sunday,June,Summer,3734
1/9/2021,13,14,Wind,9,Saturday,January,Winter,6317
6/5/2020,12,13,Wind,157,Friday,June,Summer,13242
9/4/2025,13,14,Wind,247,Thursday,September,Fall,14863
12/18/2023,16,17,Wind,352,Monday,December,Winter,2994
7/9/2025,6,7,Wind,190,Wednesday,July,Summer,1676
9/14/2024,17,18,Solar,258,Saturday,September,Fall,7606
6/20/2025,19,20,Wind,171,Friday,June,Summer,4544
2/11/2022,18,19,Wind,42,Friday,February,Winter,1753
4/14/2020,16,17,Wind,105,Tuesday,April,Spring,8019
11/23/2023,11,12,Solar,327,Thursday,November,Fall,7232
5/6/2023,8,9,Solar,126,Saturday,May,Spring,2948
6/9/2021,1,2,Wind,160,Wednesday,June,Summer,1569
8/25/2020,6,7,Wind,238,Tuesday,August,Summer,3959
2/28/2022,15,16,Solar,59,Monday,February,Winter,5659
3/12/2024,17,18,Wind,72,Tuesday,March,Spring,10459
7/23/2024,21,22,Wind,205,Tuesday,July,Summer,2927
7/19/2024,0,1,Wind,201,Friday,July,Summer,1662
2/23/2024,14,15,Wind,54,Friday,February,Winter,15612
9/3/2022,10,11,Solar,246,Saturday,September,Fall,4020
3/13/2023,1,2,Wind,72,Monday,March,Spring,14233
4/13/2024,7,8,Wind,104,Saturday,April,Spring,2307
7/30/2021,20,21,Wind,211,Friday,July,Summer,8655
1/22/2025,9,10,Wind,22,Wednesday,January,Winter,6315
11/6/2022,23,0,Wind,310,Sunday,November,Fall,11081
5/15/2022,9,10,Solar,135,Sunday,May,Spring,5538
10/9/2024,10,11,Wind,283,Wednesday,October,Fall,11747
3/24/2020,18,19,Wind,84,Tuesday,March,Spring,4898
12/29/2023,13,14,Wind,363,Friday,December,Winter,15847
7/1/2024,0,1,Wind,183,Monday,July,Summer,2760
11/24/2021,19,20,Wind,328,Wednesday,November,Fall,2095
7/13/2024,23,0,Wind,195,Saturday,July,Summer,334
12/1/2021,14,15,Wind,335,Wednesday,December,Winter,11647
4/26/2020,22,23,Wind,117,Sunday,April,Spring,457
8/16/2024,23,0,Wind,229,Friday,August,Summer,1612
4/14/2025,14,15,Solar,104,Monday,April,Spring,9083
5/17/2021,17,18,Wind,137,Monday,May,Spring,13497
9/19/2021,15,16,Solar,262,Sunday,September,Fall,5286
10/24/2025,23,0,Wind,297,Friday,October,Fall,14144
10/2/2023,16,17,Solar,275,Monday,October,Fall,7676
4/14/2020,6,7,Wind,105,Tuesday,April,Spring,6514
2/5/2020,13,14,Solar,36,Wednesday,February,Winter,3963
10/21/2025,22,23,Wind,294,Tuesday,October,Fall,6166
4/1/2022,7,8,Wind,91,Friday,April,Spring,9016
3/21/2020,4,5,Wind,81,Saturday,March,Spring,7299
1/2/2023,11,12,Wind,2,Monday,January,Winter,6422
2/20/2021,21,22,Wind,51,Saturday,February,Winter,12255
8/24/2025,10,11,Solar,236,Sunday,August,Summer,4112
5/6/2022,11,12,Solar,126,Friday,May,Spring,6911
11/12/2024,7,8,Wind,317,Tuesday,November,Fall,10329
12/8/2022,7,8,Wind,342,Thursday,December,Winter,1250
4/30/2020,19,20,Wind,121,Thursday,April,Spring,11566
5/8/2021,22,23,Wind,128,Saturday,May,Spring,5551
4/20/2020,1,2,Wind,111,Monday,April,Spring,5535
1/18/2022,2,3,Wind,18,Tuesday,January,Winter,2430
2/9/2025,0,1,Wind,40,Sunday,February,Winter,3868
12/28/2023,7,8,Wind,362,Thursday,December,Winter,13513
1/29/2022,11,12,Wind,29,Saturday,January,Winter,9867
11/23/2022,8,9,Wind,327,Wednesday,November,Fall,9532
10/19/2025,10,11,Wind,292,Sunday,October,Fall,10350
5/14/2025,7,8,Solar,134,Wednesday,May,Spring,1719
11/19/2023,1,2,Wind,323,Sunday,November,Fall,11829
10/22/2022,10,11,Wind,295,Saturday,October,Fall,5156
7/28/2025,3,4,Wind,209,Monday,July,Summer,4437
8/19/2023,5,6,Wind,231,Saturday,August,Summer,3735
12/15/2024,0,1,Wind,350,Sunday,December,Winter,4485
1/11/2021,5,6,Wind,11,Monday,January,Winter,2139
5/2/2021,19,20,Wind,122,Sunday,May,Spring,1824
11/12/2022,10,11,Solar,316,Saturday,November,Fall,5330
5/18/2024,11,12,Solar,139,Saturday,May,Spring,4830
1/24/2020,3,4,Wind,24,Friday,January,Winter,2178
8/7/2024,12,13,Solar,220,Wednesday,August,Summer,7806
12/19/2023,7,8,Wind,353,Tuesday,December,Winter,7637
7/29/2022,9,10,Solar,210,Friday,July,Summer,1886
4/10/2024,7,8,Wind,101,Wednesday,April,Spring,3567
1/8/2021,21,22,Wind,8,Friday,January,Winter,934
11/10/2024,4,5,Wind,315,Sunday,November,Fall,728
3/23/2021,3,4,Wind,82,Tuesday,March,Spring,2297
3/18/2024,7,8,Wind,78,Monday,March,Spring,2408
7/18/2023,7,8,Wind,199,Tuesday,July,Summer,3248
5/15/2025,19,20,Wind,135,Thursday,May,Spring,11522
5/6/2022,14,15,Solar,126,Friday,May,Spring,6812
5/17/2025,12,13,Solar,137,Saturday,May,Spring,5378
1/25/2023,19,20,Wind,25,Wednesday,January,Winter,1865
11/6/2023,20,21,Wind,310,Monday,November,Fall,9476
6/4/2023,10,11,Solar,155,Sunday,June,Summer,7001
4/17/2023,13,14,Solar,107,Monday,April,Spring,10082
2/21/2021,15,16,Wind,52,Sunday,February,Winter,7525
2/15/2021,9,10,Wind,46,Monday,February,Winter,11289
8/3/2023,5,6,Wind,215,Thursday,August,Summer,12714
5/27/2025,9,10,Wind,147,Tuesday,May,Spring,13251
5/24/2023,5,6,Wind,144,Wednesday,May,Spring,6672
12/16/2024,7,8,Wind,351,Monday,December,Winter,7127
9/2/2022,5,6,Wind,245,Friday,September,Fall,1940
4/16/2025,13,14,Solar,106,Wednesday,April,Spring,7798
6/6/2020,13,14,Wind,158,Saturday,June,Summer,10873
8/20/2024,9,10,Solar,233,Tuesday,August,Summer,6256
11/13/2024,18,19,Wind,318,Wednesday,November,Fall,5201
3/21/2023,4,5,Wind,80,Tuesday,March,Spring,4145
4/29/2022,12,13,Solar,119,Friday,April,Spring,6673
3/18/2023,14,15,Wind,77,Saturday,March,Spring,10327
5/27/2020,14,15,Solar,148,Wednesday,May,Spring,6923
11/8/2020,15,16,Wind,313,Sunday,November,Fall,2718
9/14/2022,2,3,Wind,257,Wednesday,September,Fall,1837
12/15/2021,1,2,Wind,349,Wednesday,December,Winter,1197
12/8/2020,22,23,Wind,343,Tuesday,December,Winter,2543
7/29/2025,6,7,Wind,210,Tuesday,July,Summer,2489
12/26/2020,0,1,Wind,361,Saturday,December,Winter,3607
11/6/2020,4,5,Wind,311,Friday,November,Fall,6681
3/31/2023,13,14,Wind,90,Friday,March,Spring,21624
4/2/2023,21,22,Wind,92,Sunday,April,Spring,7144
1/11/2022,2,3,Wind,11,Tuesday,January,Winter,2621
3/16/2020,20,21,Wind,76,Monday,March,Spring,1348
8/26/2021,13,14,Solar,238,Thursday,August,Summer,8454
7/5/2023,9,10,Wind,186,Wednesday,July,Summer,10340
5/3/2022,8,9,Wind,123,Tuesday,May,Spring,3293
8/10/2021,4,5,Wind,222,Tuesday,August,Summer,1235
8/22/2020,14,15,Wind,235,Saturday,August,Summer,11599
5/6/2022,3,4,Wind,126,Friday,May,Spring,3327
8/26/2025,13,14,Solar,238,Tuesday,August,Summer,10719
9/24/2021,17,18,Solar,267,Friday,September,Fall,2890
1/3/2023,17,18,Wind,3,Tuesday,January,Winter,8994
10/9/2023,7,8,Wind,282,Monday,October,Fall,1140
3/15/2022,23,0,Wind,74,Tuesday,March,Spring,4205
10/25/2022,18,19,Wind,298,Tuesday,October,Fall,4686
12/30/2024,11,12,Solar,365,Monday,December,Winter,2963
3/10/2023,17,18,Wind,69,Friday,March,Spring,11697
5/6/2023,13,14,Solar,126,Saturday,May,Spring,7109
10/10/2020,9,10,Wind,284,Saturday,October,Fall,2717
2/19/2023,18,19,Wind,50,Sunday,February,Winter,2222
9/13/2022,14,15,Solar,256,Tuesday,September,Fall,5433
10/15/2023,3,4,Wind,288,Sunday,October,Fall,2777
1/1/2022,1,2,Wind,1,Saturday,January,Winter,3210
5/14/2021,12,13,Wind,134,Friday,May,Spring,7647
11/4/2025,23,0,Wind,308,Tuesday,November,Fall,12730
1/29/2024,3,4,Wind,29,Monday,January,Winter,7443
1/13/2025,10,11,Wind,13,Monday,January,Winter,7719
7/6/2023,21,22,Wind,187,Thursday,July,Summer,868
3/14/2020,21,22,Wind,74,Saturday,March,Spring,3347
12/24/2023,15,16,Wind,358,Sunday,December,Winter,17075
4/6/2025,1,2,Wind,96,Sunday,April,Spring,9135
10/3/2024,3,4,Wind,277,Thursday,October,Fall,5240
3/6/2022,22,23,Wind,65,Sunday,March,Spring,7705
9/7/2022,18,19,Wind,250,Wednesday,September,Fall,4483
1/4/2024,17,18,Wind,4,Thursday,January,Winter,11934
3/24/2021,8,9,Solar,83,Wednesday,March,Spring,2756
3/31/2023,11,12,Wind,90,Friday,March,Spring,20332
2/14/2021,16,17,Wind,45,Sunday,February,Winter,9781
11/29/2020,22,23,Wind,334,Sunday,November,Fall,2194
5/23/2025,3,4,Wind,143,Friday,May,Spring,3654
2/28/2024,18,19,Wind,59,Wednesday,February,Winter,3872
8/13/2020,8,9,Wind,226,Thursday,August,Summer,1977
2/10/2022,7,8,Wind,41,Thursday,February,Winter,5427
5/22/2020,20,21,Wind,143,Friday,May,Spring,2791
3/7/2020,5,6,Wind,67,Saturday,March,Spring,2626
2/28/2025,22,23,Wind,59,Friday,February,Winter,7187
6/17/2023,10,11,Solar,168,Saturday,June,Summer,5207
10/8/2022,21,22,Wind,281,Saturday,October,Fall,2338
4/26/2020,16,17,Solar,117,Sunday,April,Spring,2886
1/21/2025,23,0,Wind,21,Tuesday,January,Winter,7139
5/18/2024,17,18,Solar,139,Saturday,May,Spring,5382
10/24/2023,20,21,Wind,297,Tuesday,October,Fall,5052
9/27/2025,1,2,Wind,270,Saturday,September,Fall,475
6/2/2025,1,2,Wind,153,Monday,June,Summer,3073
10/13/2021,23,0,Wind,286,Wednesday,October,Fall,2129
2/25/2022,15,16,Wind,56,Friday,February,Winter,8739
12/24/2023,10,11,Wind,358,Sunday,December,Winter,17796
11/19/2025,7,8,Wind,323,Wednesday,November,Fall,11799
4/29/2023,21,22,Wind,119,Saturday,April,Spring,2588
4/23/2023,13,14,Wind,113,Sunday,April,Spring,15150
9/13/2021,10,11,Solar,256,Monday,September,Fall,3635
8/17/2020,4,5,Wind,230,Monday,August,Summer,1804
3/13/2020,16,17,Wind,73,Friday,March,Spring,5262
7/18/2021,18,19,Wind,199,Sunday,July,Summer,9318
9/1/2025,17,18,Wind,244,Monday,September,Fall,10390
5/25/2020,16,17,Solar,146,Monday,May,Spring,5450
11/10/2024,17,18,Wind,315,Sunday,November,Fall,1524
9/30/2022,13,14,Solar,273,Friday,September,Fall,7262
5/18/2021,19,20,Wind,138,Tuesday,May,Spring,3940
8/10/2024,20,21,Wind,223,Saturday,August,Summer,1226
3/25/2021,4,5,Wind,84,Thursday,March,Spring,1928
10/30/2025,11,12,Solar,303,Thursday,October,Fall,9665
10/26/2022,1,2,Wind,299,Wednesday,October,Fall,7207
8/27/2020,13,14,Solar,240,Thursday,August,Summer,6251
4/27/2021,14,15,Solar,117,Tuesday,April,Spring,3324
5/7/2025,8,9,Wind,127,Wednesday,May,Spring,7619
6/26/2024,11,12,Solar,178,Wednesday,June,Summer,6737
8/9/2023,7,8,Wind,221,Wednesday,August,Summer,1969
1/25/2022,17,18,Solar,25,Tuesday,January,Winter,267
9/3/2020,2,3,Wind,247,Thursday,September,Fall,978
2/11/2020,23,0,Wind,42,Tuesday,February,Winter,9400
7/9/2022,1,2,Wind,190,Saturday,July,Summer,3653
8/4/2024,13,14,Solar,217,Sunday,August,Summer,4818
6/25/2022,4,5,Wind,176,Saturday,June,Summer,3209
12/7/2024,4,5,Wind,342,Saturday,December,Winter,18556
9/4/2020,8,9,Wind,248,Friday,September,Fall,1720
1/1/2022,19,20,Wind,1,Saturday,January,Winter,5238
5/8/2023,2,3,Wind,128,Monday,May,Spring,1701
4/22/2021,19,20,Wind,112,Thursday,April,Spring,5590
2/17/2021,0,1,Wind,48,Wednesday,February,Winter,9265
3/3/2020,6,7,Wind,63,Tuesday,March,Spring,4440
11/8/2023,15,16,Wind,312,Wednesday,November,Fall,16223
8/14/2023,2,3,Wind,226,Monday,August,Summer,1693
1/10/2023,5,6,Wind,10,Tuesday,January,Winter,7343
12/22/2021,20,21,Wind,356,Wednesday,December,Winter,5561
8/10/2024,2,3,Wind,223,Saturday,August,Summer,1755
11/14/2023,14,15,Wind,318,Tuesday,November,Fall,16988
3/17/2024,15,16,Solar,77,Sunday,March,Spring,6096
9/7/2021,16,17,Wind,250,Tuesday,September,Fall,6840
11/16/2025,21,22,Wind,320,Sunday,November,Fall,4414
7/15/2020,22,23,Wind,197,Wednesday,July,Summer,1874
10/8/2025,21,22,Wind,281,Wednesday,October,Fall,2608
6/9/2025,23,0,Wind,160,Monday,June,Summer,605
7/14/2020,3,4,Wind,196,Tuesday,July,Summer,2443
10/9/2022,6,7,Wind,282,Sunday,October,Fall,4887
5/28/2020,1,2,Wind,149,Thursday,May,Spring,5340
12/25/2021,15,16,Solar,359,Saturday,December,Winter,1223
8/2/2023,21,22,Wind,214,Wednesday,August,Summer,15855
1/9/2021,23,0,Wind,9,Saturday,January,Winter,5323
2/7/2022,22,23,Wind,38,Monday,February,Winter,4802
10/24/2022,23,0,Wind,297,Monday,October,Fall,7058
5/24/2025,16,17,Wind,144,Saturday,May,Spring,14446
1/11/2022,8,9,Wind,11,Tuesday,January,Winter,2912
12/21/2022,3,4,Wind,355,Wednesday,December,Winter,5032
12/17/2024,10,11,Wind,352,Tuesday,December,Winter,5491
1/30/2021,13,14,Wind,30,Saturday,January,Winter,8786
10/4/2020,16,17,Wind,278,Sunday,October,Fall,11664
5/29/2025,17,18,Solar,149,Thursday,May,Spring,8272
11/25/2024,10,11,Wind,330,Monday,November,Fall,12969
1/26/2020,13,14,Wind,26,Sunday,January,Winter,4437
3/3/2023,22,23,Wind,62,Friday,March,Spring,5574
6/2/2025,14,15,Solar,153,Monday,June,Summer,6266
6/24/2022,3,4,Wind,175,Friday,June,Summer,1971
3/20/2024,0,1,Wind,80,Wednesday,March,Spring,1924
10/12/2023,17,18,Wind,285,Thursday,October,Fall,5820
9/24/2022,1,2,Wind,267,Saturday,September,Fall,1028
2/6/2020,21,22,Wind,37,Thursday,February,Winter,5819
6/9/2024,2,3,Wind,161,Sunday,June,Summer,3682
4/19/2020,10,11,Wind,110,Sunday,April,Spring,2602
9/28/2022,14,15,Wind,271,Wednesday,September,Fall,6080
11/28/2025,14,15,Wind,332,Friday,November,Fall,8799
10/5/2024,23,0,Wind,279,Saturday,October,Fall,8967
7/24/2020,21,22,Wind,206,Friday,July,Summer,1760
10/16/2022,16,17,Wind,289,Sunday,October,Fall,6721
11/6/2020,22,23,Wind,311,Friday,November,Fall,7139
7/2/2021,23,0,Wind,183,Friday,July,Summer,1585
4/13/2022,15,16,Solar,103,Wednesday,April,Spring,3628
8/2/2025,14,15,Solar,214,Saturday,August,Summer,12313
6/25/2023,22,23,Wind,176,Sunday,June,Summer,5338
11/30/2024,7,8,Wind,335,Saturday,November,Fall,3505
10/2/2023,0,1,Wind,275,Monday,October,Fall,2764
4/14/2021,21,22,Wind,104,Wednesday,April,Spring,5104
11/7/2025,15,16,Wind,311,Friday,November,Fall,6222
2/1/2020,21,22,Wind,32,Saturday,February,Winter,9608
4/5/2020,14,15,Wind,96,Sunday,April,Spring,8682
12/27/2022,4,5,Wind,361,Tuesday,December,Winter,4483
12/28/2022,3,4,Wind,362,Wednesday,December,Winter,11901
1/6/2024,10,11,Wind,6,Saturday,January,Winter,6893
3/22/2021,11,12,Solar,81,Monday,March,Spring,6284
11/26/2022,19,20,Wind,330,Saturday,November,Fall,6123
6/9/2025,15,16,Solar,160,Monday,June,Summer,4475
11/1/2021,2,3,Wind,305,Monday,November,Fall,8845
7/18/2023,12,13,Solar,199,Tuesday,July,Summer,6978
1/22/2022,16,17,Wind,22,Saturday,January,Winter,3284
6/2/2021,3,4,Wind,153,Wednesday,June,Summer,4114
9/30/2025,19,20,Wind,273,Tuesday,September,Fall,2032
12/5/2022,15,16,Solar,339,Monday,December,Winter,2037
2/25/2022,1,2,Wind,56,Friday,February,Winter,7621
11/5/2021,6,7,Wind,309,Friday,November,Fall,2977
2/20/2025,12,13,Wind,51,Thursday,February,Winter,12416
4/30/2024,23,0,Wind,121,Tuesday,April,Spring,3046
10/4/2024,9,10,Wind,278,Friday,October,Fall,5064
4/30/2022,13,14,Solar,120,Saturday,April,Spring,8450
2/9/2020,0,1,Wind,40,Sunday,February,Winter,7722
3/9/2024,3,4,Wind,69,Saturday,March,Spring,10327
6/24/2025,13,14,Solar,175,Tuesday,June,Summer,6338
6/21/2020,7,8,Wind,173,Sunday,June,Summer,2762
4/22/2022,2,3,Wind,112,Friday,April,Spring,5531
10/26/2025,9,10,Wind,299,Sunday,October,Fall,10764
12/9/2024,2,3,Wind,344,Monday,December,Winter,13556
1/2/2024,12,13,Wind,2,Tuesday,January,Winter,18685
5/1/2023,0,1,Wind,121,Monday,May,Spring,1652
5/10/2020,8,9,Wind,131,Sunday,May,Spring,2008
11/1/2025,22,23,Wind,305,Saturday,November,Fall,9691
7/4/2023,23,0,Wind,185,Tuesday,July,Summer,10440
5/13/2023,14,15,Wind,133,Saturday,May,Spring,10482
6/25/2020,9,10,Solar,177,Thursday,June,Summer,2861
1/9/2020,12,13,Wind,9,Thursday,January,Winter,12336
8/28/2024,6,7,Wind,241,Wednesday,August,Summer,2229
2/28/2022,7,8,Wind,59,Monday,February,Winter,3898
7/13/2021,10,11,Wind,194,Tuesday,July,Summer,5260
12/5/2020,17,18,Wind,340,Saturday,December,Winter,6409
3/12/2020,7,8,Wind,72,Thursday,March,Spring,8370
4/30/2021,3,4,Wind,120,Friday,April,Spring,1412
9/18/2022,9,10,Solar,261,Sunday,September,Fall,4392
10/29/2025,9,10,Wind,302,Wednesday,October,Fall,7423
4/16/2023,23,0,Wind,106,Sunday,April,Spring,3665
5/9/2024,23,0,Wind,130,Thursday,May,Spring,5021
9/30/2020,18,19,Wind,274,Wednesday,September,Fall,3257
4/29/2022,17,18,Solar,119,Friday,April,Spring,5493
11/10/2023,9,10,Wind,314,Friday,November,Fall,15079
8/18/2025,0,1,Wind,230,Monday,August,Summer,7156
5/12/2020,7,8,Wind,133,Tuesday,May,Spring,4993
9/3/2022,1,2,Wind,246,Saturday,September,Fall,1685
8/9/2021,18,19,Wind,221,Monday,August,Summer,5509
3/13/2020,13,14,Wind,73,Friday,March,Spring,7874
5/12/2022,18,19,Wind,132,Thursday,May,Spring,3488
8/8/2024,14,15,Solar,221,Thursday,August,Summer,9623
10/30/2025,15,16,Wind,303,Thursday,October,Fall,8417
9/15/2021,23,0,Wind,258,Wednesday,September,Fall,1024
4/12/2024,14,15,Solar,103,Friday,April,Spring,4676
6/9/2020,8,9,Wind,161,Tuesday,June,Summer,3222
11/12/2021,18,19,Wind,316,Friday,November,Fall,4225
3/1/2025,4,5,Wind,60,Saturday,March,Spring,6922
5/21/2022,18,19,Solar,141,Saturday,May,Spring,2628
8/28/2025,1,2,Wind,240,Thursday,August,Summer,2454
7/27/2025,5,6,Wind,208,Sunday,July,Summer,1786
7/20/2021,16,17,Solar,201,Tuesday,July,Summer,5834
6/28/2022,6,7,Wind,179,Tuesday,June,Summer,1388
9/21/2025,4,5,Wind,264,Sunday,September,Fall,5062
11/3/2024,2,3,Wind,308,Sunday,November,Fall,3552
11/19/2024,9,10,Wind,324,Tuesday,November,Fall,18956
10/22/2024,1,2,Wind,296,Tuesday,October,Fall,3568
4/22/2020,18,19,Wind,113,Wednesday,April,Spring,2865
10/13/2023,10,11,Wind,286,Friday,October,Fall,15112
10/12/2023,12,13,Solar,285,Thursday,October,Fall,8411
5/5/2022,14,15,Solar,125,Thursday,May,Spring,6026
12/22/2020,16,17,Wind,357,Tuesday,December,Winter,6752
7/7/2024,10,11,Solar,189,Sunday,July,Summer,5126
4/28/2022,22,23,Wind,118,Thursday,April,Spring,5002
3/19/2022,21,22,Wind,78,Saturday,March,Spring,9680
2/5/2025,19,20,Wind,36,Wednesday,February,Winter,3259
3/30/2020,16,17,Wind,90,Monday,March,Spring,12305
10/6/2024,20,21,Wind,280,Sunday,October,Fall,8224
7/18/2025,23,0,Wind,199,Friday,July,Summer,3802
6/22/2021,13,14,Wind,173,Tuesday,June,Summer,7084
3/9/2025,20,21,Wind,68,Sunday,March,Spring,2682
7/6/2020,3,4,Wind,188,Monday,July,Summer,5654
1/21/2023,0,1,Wind,21,Saturday,January,Winter,5918
10/20/2025,3,4,Wind,293,Monday,October,Fall,11753
5/9/2021,14,15,Wind,129,Sunday,May,Spring,11238
9/10/2023,21,22,Wind,253,Sunday,September,Fall,2358
8/4/2024,6,7,Wind,217,Sunday,August,Summer,1962
2/20/2023,8,9,Wind,51,Monday,February,Winter,3465
10/6/2025,9,10,Solar,279,Monday,October,Fall,4871
10/31/2020,0,1,Wind,305,Saturday,October,Fall,1716
6/2/2022,3,4,Wind,153,Thursday,June,Summer,4245
7/1/2021,20,21,Wind,182,Thursday,July,Summer,1001
10/5/2024,11,12,Solar,279,Saturday,October,Fall,8795
8/21/2023,12,13,Solar,233,Monday,August,Summer,6981
10/31/2023,15,16,Wind,304,Tuesday,October,Fall,10888
12/24/2020,17,18,Wind,359,Thursday,December,Winter,9299
10/29/2024,0,1,Wind,303,Tuesday,October,Fall,2034
1/20/2020,6,7,Wind,20,Monday,January,Winter,5969
7/27/2022,2,3,Wind,208,Wednesday,July,Summer,2863
9/23/2023,22,23,Wind,266,Saturday,September,Fall,1134
5/17/2023,21,22,Wind,137,Wednesday,May,Spring,7154
5/15/2021,13,14,Wind,135,Saturday,May,Spring,10329
10/24/2021,0,1,Wind,297,Sunday,October,Fall,3903
5/23/2025,7,8,Wind,143,Friday,May,Spring,3940
7/31/2023,17,18,Wind,212,Monday,July,Summer,16164
10/11/2023,7,8,Wind,284,Wednesday,October,Fall,2966
5/1/2022,18,19,Solar,121,Sunday,May,Spring,3553
7/10/2025,7,8,Wind,191,Thursday,July,Summer,2663
1/5/2024,5,6,Wind,5,Friday,January,Winter,10179
9/8/2020,0,1,Wind,252,Tuesday,September,Fall,1596
3/23/2023,20,21,Wind,82,Thursday,March,Spring,13963
4/1/2023,2,3,Wind,91,Saturday,April,Spring,16591
2/18/2025,15,16,Wind,49,Tuesday,February,Winter,9155
10/14/2020,12,13,Wind,288,Wednesday,October,Fall,5761
8/21/2024,0,1,Wind,234,Wednesday,August,Summer,7150
11/13/2025,4,5,Wind,317,Thursday,November,Fall,11401
9/19/2022,15,16,Solar,262,Monday,September,Fall,7972
7/26/2023,22,23,Wind,207,Wednesday,July,Summer,2678
1/14/2021,7,8,Wind,14,Thursday,January,Winter,7248
12/1/2020,2,3,Wind,336,Tuesday,December,Winter,7535
2/27/2024,6,7,Wind,58,Tuesday,February,Winter,11867
1/13/2020,5,6,Wind,13,Monday,January,Winter,2719
1/7/2022,0,1,Wind,7,Friday,January,Winter,9092
10/3/2022,15,16,Solar,276,Monday,October,Fall,5116
11/15/2022,0,1,Wind,319,Tuesday,November,Fall,6758
9/1/2022,5,6,Wind,244,Thursday,September,Fall,2865
7/27/2021,2,3,Wind,208,Tuesday,July,Summer,1685
7/11/2021,13,14,Solar,192,Sunday,July,Summer,5042
3/29/2022,10,11,Solar,88,Tuesday,March,Spring,3254
4/3/2024,13,14,Wind,94,Wednesday,April,Spring,18128
4/19/2023,7,8,Wind,109,Wednesday,April,Spring,6823
10/25/2021,3,4,Wind,298,Monday,October,Fall,2690
6/18/2023,20,21,Wind,169,Sunday,June,Summer,4451
2/14/2023,21,22,Wind,45,Tuesday,February,Winter,4662
3/23/2025,22,23,Wind,82,Sunday,March,Spring,1259
6/27/2025,17,18,Solar,178,Friday,June,Summer,9125
8/28/2022,12,13,Solar,240,Sunday,August,Summer,8898
7/11/2023,5,6,Wind,192,Tuesday,July,Summer,1999
9/9/2020,8,9,Wind,253,Wednesday,September,Fall,1078
6/28/2024,18,19,Solar,180,Friday,June,Summer,4290
7/29/2020,9,10,Solar,211,Wednesday,July,Summer,2120
7/9/2023,16,17,Solar,190,Sunday,July,Summer,6674
3/16/2024,18,19,Wind,76,Saturday,March,Spring,1211
5/14/2023,10,11,Solar,134,Sunday,May,Spring,6013
6/13/2025,2,3,Wind,164,Friday,June,Summer,1801
11/9/2022,5,6,Wind,313,Wednesday,November,Fall,8441
4/6/2022,6,7,Wind,96,Wednesday,April,Spring,5141
8/8/2025,15,16,Solar,220,Friday,August,Summer,4706
10/4/2025,7,8,Wind,277,Saturday,October,Fall,17338
10/25/2020,2,3,Wind,299,Sunday,October,Fall,10696
7/18/2021,8,9,Wind,199,Sunday,July,Summer,4398
8/13/2021,18,19,Solar,225,Friday,August,Summer,2862
11/4/2023,22,23,Wind,308,Saturday,November,Fall,14865
10/27/2020,20,21,Wind,301,Tuesday,October,Fall,10606
3/5/2023,21,22,Wind,64,Sunday,March,Spring,1000
11/14/2022,0,1,Wind,318,Monday,November,Fall,3434
9/10/2020,22,23,Wind,254,Thursday,September,Fall,2229
4/20/2024,15,16,Wind,111,Saturday,April,Spring,8412
2/15/2021,11,12,Wind,46,Monday,February,Winter,12188
4/24/2024,11,12,Wind,115,Wednesday,April,Spring,9813
3/14/2023,9,10,Wind,73,Tuesday,March,Spring,17911
2/8/2022,16,17,Wind,39,Tuesday,February,Winter,4263
1/8/2025,15,16,Wind,8,Wednesday,January,Winter,12406
12/4/2023,2,3,Wind,338,Monday,December,Winter,13067
6/29/2025,21,22,Wind,180,Sunday,June,Summer,2788
11/21/2025,0,1,Wind,325,Friday,November,Fall,4327
7/18/2021,11,12,Solar,199,Sunday,July,Summer,7976
12/18/2024,5,6,Wind,353,Wednesday,December,Winter,13902
12/28/2024,11,12,Solar,363,Saturday,December,Winter,4030
8/4/2020,13,14,Solar,217,Tuesday,August,Summer,5530
9/21/2024,11,12,Solar,265,Saturday,September,Fall,7327
3/25/2020,2,3,Wind,85,Wednesday,March,Spring,6439
5/9/2021,17,18,Wind,129,Sunday,May,Spring,11507
7/30/2023,17,18,Wind,211,Sunday,July,Summer,12058
7/4/2022,13,14,Solar,185,Monday,July,Summer,5745
7/5/2021,9,10,Wind,186,Monday,July,Summer,4747
2/13/2023,13,14,Solar,44,Monday,February,Winter,6722
9/27/2020,5,6,Wind,271,Sunday,September,Fall,11489
8/26/2025,22,23,Wind,238,Tuesday,August,Summer,2770
1/28/2025,19,20,Wind,28,Tuesday,January,Winter,19186
9/5/2023,20,21,Wind,248,Tuesday,September,Fall,1711
6/6/2020,19,20,Wind,158,Saturday,June,Summer,7194
9/21/2023,0,1,Wind,264,Thursday,September,Fall,11271
1/6/2021,4,5,Wind,6,Wednesday,January,Winter,1309
6/21/2021,17,18,Solar,172,Monday,June,Summer,4642
4/30/2020,1,2,Wind,121,Thursday,April,Spring,6717
12/5/2024,6,7,Wind,340,Thursday,December,Winter,11663
8/11/2022,6,7,Wind,223,Thursday,August,Summer,4434
4/3/2023,17,18,Wind,93,Monday,April,Spring,10376
10/9/2024,2,3,Wind,283,Wednesday,October,Fall,11147
11/5/2021,14,15,Solar,309,Friday,November,Fall,3837
2/19/2020,15,16,Wind,50,Wednesday,February,Winter,7030
3/21/2024,15,16,Solar,81,Thursday,March,Spring,6064
5/4/2021,3,4,Wind,124,Tuesday,May,Spring,13060
7/20/2020,2,3,Wind,202,Monday,July,Summer,2745
4/21/2020,12,13,Wind,112,Tuesday,April,Spring,5274
9/28/2021,22,23,Wind,271,Tuesday,September,Fall,5083
11/16/2023,8,9,Wind,320,Thursday,November,Fall,8890
11/16/2023,10,11,Wind,320,Thursday,November,Fall,10601
9/5/2021,12,13,Solar,248,Sunday,September,Fall,4826
10/30/2024,10,11,Solar,304,Wednesday,October,Fall,4815
10/14/2021,7,8,Wind,287,Thursday,October,Fall,1998
11/27/2024,11,12,Wind,332,Wednesday,November,Fall,18995
7/19/2022,14,15,Solar,200,Tuesday,July,Summer,11456
3/18/2020,7,8,Wind,78,Wednesday,March,Spring,920
8/2/2020,20,21,Wind,215,Sunday,August,Summer,3476
10/8/2023,22,23,Wind,281,Sunday,October,Fall,914
1/18/2021,0,1,Wind,18,Monday,January,Winter,2046
5/1/2023,5,6,Wind,121,Monday,May,Spring,2281
3/27/2023,13,14,Solar,86,Monday,March,Spring,7984
9/12/2024,17,18,Wind,256,Thursday,September,Fall,9890
6/27/2021,11,12,Solar,178,Sunday,June,Summer,2797
4/29/2023,10,11,Solar,119,Saturday,April,Spring,3294
2/14/2020,20,21,Wind,45,Friday,February,Winter,5101
5/28/2020,20,21,Wind,149,Thursday,May,Spring,4584
10/23/2020,21,22,Wind,297,Friday,October,Fall,5272
2/9/2021,11,12,Wind,40,Tuesday,February,Winter,3261
5/18/2020,17,18,Solar,139,Monday,May,Spring,4683
2/16/2020,5,6,Wind,47,Sunday,February,Winter,11933
1/17/2021,5,6,Wind,17,Sunday,January,Winter,5132
8/22/2020,15,16,Wind,235,Saturday,August,Summer,11377
12/2/2023,15,16,Wind,336,Saturday,December,Winter,3287
11/19/2024,6,7,Wind,324,Tuesday,November,Fall,17507
1/20/2022,23,0,Wind,20,Thursday,January,Winter,5476
8/12/2021,4,5,Wind,224,Thursday,August,Summer,537
4/12/2022,23,0,Wind,102,Tuesday,April,Spring,2391
9/20/2024,1,2,Wind,264,Friday,September,Fall,6934
7/24/2020,6,7,Wind,206,Friday,July,Summer,1623
7/31/2023,8,9,Wind,212,Monday,July,Summer,10483
5/7/2021,15,16,Solar,127,Friday,May,Spring,5300
6/19/2022,15,16,Wind,170,Sunday,June,Summer,12780
4/26/2020,21,22,Wind,117,Sunday,April,Spring,507
5/2/2023,9,10,Solar,122,Tuesday,May,Spring,5328
11/6/2021,10,11,Solar,310,Saturday,November,Fall,4862
1/11/2022,9,10,Wind,11,Tuesday,January,Winter,3441
5/26/2023,12,13,Solar,146,Friday,May,Spring,12036
9/22/2024,9,10,Wind,266,Sunday,September,Fall,3944
9/4/2023,9,10,Wind,247,Monday,September,Fall,7654
5/3/2022,0,1,Wind,123,Tuesday,May,Spring,5334
6/15/2025,12,13,Solar,166,Sunday,June,Summer,3841
12/18/2021,6,7,Wind,352,Saturday,December,Winter,6087
8/2/2021,11,12,Solar,214,Monday,August,Summer,4320
8/16/2025,6,7,Wind,228,Saturday,August,Summer,7143
6/29/2025,14,15,Solar,180,Sunday,June,Summer,4565
2/21/2022,7,8,Wind,52,Monday,February,Winter,14866
6/7/2025,21,22,Wind,158,Saturday,June,Summer,11062
4/20/2025,15,16,Wind,110,Sunday,April,Spring,4558
7/23/2023,2,3,Wind,204,Sunday,July,Summer,9075
2/21/2025,15,16,Wind,52,Friday,February,Winter,15714
10/19/2022,19,20,Wind,292,Wednesday,October,Fall,7944
1/27/2024,0,1,Wind,27,Saturday,January,Winter,1873
2/11/2021,8,9,Wind,42,Thursday,February,Winter,6113
2/13/2023,21,22,Wind,44,Monday,February,Winter,2677
12/6/2024,8,9,Wind,341,Friday,December,Winter,13192
1/29/2023,5,6,Wind,29,Sunday,January,Winter,1135
4/22/2023,5,6,Wind,112,Saturday,April,Spring,4828
2/14/2025,16,17,Wind,45,Friday,February,Winter,7129
10/24/2021,23,0,Wind,297,Sunday,October,Fall,3283
9/29/2025,8,9,Wind,272,Monday,September,Fall,2578
1/20/2020,10,11,Wind,20,Monday,January,Winter,6095
1/26/2022,13,14,Solar,26,Wednesday,January,Winter,3768
4/6/2020,0,1,Wind,97,Monday,April,Spring,7724
1/31/2020,3,4,Wind,31,Friday,January,Winter,7998
8/31/2022,5,6,Wind,243,Wednesday,August,Summer,2234
4/1/2023,1,2,Wind,91,Saturday,April,Spring,16915
11/1/2022,15,16,Wind,305,Tuesday,November,Fall,13662
7/30/2024,22,23,Wind,212,Tuesday,July,Summer,2503
4/8/2025,19,20,Wind,98,Tuesday,April,Spring,2749
9/10/2024,20,21,Wind,254,Tuesday,September,Fall,11651
10/31/2020,9,10,Wind,305,Saturday,October,Fall,8194
5/7/2024,9,10,Solar,128,Tuesday,May,Spring,5090
4/19/2021,0,1,Wind,109,Monday,April,Spring,1780
3/12/2023,18,19,Wind,71,Sunday,March,Spring,9795
11/19/2023,9,10,Wind,323,Sunday,November,Fall,13588
2/14/2023,14,15,Solar,45,Tuesday,February,Winter,6281
10/8/2020,23,0,Wind,282,Thursday,October,Fall,3679
12/4/2024,18,19,Wind,339,Wednesday,December,Winter,3938
8/2/2022,5,6,Wind,214,Tuesday,August,Summer,1216
9/5/2021,2,3,Wind,248,Sunday,September,Fall,570
1/3/2024,20,21,Wind,3,Wednesday,January,Winter,17729
6/2/2023,11,12,Solar,153,Friday,June,Summer,10821
12/5/2024,14,15,Wind,340,Thursday,December,Winter,16998
5/29/2022,2,3,Wind,149,Sunday,May,Spring,6015
8/3/2023,17,18,Wind,215,Thursday,August,Summer,9503
8/31/2020,11,12,Solar,244,Monday,August,Summer,4591
1/27/2021,13,14,Wind,27,Wednesday,January,Winter,5439
8/1/2020,8,9,Wind,214,Saturday,August,Summer,2389
7/13/2021,5,6,Wind,194,Tuesday,July,Summer,2739
12/5/2021,4,5,Wind,339,Sunday,December,Winter,7154
11/4/2022,20,21,Wind,308,Friday,November,Fall,6038
10/10/2022,11,12,Solar,283,Monday,October,Fall,4346
12/8/2023,6,7,Wind,342,Friday,December,Winter,4441
11/19/2023,23,0,Wind,323,Sunday,November,Fall,12031
2/19/2024,22,23,Wind,50,Monday,February,Winter,4808
3/11/2024,18,19,Wind,71,Monday,March,Spring,6774
12/2/2022,21,22,Wind,336,Friday,December,Winter,6439
9/15/2024,13,14,Solar,259,Sunday,September,Fall,6509
5/13/2025,12,13,Solar,133,Tuesday,May,Spring,4040
8/16/2024,3,4,Wind,229,Friday,August,Summer,3495
7/4/2022,18,19,Solar,185,Monday,July,Summer,4726
12/17/2021,22,23,Wind,351,Friday,December,Winter,7175
5/3/2022,17,18,Wind,123,Tuesday,May,Spring,4686
11/1/2022,19,20,Wind,305,Tuesday,November,Fall,11571
10/23/2025,1,2,Wind,296,Thursday,October,Fall,18781
6/2/2020,7,8,Wind,154,Tuesday,June,Summer,1582
7/30/2023,6,7,Wind,211,Sunday,July,Summer,5034
10/18/2024,10,11,Wind,292,Friday,October,Fall,3726
1/24/2021,17,18,Wind,24,Sunday,January,Winter,7785
6/7/2024,18,19,Solar,159,Friday,June,Summer,3850
9/17/2022,6,7,Wind,260,Saturday,September,Fall,5298
8/1/2023,14,15,Wind,213,Tuesday,August,Summer,16261
8/9/2024,2,3,Wind,222,Friday,August,Summer,4379
4/1/2025,0,1,Wind,91,Tuesday,April,Spring,10918
10/12/2020,8,9,Wind,286,Monday,October,Fall,1885
12/29/2021,17,18,Wind,363,Wednesday,December,Winter,13972
9/20/2025,13,14,Wind,263,Saturday,September,Fall,14676
1/20/2023,11,12,Wind,20,Friday,January,Winter,5568
10/16/2025,3,4,Wind,289,Thursday,October,Fall,4675
10/24/2024,9,10,Wind,298,Thursday,October,Fall,6471
11/19/2021,20,21,Wind,323,Friday,November,Fall,1780
12/16/2021,12,13,Wind,350,Thursday,December,Winter,5603
5/8/2022,7,8,Wind,128,Sunday,May,Spring,3729
11/18/2024,8,9,Wind,323,Monday,November,Fall,8868
7/22/2024,3,4,Wind,204,Monday,July,Summer,3600
11/10/2021,9,10,Solar,314,Wednesday,November,Fall,1404
4/30/2021,21,22,Wind,120,Friday,April,Spring,1194
11/15/2024,23,0,Wind,320,Friday,November,Fall,1734
6/4/2021,5,6,Wind,155,Friday,June,Summer,1719
3/16/2020,22,23,Wind,76,Monday,March,Spring,1639
1/20/2022,20,21,Wind,20,Thursday,January,Winter,5362
3/12/2022,7,8,Wind,71,Saturday,March,Spring,6226
10/29/2025,18,19,Wind,302,Wednesday,October,Fall,8314
9/26/2021,5,6,Wind,269,Sunday,September,Fall,2237
7/8/2022,15,16,Solar,189,Friday,July,Summer,9095
12/4/2021,0,1,Wind,338,Saturday,December,Winter,9482
10/13/2023,23,0,Wind,286,Friday,October,Fall,14400
11/18/2023,22,23,Wind,322,Saturday,November,Fall,12095
11/7/2023,6,7,Wind,311,Tuesday,November,Fall,6851
9/2/2022,19,20,Wind,245,Friday,September,Fall,1443
2/23/2024,9,10,Wind,54,Friday,February,Winter,15039
9/5/2020,4,5,Wind,249,Saturday,September,Fall,2634
11/1/2025,6,7,Wind,305,Saturday,November,Fall,14454
11/18/2025,19,20,Wind,322,Tuesday,November,Fall,7882
5/27/2021,17,18,Solar,147,Thursday,May,Spring,3912
2/11/2021,15,16,Wind,42,Thursday,February,Winter,8683
8/31/2022,20,21,Wind,243,Wednesday,August,Summer,2951
6/21/2023,15,16,Solar,172,Wednesday,June,Summer,4753
8/30/2022,22,23,Wind,242,Tuesday,August,Summer,3271
10/11/2021,20,21,Wind,284,Monday,October,Fall,3153
10/7/2023,23,0,Wind,280,Saturday,October,Fall,3526
8/27/2020,23,0,Wind,240,Thursday,August,Summer,7497
7/22/2021,9,10,Solar,203,Thursday,July,Summer,2992
8/1/2024,1,2,Wind,214,Thursday,August,Summer,1611
6/1/2021,21,22,Wind,152,Tuesday,June,Summer,3763
9/21/2021,14,15,Solar,264,Tuesday,September,Fall,5163
9/9/2024,5,6,Wind,253,Monday,September,Fall,8521
1/31/2025,12,13,Wind,31,Friday,January,Winter,8937
6/3/2025,6,7,Wind,154,Tuesday,June,Summer,2426
6/25/2021,12,13,Solar,176,Friday,June,Summer,5768
6/18/2022,7,8,Wind,169,Saturday,June,Summer,2323
2/26/2023,18,19,Wind,57,Sunday,February,Winter,15728
3/11/2022,21,22,Wind,70,Friday,March,Spring,10519
6/1/2022,17,18,Solar,152,Wednesday,June,Summer,5214
6/19/2022,7,8,Wind,170,Sunday,June,Summer,6948
9/8/2022,10,11,Wind,251,Thursday,September,Fall,8695
8/2/2022,1,2,Wind,214,Tuesday,August,Summer,1310
11/26/2024,1,2,Wind,331,Tuesday,November,Fall,6445
12/13/2023,6,7,Wind,347,Wednesday,December,Winter,7828
7/12/2025,20,21,Wind,193,Saturday,July,Summer,3909
10/16/2022,18,19,Wind,289,Sunday,October,Fall,4704
4/12/2020,21,22,Wind,103,Sunday,April,Spring,2322
12/25/2023,16,17,Wind,359,Monday,December,Winter,12230
6/18/2021,17,18,Wind,169,Friday,June,Summer,9367
10/18/2023,1,2,Wind,291,Wednesday,October,Fall,10499
1/12/2022,11,12,Solar,12,Wednesday,January,Winter,4584
4/29/2023,22,23,Wind,119,Saturday,April,Spring,2714
9/21/2021,23,0,Wind,264,Tuesday,September,Fall,3306
8/8/2023,12,13,Solar,220,Tuesday,August,Summer,9733
8/1/2021,4,5,Wind,213,Sunday,August,Summer,2348
2/10/2020,21,22,Wind,41,Monday,February,Winter,12959
10/31/2020,4,5,Wind,305,Saturday,October,Fall,3069
12/31/2024,17,18,Wind,366,Tuesday,December,Winter,9036
10/28/2023,4,5,Wind,301,Saturday,October,Fall,11930
7/19/2025,1,2,Wind,200,Saturday,July,Summer,4635
9/15/2023,19,20,Wind,258,Friday,September,Fall,2659
7/12/2021,7,8,Wind,193,Monday,July,Summer,2324
11/28/2020,13,14,Wind,333,Saturday,November,Fall,3710
1/10/2023,14,15,Wind,10,Tuesday,January,Winter,15777
12/13/2021,1,2,Wind,347,Monday,December,Winter,1678
12/23/2021,13,14,Wind,357,Thursday,December,Winter,8130
12/13/2024,9,10,Wind,348,Friday,December,Winter,2960
4/19/2022,3,4,Wind,109,Tuesday,April,Spring,2818
8/30/2023,23,0,Wind,242,Wednesday,August,Summer,3483
3/14/2023,22,23,Wind,73,Tuesday,March,Spring,5023
5/6/2022,18,19,Wind,126,Friday,May,Spring,4837
3/23/2025,8,9,Wind,82,Sunday,March,Spring,5996
1/16/2022,3,4,Wind,16,Sunday,January,Winter,1801
8/26/2023,0,1,Wind,238,Saturday,August,Summer,2861
4/17/2025,3,4,Wind,107,Thursday,April,Spring,2565
4/10/2025,10,11,Solar,100,Thursday,April,Spring,10273
8/23/2021,21,22,Wind,235,Monday,August,Summer,5030
11/21/2023,15,16,Wind,325,Tuesday,November,Fall,7176
8/18/2024,19,20,Wind,231,Sunday,August,Summer,5352
11/4/2024,3,4,Wind,309,Monday,November,Fall,2776
8/7/2021,2,3,Wind,219,Saturday,August,Summer,3294
11/27/2022,15,16,Wind,331,Sunday,November,Fall,6839
3/27/2021,2,3,Wind,86,Saturday,March,Spring,9516
3/12/2022,22,23,Wind,71,Saturday,March,Spring,9748
10/17/2025,5,6,Wind,290,Friday,October,Fall,5096
4/10/2025,17,18,Solar,100,Thursday,April,Spring,10743
8/21/2022,0,1,Wind,233,Sunday,August,Summer,791
2/11/2021,6,7,Wind,42,Thursday,February,Winter,5196
3/31/2021,23,0,Wind,90,Wednesday,March,Spring,1435
6/19/2020,6,7,Wind,171,Friday,June,Summer,1906
2/26/2020,13,14,Wind,57,Wednesday,February,Winter,13169
10/21/2023,11,12,Wind,294,Saturday,October,Fall,20374
11/7/2023,8,9,Wind,311,Tuesday,November,Fall,8207
7/29/2025,0,1,Wind,210,Tuesday,July,Summer,3104
2/19/2020,10,11,Wind,50,Wednesday,February,Winter,7379
4/3/2023,13,14,Wind,93,Monday,April,Spring,11458
2/25/2021,19,20,Wind,56,Thursday,February,Winter,1854
2/25/2021,2,3,Wind,56,Thursday,February,Winter,5371
9/28/2024,11,12,Solar,272,Saturday,September,Fall,8533
2/22/2023,14,15,Wind,53,Wednesday,February,Winter,3581
3/5/2025,11,12,Solar,64,Wednesday,March,Spring,9526
9/11/2023,1,2,Wind,254,Monday,September,Fall,2249
12/6/2020,20,21,Wind,341,Sunday,December,Winter,1761
10/3/2025,14,15,Wind,276,Friday,October,Fall,11497
11/28/2022,4,5,Wind,332,Monday,November,Fall,4489
5/3/2020,22,23,Wind,124,Sunday,May,Spring,705
2/19/2021,13,14,Wind,50,Friday,February,Winter,8744
1/16/2020,16,17,Wind,16,Thursday,January,Winter,9123
11/18/2021,13,14,Solar,322,Thursday,November,Fall,3746
12/13/2022,6,7,Wind,347,Tuesday,December,Winter,6219
5/26/2021,12,13,Wind,146,Wednesday,May,Spring,10892
5/28/2020,22,23,Wind,149,Thursday,May,Spring,6074
5/16/2022,22,23,Wind,136,Monday,May,Spring,599
2/8/2021,10,11,Wind,39,Monday,February,Winter,2084
8/25/2022,12,13,Solar,237,Thursday,August,Summer,6443
3/12/2024,0,1,Wind,72,Tuesday,March,Spring,5402
3/8/2022,21,22,Wind,67,Tuesday,March,Spring,5703
4/6/2025,22,23,Wind,96,Sunday,April,Spring,10147
12/1/2023,21,22,Wind,335,Friday,December,Winter,5091
2/1/2024,13,14,Wind,32,Thursday,February,Winter,3991
3/19/2021,5,6,Wind,78,Friday,March,Spring,5515
11/22/2020,2,3,Wind,327,Sunday,November,Fall,2036
1/29/2023,6,7,Wind,29,Sunday,January,Winter,1089
2/3/2020,23,0,Wind,34,Monday,February,Winter,10296
8/22/2025,22,23,Wind,234,Friday,August,Summer,3100
12/30/2023,21,22,Wind,364,Saturday,December,Winter,14946
6/14/2020,6,7,Wind,166,Sunday,June,Summer,2981
5/20/2025,11,12,Solar,140,Tuesday,May,Spring,7909
5/27/2021,19,20,Solar,147,Thursday,May,Spring,1951
11/28/2024,12,13,Solar,333,Thursday,November,Fall,5112
6/12/2025,20,21,Wind,163,Thursday,June,Summer,2592
12/2/2021,4,5,Wind,336,Thursday,December,Winter,6595
4/6/2023,1,2,Wind,96,Thursday,April,Spring,1240
8/29/2022,21,22,Wind,241,Monday,August,Summer,5149
4/22/2024,2,3,Wind,113,Monday,April,Spring,7693
4/7/2022,21,22,Wind,97,Thursday,April,Spring,13300
8/17/2020,8,9,Wind,230,Monday,August,Summer,2329
4/8/2020,0,1,Wind,99,Wednesday,April,Spring,3294
6/27/2022,2,3,Wind,178,Monday,June,Summer,1132
11/8/2022,13,14,Wind,312,Tuesday,November,Fall,13921
7/27/2024,1,2,Wind,209,Saturday,July,Summer,418
8/5/2025,16,17,Wind,217,Tuesday,August,Summer,7613
5/1/2020,10,11,Wind,122,Friday,May,Spring,8012
6/22/2022,5,6,Wind,173,Wednesday,June,Summer,3322
1/10/2020,0,1,Wind,10,Friday,January,Winter,9719
2/26/2024,3,4,Wind,57,Monday,February,Winter,9462
8/3/2023,18,19,Wind,215,Thursday,August,Summer,7651
11/6/2020,0,1,Wind,311,Friday,November,Fall,7462
5/12/2025,18,19,Solar,132,Monday,May,Spring,4886
2/4/2023,6,7,Wind,35,Saturday,February,Winter,2724
9/8/2021,16,17,Wind,251,Wednesday,September,Fall,5846
2/16/2023,19,20,Wind,47,Thursday,February,Winter,7525
5/12/2022,8,9,Solar,132,Thursday,May,Spring,1922
11/12/2025,0,1,Wind,316,Wednesday,November,Fall,13071
7/7/2020,11,12,Solar,189,Tuesday,July,Summer,4694
3/18/2021,13,14,Wind,77,Thursday,March,Spring,6015
8/2/2020,7,8,Wind,215,Sunday,August,Summer,2829
1/28/2020,8,9,Wind,28,Tuesday,January,Winter,12847
10/6/2023,0,1,Wind,279,Friday,October,Fall,1366
6/27/2024,10,11,Solar,179,Thursday,June,Summer,5860
8/30/2024,12,13,Solar,243,Friday,August,Summer,8694
11/22/2025,5,6,Wind,326,Saturday,November,Fall,4673
1/8/2024,13,14,Wind,8,Monday,January,Winter,11588
8/10/2025,12,13,Solar,222,Sunday,August,Summer,4763
4/30/2024,10,11,Wind,121,Tuesday,April,Spring,6800
9/5/2024,12,13,Solar,249,Thursday,September,Fall,7713
6/18/2024,5,6,Wind,170,Tuesday,June,Summer,2850
8/11/2020,22,23,Wind,224,Tuesday,August,Summer,1326
11/18/2024,4,5,Wind,323,Monday,November,Fall,9025
3/3/2025,21,22,Wind,62,Monday,March,Spring,4149
6/16/2020,9,10,Solar,168,Tuesday,June,Summer,2228
11/5/2023,11,12,Wind,309,Sunday,November,Fall,19077
7/10/2020,9,10,Wind,192,Friday,July,Summer,4371
10/29/2023,18,19,Wind,302,Sunday,October,Fall,12320
6/25/2020,1,2,Wind,177,Thursday,June,Summer,3877
11/27/2023,2,3,Wind,331,Monday,November,Fall,7464
9/10/2023,22,23,Wind,253,Sunday,September,Fall,2837
3/25/2024,22,23,Wind,85,Monday,March,Spring,8875
11/11/2021,2,3,Wind,315,Thursday,November,Fall,1151
9/21/2020,10,11,Solar,265,Monday,September,Fall,1691
1/17/2021,21,22,Wind,17,Sunday,January,Winter,2503
6/16/2024,20,21,Wind,168,Sunday,June,Summer,3886
5/25/2020,5,6,Wind,146,Monday,May,Spring,2382
9/30/2025,6,7,Wind,273,Tuesday,September,Fall,1558
2/19/2025,6,7,Wind,50,Wednesday,February,Winter,8798
11/18/2022,22,23,Wind,322,Friday,November,Fall,3150
1/4/2021,10,11,Wind,4,Monday,January,Winter,2038
6/4/2022,13,14,Solar,155,Saturday,June,Summer,5744
12/14/2021,10,11,Solar,348,Tuesday,December,Winter,2182
6/14/2025,2,3,Wind,165,Saturday,June,Summer,5142
7/11/2024,8,9,Solar,193,Thursday,July,Summer,2417
3/31/2025,13,14,Solar,90,Monday,March,Spring,12362
1/6/2025,6,7,Wind,6,Monday,January,Winter,18722
12/16/2021,8,9,Wind,350,Thursday,December,Winter,2732
6/12/2021,22,23,Wind,163,Saturday,June,Summer,2432
7/9/2020,17,18,Wind,191,Thursday,July,Summer,6646
2/18/2022,18,19,Wind,49,Friday,February,Winter,13238
2/13/2021,14,15,Wind,44,Saturday,February,Winter,9991
12/16/2021,7,8,Wind,350,Thursday,December,Winter,2497
12/15/2024,8,9,Wind,350,Sunday,December,Winter,6048
7/10/2021,10,11,Solar,191,Saturday,July,Summer,3276
11/29/2025,18,19,Wind,333,Saturday,November,Fall,10196
2/10/2021,21,22,Wind,41,Wednesday,February,Winter,4420
7/29/2024,12,13,Solar,211,Monday,July,Summer,10129
1/20/2023,9,10,Wind,20,Friday,January,Winter,3401
9/10/2022,16,17,Solar,253,Saturday,September,Fall,7701
12/23/2022,16,17,Wind,357,Friday,December,Winter,15011
12/9/2023,4,5,Wind,343,Saturday,December,Winter,9880
3/19/2023,16,17,Wind,78,Sunday,March,Spring,6813
11/30/2020,4,5,Wind,335,Monday,November,Fall,1329
5/24/2021,4,5,Wind,144,Monday,May,Spring,8666
1/27/2022,9,10,Wind,27,Thursday,January,Winter,5055
10/19/2022,0,1,Wind,292,Wednesday,October,Fall,5532
1/17/2023,19,20,Wind,17,Tuesday,January,Winter,4973
10/13/2025,18,19,Wind,286,Monday,October,Fall,7387
5/1/2025,12,13,Solar,121,Thursday,May,Spring,5191
7/2/2020,21,22,Wind,184,Thursday,July,Summer,3656
5/14/2022,11,12,Solar,134,Saturday,May,Spring,5901
9/4/2024,1,2,Wind,248,Wednesday,September,Fall,1022
5/16/2021,3,4,Wind,136,Sunday,May,Spring,4872
2/24/2022,9,10,Wind,55,Thursday,February,Winter,9070
11/6/2025,3,4,Wind,310,Thursday,November,Fall,8939
1/28/2023,17,18,Wind,28,Saturday,January,Winter,3752
4/5/2023,1,2,Wind,95,Wednesday,April,Spring,2623
3/8/2024,18,19,Wind,68,Friday,March,Spring,9798
9/9/2022,5,6,Wind,252,Friday,September,Fall,8652
6/23/2025,11,12,Wind,174,Monday,June,Summer,7643
3/4/2024,2,3,Wind,64,Monday,March,Spring,3900
2/21/2025,8,9,Wind,52,Friday,February,Winter,13537
10/31/2023,10,11,Wind,304,Tuesday,October,Fall,9320
8/11/2024,2,3,Wind,224,Sunday,August,Summer,3520
12/12/2023,14,15,Wind,346,Tuesday,December,Winter,11858
1/18/2021,6,7,Wind,18,Monday,January,Winter,2493
8/3/2024,4,5,Wind,216,Saturday,August,Summer,3502
5/17/2025,9,10,Solar,137,Saturday,May,Spring,6696
11/14/2021,18,19,Wind,318,Sunday,November,Fall,4424
6/20/2023,4,5,Wind,171,Tuesday,June,Summer,3307
3/21/2022,7,8,Wind,80,Monday,March,Spring,4387
4/19/2020,13,14,Wind,110,Sunday,April,Spring,3115
7/6/2024,4,5,Wind,188,Saturday,July,Summer,8305
5/14/2023,23,0,Wind,134,Sunday,May,Spring,4043
12/19/2022,2,3,Wind,353,Monday,December,Winter,12288
9/23/2020,14,15,Wind,267,Wednesday,September,Fall,8545
4/20/2024,4,5,Wind,111,Saturday,April,Spring,6904
7/21/2020,21,22,Wind,203,Tuesday,July,Summer,4406
4/25/2020,3,4,Wind,116,Saturday,April,Spring,1779
6/10/2023,4,5,Wind,161,Saturday,June,Summer,2713
2/11/2024,17,18,Wind,42,Sunday,February,Winter,12006
7/6/2022,12,13,Solar,187,Wednesday,July,Summer,7683
2/5/2022,19,20,Wind,36,Saturday,February,Winter,9947
5/28/2020,23,0,Wind,149,Thursday,May,Spring,6736
9/17/2025,2,3,Wind,260,Wednesday,September,Fall,2575
8/8/2025,8,9,Solar,220,Friday,August,Summer,3228
3/9/2020,22,23,Wind,69,Monday,March,Spring,8872
3/11/2024,21,22,Wind,71,Monday,March,Spring,6066
5/14/2025,17,18,Solar,134,Wednesday,May,Spring,7679
2/4/2020,1,2,Wind,35,Tuesday,February,Winter,10533
8/11/2020,18,19,Solar,224,Tuesday,August,Summer,2040
10/13/2023,17,18,Wind,286,Friday,October,Fall,15965
6/16/2022,19,20,Solar,167,Thursday,June,Summer,1895
12/8/2020,8,9,Wind,343,Tuesday,December,Winter,2188
3/29/2021,14,15,Solar,88,Monday,March,Spring,5986
6/15/2025,9,10,Solar,166,Sunday,June,Summer,3778
1/20/2024,12,13,Solar,20,Saturday,January,Winter,6835
2/17/2025,23,0,Wind,48,Monday,February,Winter,3993
12/3/2021,7,8,Wind,337,Friday,December,Winter,6171
5/30/2023,8,9,Wind,150,Tuesday,May,Spring,9640
2/3/2020,15,16,Wind,34,Monday,February,Winter,8538
1/22/2025,12,13,Wind,22,Wednesday,January,Winter,6417
12/27/2021,21,22,Wind,361,Monday,December,Winter,12569
11/8/2020,11,12,Wind,313,Sunday,November,Fall,3996
9/20/2023,21,22,Wind,263,Wednesday,September,Fall,10365
3/11/2024,17,18,Wind,71,Monday,March,Spring,8030
7/16/2024,9,10,Wind,198,Tuesday,July,Summer,11662
3/26/2025,19,20,Wind,85,Wednesday,March,Spring,3745
2/18/2023,1,2,Wind,49,Saturday,February,Winter,5595
7/18/2024,16,17,Solar,200,Thursday,July,Summer,7212
5/8/2020,4,5,Wind,129,Friday,May,Spring,2082
9/18/2023,16,17,Wind,261,Monday,September,Fall,14252
8/10/2023,12,13,Solar,222,Thursday,August,Summer,7330
9/7/2020,19,20,Wind,251,Monday,September,Fall,2004
10/3/2020,16,17,Wind,277,Saturday,October,Fall,6727
5/26/2021,2,3,Wind,146,Wednesday,May,Spring,5529
1/23/2022,4,5,Wind,23,Sunday,January,Winter,1749
6/14/2022,9,10,Solar,165,Tuesday,June,Summer,4214
1/20/2021,9,10,Wind,20,Wednesday,January,Winter,12999
4/1/2025,6,7,Wind,91,Tuesday,April,Spring,10967
2/15/2020,12,13,Wind,46,Saturday,February,Winter,11448
3/24/2022,10,11,Solar,83,Thursday,March,Spring,5742
9/5/2025,1,2,Wind,248,Friday,September,Fall,4105
1/12/2023,12,13,Wind,12,Thursday,January,Winter,18306
11/6/2022,19,20,Wind,310,Sunday,November,Fall,11005
3/8/2022,17,18,Wind,67,Tuesday,March,Spring,3785
12/24/2020,22,23,Wind,359,Thursday,December,Winter,7846
9/10/2020,15,16,Solar,254,Thursday,September,Fall,2992
4/28/2024,1,2,Wind,119,Sunday,April,Spring,10254
5/9/2020,0,1,Wind,130,Saturday,May,Spring,2676
12/3/2020,12,13,Wind,338,Thursday,December,Winter,9711
7/20/2024,0,1,Wind,202,Saturday,July,Summer,1818
8/10/2021,0,1,Wind,222,Tuesday,August,Summer,1225
4/25/2024,14,15,Solar,116,Thursday,April,Spring,7534
10/12/2021,19,20,Wind,285,Tuesday,October,Fall,3353
6/13/2020,11,12,Wind,165,Saturday,June,Summer,4955
7/31/2023,7,8,Wind,212,Monday,July,Summer,9176
2/7/2020,15,16,Wind,38,Friday,February,Winter,5046
4/8/2025,3,4,Wind,98,Tuesday,April,Spring,2900
10/29/2022,16,17,Wind,302,Saturday,October,Fall,6799
3/17/2020,13,14,Solar,77,Tuesday,March,Spring,2613
7/16/2025,19,20,Wind,197,Wednesday,July,Summer,7811
11/9/2025,21,22,Wind,313,Sunday,November,Fall,5570
8/15/2021,18,19,Wind,227,Sunday,August,Summer,8013
8/31/2020,8,9,Wind,244,Monday,August,Summer,2550
2/10/2020,7,8,Wind,41,Monday,February,Winter,11091
3/20/2022,3,4,Wind,79,Sunday,March,Spring,5262
2/16/2022,6,7,Wind,47,Wednesday,February,Winter,14791
10/17/2022,22,23,Wind,290,Monday,October,Fall,1822
3/28/2025,2,3,Wind,87,Friday,March,Spring,2114
6/7/2020,1,2,Wind,159,Sunday,June,Summer,3654
8/17/2020,5,6,Wind,230,Monday,August,Summer,1922
4/22/2025,8,9,Solar,112,Tuesday,April,Spring,2305
9/6/2021,3,4,Wind,249,Monday,September,Fall,1319
9/4/2024,0,1,Wind,248,Wednesday,September,Fall,1181
1/20/2025,20,21,Wind,20,Monday,January,Winter,1179
7/13/2020,13,14,Solar,195,Monday,July,Summer,4705
6/3/2021,15,16,Solar,154,Thursday,June,Summer,3805
4/9/2025,8,9,Wind,99,Wednesday,April,Spring,5564
7/25/2024,15,16,Solar,207,Thursday,July,Summer,9796
9/13/2020,21,22,Wind,257,Sunday,September,Fall,1634
7/18/2024,3,4,Wind,200,Thursday,July,Summer,2282
6/16/2024,11,12,Wind,168,Sunday,June,Summer,7228
1/15/2025,7,8,Wind,15,Wednesday,January,Winter,2998
4/12/2023,10,11,Wind,102,Wednesday,April,Spring,11551
9/30/2023,15,16,Solar,273,Saturday,September,Fall,6238
10/31/2025,12,13,Wind,304,Friday,October,Fall,13978
2/20/2025,15,16,Wind,51,Thursday,February,Winter,10442
12/7/2021,4,5,Wind,341,Tuesday,December,Winter,5875
12/19/2021,2,3,Wind,353,Sunday,December,Winter,3858
9/11/2021,6,7,Wind,254,Saturday,September,Fall,1304
7/13/2022,3,4,Wind,194,Wednesday,July,Summer,1284
7/26/2025,1,2,Wind,207,Saturday,July,Summer,2898
5/6/2025,13,14,Wind,126,Tuesday,May,Spring,15086
12/20/2022,7,8,Wind,354,Tuesday,December,Winter,13290
8/28/2020,23,0,Wind,241,Friday,August,Summer,2992
1/20/2023,7,8,Wind,20,Friday,January,Winter,2459
2/19/2024,20,21,Wind,50,Monday,February,Winter,5970
6/26/2021,13,14,Solar,177,Saturday,June,Summer,4853
5/29/2024,15,16,Wind,150,Wednesday,May,Spring,11061
6/13/2021,2,3,Wind,164,Sunday,June,Summer,3335
8/26/2024,2,3,Wind,239,Monday,August,Summer,2474
6/10/2021,20,21,Wind,161,Thursday,June,Summer,1433
9/12/2020,21,22,Wind,256,Saturday,September,Fall,1498
2/14/2022,2,3,Wind,45,Monday,February,Winter,13708
7/14/2022,15,16,Solar,195,Thursday,July,Summer,9365
9/1/2022,2,3,Wind,244,Thursday,September,Fall,3710
7/25/2023,8,9,Wind,206,Tuesday,July,Summer,6136
6/27/2025,15,16,Solar,178,Friday,June,Summer,11359
5/26/2024,3,4,Wind,147,Sunday,May,Spring,4941
4/4/2022,0,1,Wind,94,Monday,April,Spring,1493
10/24/2021,3,4,Wind,297,Sunday,October,Fall,4122
11/11/2021,21,22,Wind,315,Thursday,November,Fall,870
12/15/2020,3,4,Wind,350,Tuesday,December,Winter,4872
1/8/2022,17,18,Wind,8,Saturday,January,Winter,15073
7/23/2020,22,23,Wind,205,Thursday,July,Summer,1571
7/18/2020,22,23,Wind,200,Saturday,July,Summer,1461
12/12/2021,16,17,Wind,346,Sunday,December,Winter,2570
4/5/2022,9,10,Wind,95,Tuesday,April,Spring,6905
7/17/2023,5,6,Wind,198,Monday,July,Summer,2324
4/20/2020,7,8,Wind,111,Monday,April,Spring,5618
1/18/2021,7,8,Wind,18,Monday,January,Winter,2566
8/24/2021,18,19,Wind,236,Tuesday,August,Summer,11067
1/28/2021,8,9,Wind,28,Thursday,January,Winter,13948
2/27/2020,21,22,Wind,58,Thursday,February,Winter,7033
5/4/2025,15,16,Wind,124,Sunday,May,Spring,7299
9/1/2020,9,10,Solar,245,Tuesday,September,Fall,2103
11/11/2024,7,8,Wind,316,Monday,November,Fall,3528
10/24/2021,11,12,Solar,297,Sunday,October,Fall,6109
11/11/2022,5,6,Wind,315,Friday,November,Fall,3169
1/8/2020,1,2,Wind,8,Wednesday,January,Winter,5852
1/13/2021,4,5,Wind,13,Wednesday,January,Winter,3236
8/10/2021,14,15,Solar,222,Tuesday,August,Summer,5787
4/2/2025,2,3,Wind,92,Wednesday,April,Spring,15114
3/1/2021,17,18,Wind,60,Monday,March,Spring,3239
11/30/2022,9,10,Wind,334,Wednesday,November,Fall,2060
1/14/2020,18,19,Wind,14,Tuesday,January,Winter,12733
10/12/2020,10,11,Solar,286,Monday,October,Fall,3235
3/29/2024,20,21,Wind,89,Friday,March,Spring,5982
10/12/2025,15,16,Solar,285,Sunday,October,Fall,11438
12/21/2020,3,4,Wind,356,Monday,December,Winter,6804
9/16/2024,15,16,Solar,260,Monday,September,Fall,10670
4/7/2023,12,13,Solar,97,Friday,April,Spring,7303
7/21/2024,16,17,Wind,203,Sunday,July,Summer,8390
10/31/2024,13,14,Solar,305,Thursday,October,Fall,4724
2/21/2020,13,14,Wind,52,Friday,February,Winter,8359
9/1/2021,19,20,Wind,244,Wednesday,September,Fall,6601
3/10/2024,20,21,Wind,70,Sunday,March,Spring,1487
8/12/2020,16,17,Wind,225,Wednesday,August,Summer,3514
8/26/2023,4,5,Wind,238,Saturday,August,Summer,3719
3/2/2022,9,10,Wind,61,Wednesday,March,Spring,3208
1/3/2022,8,9,Wind,3,Monday,January,Winter,9363
2/13/2025,11,12,Solar,44,Thursday,February,Winter,4235
4/10/2024,8,9,Wind,101,Wednesday,April,Spring,3966
3/22/2021,19,20,Wind,81,Monday,March,Spring,2676
1/10/2025,10,11,Wind,10,Friday,January,Winter,5399
10/6/2023,15,16,Solar,279,Friday,October,Fall,6868
4/29/2024,15,16,Solar,120,Monday,April,Spring,7027
7/13/2024,5,6,Wind,195,Saturday,July,Summer,896
11/14/2021,15,16,Wind,318,Sunday,November,Fall,4245
12/10/2023,10,11,Wind,344,Sunday,December,Winter,14883
6/13/2022,19,20,Wind,164,Monday,June,Summer,2895
9/21/2024,7,8,Wind,265,Saturday,September,Fall,3743
7/9/2025,2,3,Wind,190,Wednesday,July,Summer,1777
8/18/2024,13,14,Solar,231,Sunday,August,Summer,10781
2/3/2023,7,8,Wind,34,Friday,February,Winter,6517
12/12/2021,17,18,Wind,346,Sunday,December,Winter,2137
5/10/2021,1,2,Wind,130,Monday,May,Spring,7851
6/24/2022,20,21,Wind,175,Friday,June,Summer,6156
3/17/2020,3,4,Wind,77,Tuesday,March,Spring,1308
7/24/2024,8,9,Solar,206,Wednesday,July,Summer,2606
10/27/2023,3,4,Wind,300,Friday,October,Fall,8707
8/17/2025,10,11,Solar,229,Sunday,August,Summer,9267
9/17/2020,16,17,Wind,261,Thursday,September,Fall,8119
9/30/2025,5,6,Wind,273,Tuesday,September,Fall,1392
10/3/2024,7,8,Wind,277,Thursday,October,Fall,7039
3/28/2021,7,8,Wind,87,Sunday,March,Spring,3564
7/17/2025,23,0,Wind,198,Thursday,July,Summer,1610
2/26/2022,10,11,Solar,57,Saturday,February,Winter,7670
7/3/2025,15,16,Solar,184,Thursday,July,Summer,9564
3/7/2025,18,19,Wind,66,Friday,March,Spring,5888
8/8/2024,4,5,Wind,221,Thursday,August,Summer,1215
9/23/2023,8,9,Wind,266,Saturday,September,Fall,3488
4/28/2021,11,12,Solar,118,Wednesday,April,Spring,2519
9/10/2022,14,15,Solar,253,Saturday,September,Fall,8766
3/31/2025,8,9,Wind,90,Monday,March,Spring,5433
7/16/2024,4,5,Wind,198,Tuesday,July,Summer,8021
8/20/2025,11,12,Wind,232,Wednesday,August,Summer,7286
1/6/2023,13,14,Wind,6,Friday,January,Winter,8675
8/17/2023,20,21,Wind,229,Thursday,August,Summer,1803
3/15/2024,5,6,Wind,75,Friday,March,Spring,9919
12/4/2020,0,1,Wind,339,Friday,December,Winter,12195
12/21/2021,4,5,Wind,355,Tuesday,December,Winter,2850
6/9/2024,22,23,Wind,161,Sunday,June,Summer,5084
6/14/2022,8,9,Solar,165,Tuesday,June,Summer,3413
8/27/2023,6,7,Wind,239,Sunday,August,Summer,2812
1/6/2025,12,13,Wind,6,Monday,January,Winter,18898
3/6/2020,20,21,Wind,66,Friday,March,Spring,4508
12/30/2021,12,13,Wind,364,Thursday,December,Winter,9277
12/6/2022,6,7,Wind,340,Tuesday,December,Winter,1632
6/21/2024,1,2,Wind,173,Friday,June,Summer,1325
2/1/2025,21,22,Wind,32,Saturday,February,Winter,4191
7/14/2020,18,19,Wind,196,Tuesday,July,Summer,4409
7/1/2020,19,20,Wind,183,Wednesday,July,Summer,5201
3/21/2023,22,23,Wind,80,Tuesday,March,Spring,8110
4/14/2025,8,9,Solar,104,Monday,April,Spring,2139
2/27/2022,12,13,Wind,58,Sunday,February,Winter,10044
11/5/2020,13,14,Wind,310,Thursday,November,Fall,6887
3/10/2020,5,6,Wind,70,Tuesday,March,Spring,12041
6/1/2025,17,18,Solar,152,Sunday,June,Summer,3175
1/26/2025,2,3,Wind,26,Sunday,January,Winter,9972
4/30/2020,13,14,Wind,121,Thursday,April,Spring,11987
12/14/2024,2,3,Wind,349,Saturday,December,Winter,1157
4/15/2025,15,16,Wind,105,Tuesday,April,Spring,7968
10/30/2020,2,3,Wind,304,Friday,October,Fall,7489
2/8/2021,0,1,Wind,39,Monday,February,Winter,1406
3/9/2022,4,5,Wind,68,Wednesday,March,Spring,3581
2/22/2022,15,16,Wind,53,Tuesday,February,Winter,14388
1/16/2024,19,20,Wind,16,Tuesday,January,Winter,3128
11/30/2023,11,12,Wind,334,Thursday,November,Fall,2419
1/21/2022,14,15,Wind,21,Friday,January,Winter,6986
10/13/2022,2,3,Wind,286,Thursday,October,Fall,1361
6/17/2022,23,0,Wind,168,Friday,June,Summer,1592
11/17/2024,6,7,Wind,322,Sunday,November,Fall,3941
7/18/2020,2,3,Wind,200,Saturday,July,Summer,1339
9/25/2024,8,9,Wind,269,Wednesday,September,Fall,5967
3/29/2022,5,6,Wind,88,Tuesday,March,Spring,2891
6/17/2020,19,20,Wind,169,Wednesday,June,Summer,2095
6/29/2024,18,19,Wind,181,Saturday,June,Summer,6554
10/30/2020,10,11,Wind,304,Friday,October,Fall,7419
2/19/2021,19,20,Wind,50,Friday,February,Winter,7404
1/1/2024,4,5,Wind,1,Monday,January,Winter,8838
12/27/2022,6,7,Wind,361,Tuesday,December,Winter,4019
11/1/2021,10,11,Wind,305,Monday,November,Fall,10079
8/28/2020,21,22,Wind,241,Friday,August,Summer,3247
8/27/2020,19,20,Wind,240,Thursday,August,Summer,6475
10/5/2022,20,21,Wind,278,Wednesday,October,Fall,7845
2/6/2020,4,5,Wind,37,Thursday,February,Winter,2972
2/9/2024,11,12,Wind,40,Friday,February,Winter,13564
5/17/2024,23,0,Wind,138,Friday,May,Spring,679
4/8/2021,10,11,Solar,98,Thursday,April,Spring,3570
11/4/2025,1,2,Wind,308,Tuesday,November,Fall,8203
11/18/2022,6,7,Wind,322,Friday,November,Fall,7697
3/24/2020,6,7,Wind,84,Tuesday,March,Spring,5924
2/24/2020,3,4,Wind,55,Monday,February,Winter,3562
9/9/2020,0,1,Wind,253,Wednesday,September,Fall,935
8/3/2025,12,13,Solar,215,Sunday,August,Summer,6177
1/24/2023,18,19,Wind,24,Tuesday,January,Winter,2989
10/31/2020,3,4,Wind,305,Saturday,October,Fall,2492
8/14/2024,14,15,Solar,227,Wednesday,August,Summer,6071
4/27/2024,15,16,Wind,118,Saturday,April,Spring,11873
4/26/2024,23,0,Wind,117,Friday,April,Spring,4435
5/11/2020,1,2,Wind,132,Monday,May,Spring,9243
7/2/2022,6,7,Wind,183,Saturday,July,Summer,1275
11/2/2023,15,16,Wind,306,Thursday,November,Fall,15875
8/15/2021,16,17,Wind,227,Sunday,August,Summer,8032
7/10/2020,16,17,Wind,192,Friday,July,Summer,5447
2/18/2020,9,10,Wind,49,Tuesday,February,Winter,8247
1/17/2025,2,3,Wind,17,Friday,January,Winter,2010
9/29/2025,14,15,Solar,272,Monday,September,Fall,9018
2/10/2025,3,4,Wind,41,Monday,February,Winter,3590
11/2/2024,0,1,Wind,307,Saturday,November,Fall,1203
1/7/2023,20,21,Wind,7,Saturday,January,Winter,14522
12/30/2022,7,8,Wind,364,Friday,December,Winter,13456
2/29/2020,23,0,Wind,60,Saturday,February,Winter,11760
3/17/2021,20,21,Wind,76,Wednesday,March,Spring,5952
4/15/2025,20,21,Wind,105,Tuesday,April,Spring,9714
6/20/2023,20,21,Wind,171,Tuesday,June,Summer,1917
2/20/2021,17,18,Wind,51,Saturday,February,Winter,12274
5/25/2022,19,20,Wind,145,Wednesday,May,Spring,8041
12/27/2021,8,9,Wind,361,Monday,December,Winter,7212
10/20/2024,1,2,Wind,294,Sunday,October,Fall,3018
5/14/2025,21,22,Wind,134,Wednesday,May,Spring,6080
2/20/2022,12,13,Wind,51,Sunday,February,Winter,17314
4/18/2021,1,2,Wind,108,Sunday,April,Spring,4779
1/30/2024,0,1,Wind,30,Tuesday,January,Winter,8113
2/7/2021,1,2,Wind,38,Sunday,February,Winter,5123
10/31/2025,6,7,Wind,304,Friday,October,Fall,9628
7/3/2025,7,8,Wind,184,Thursday,July,Summer,4571
5/26/2022,21,22,Wind,146,Thursday,May,Spring,4299
4/9/2024,5,6,Wind,100,Tuesday,April,Spring,9097
8/13/2020,14,15,Wind,226,Thursday,August,Summer,4931
10/31/2024,19,20,Wind,305,Thursday,October,Fall,1060
4/25/2025,14,15,Solar,115,Friday,April,Spring,10245
12/11/2024,13,14,Wind,346,Wednesday,December,Winter,7435
5/20/2022,7,8,Wind,140,Friday,May,Spring,3605
5/31/2020,11,12,Wind,152,Sunday,May,Spring,8533
12/21/2024,7,8,Wind,356,Saturday,December,Winter,7750
11/1/2022,9,10,Wind,305,Tuesday,November,Fall,11756
6/12/2022,3,4,Wind,163,Sunday,June,Summer,3211
1/3/2022,18,19,Wind,3,Monday,January,Winter,7791
8/13/2025,18,19,Wind,225,Wednesday,August,Summer,3943
7/6/2021,5,6,Wind,187,Tuesday,July,Summer,9578
10/12/2025,13,14,Solar,285,Sunday,October,Fall,12629
6/7/2024,21,22,Wind,159,Friday,June,Summer,1472
12/9/2022,12,13,Wind,343,Friday,December,Winter,3667
3/15/2021,20,21,Wind,74,Monday,March,Spring,5856
2/8/2023,13,14,Solar,39,Wednesday,February,Winter,6888
7/9/2022,10,11,Solar,190,Saturday,July,Summer,5963
3/2/2025,15,16,Solar,61,Sunday,March,Spring,9877
7/16/2023,6,7,Wind,197,Sunday,July,Summer,5414
1/6/2022,9,10,Wind,6,Thursday,January,Winter,2549
8/29/2022,9,10,Wind,241,Monday,August,Summer,4856
4/21/2025,2,3,Wind,111,Monday,April,Spring,4052
8/14/2025,2,3,Wind,226,Thursday,August,Summer,2821
11/2/2023,17,18,Wind,306,Thursday,November,Fall,15676
5/2/2024,10,11,Wind,123,Thursday,May,Spring,9667
8/3/2023,10,11,Wind,215,Thursday,August,Summer,12494
3/5/2020,0,1,Wind,65,Thursday,March,Spring,5038
1/6/2024,19,20,Wind,6,Saturday,January,Winter,8024
5/19/2022,6,7,Wind,139,Thursday,May,Spring,3839
1/28/2024,8,9,Wind,28,Sunday,January,Winter,9911
1/23/2021,9,10,Wind,23,Saturday,January,Winter,6788
1/5/2024,3,4,Wind,5,Friday,January,Winter,11144
3/29/2020,17,18,Wind,89,Sunday,March,Spring,13938
11/13/2020,14,15,Wind,318,Friday,November,Fall,5605
8/30/2025,4,5,Wind,242,Saturday,August,Summer,4869
8/17/2022,19,20,Wind,229,Wednesday,August,Summer,2033
5/31/2022,8,9,Solar,151,Tuesday,May,Spring,1676
10/18/2022,9,10,Wind,291,Tuesday,October,Fall,3002
12/3/2020,8,9,Wind,338,Thursday,December,Winter,5211
1/11/2022,13,14,Solar,11,Tuesday,January,Winter,5143
2/24/2022,3,4,Wind,55,Thursday,February,Winter,4329
9/2/2021,9,10,Wind,245,Thursday,September,Fall,5745
9/10/2020,0,1,Wind,254,Thursday,September,Fall,1794
5/2/2022,11,12,Solar,122,Monday,May,Spring,6127
3/8/2025,5,6,Wind,67,Saturday,March,Spring,10697
10/16/2024,1,2,Wind,290,Wednesday,October,Fall,11010
7/17/2025,20,21,Wind,198,Thursday,July,Summer,1801
12/1/2023,10,11,Wind,335,Friday,December,Winter,3234
11/12/2023,14,15,Wind,316,Sunday,November,Fall,9888
9/3/2023,18,19,Wind,246,Sunday,September,Fall,6935
1/17/2022,15,16,Solar,17,Monday,January,Winter,2716
4/26/2023,8,9,Wind,116,Wednesday,April,Spring,2693
4/1/2021,17,18,Wind,91,Thursday,April,Spring,6463
5/28/2023,9,10,Solar,148,Sunday,May,Spring,5108
3/27/2022,14,15,Solar,86,Sunday,March,Spring,6871
4/13/2025,2,3,Wind,103,Sunday,April,Spring,9132
10/18/2021,21,22,Wind,291,Monday,October,Fall,4845
9/9/2022,22,23,Wind,252,Friday,September,Fall,5803
11/14/2025,6,7,Wind,318,Friday,November,Fall,12793
2/27/2020,3,4,Wind,58,Thursday,February,Winter,5876
7/7/2020,13,14,Solar,189,Tuesday,July,Summer,5278
12/18/2023,15,16,Wind,352,Monday,December,Winter,3980
9/28/2023,1,2,Wind,271,Thursday,September,Fall,4548
6/28/2024,7,8,Wind,180,Friday,June,Summer,2990
10/20/2020,5,6,Wind,294,Tuesday,October,Fall,9659
4/27/2021,3,4,Wind,117,Tuesday,April,Spring,4738
4/6/2024,15,16,Wind,97,Saturday,April,Spring,8363
4/28/2021,16,17,Wind,118,Wednesday,April,Spring,4670
10/2/2025,17,18,Solar,275,Thursday,October,Fall,4982
9/14/2020,14,15,Solar,258,Monday,September,Fall,5167
6/24/2023,6,7,Wind,175,Saturday,June,Summer,2771
10/21/2020,11,12,Wind,295,Wednesday,October,Fall,15183
8/1/2025,17,18,Wind,213,Friday,August,Summer,11333
2/23/2022,23,0,Wind,54,Wednesday,February,Winter,3212
7/24/2021,12,13,Solar,205,Saturday,July,Summer,5662
12/10/2023,4,5,Wind,344,Sunday,December,Winter,14688
4/19/2020,5,6,Wind,110,Sunday,April,Spring,2422
4/24/2021,3,4,Wind,114,Saturday,April,Spring,7172
4/21/2020,9,10,Wind,112,Tuesday,April,Spring,5012
10/12/2023,16,17,Wind,285,Thursday,October,Fall,8100
11/16/2025,2,3,Wind,320,Sunday,November,Fall,2155
1/7/2022,13,14,Wind,7,Friday,January,Winter,12803
11/16/2023,5,6,Wind,320,Thursday,November,Fall,4723
6/18/2020,1,2,Wind,170,Thursday,June,Summer,1643
8/3/2024,6,7,Wind,216,Saturday,August,Summer,2972
6/24/2024,8,9,Solar,176,Monday,June,Summer,4072
5/18/2023,16,17,Wind,138,Thursday,May,Spring,9570
4/24/2020,17,18,Solar,115,Friday,April,Spring,3015
9/19/2024,23,0,Wind,263,Thursday,September,Fall,8303
12/18/2021,18,19,Wind,352,Saturday,December,Winter,6095
8/9/2024,8,9,Wind,222,Friday,August,Summer,6545
1/31/2025,14,15,Wind,31,Friday,January,Winter,9041
3/28/2021,15,16,Solar,87,Sunday,March,Spring,6562
6/8/2024,20,21,Wind,160,Saturday,June,Summer,3640
10/16/2024,19,20,Wind,290,Wednesday,October,Fall,10396
3/3/2020,13,14,Wind,63,Tuesday,March,Spring,2627
11/21/2024,22,23,Wind,326,Thursday,November,Fall,6234
12/6/2020,7,8,Wind,341,Sunday,December,Winter,2388
4/21/2022,13,14,Solar,111,Thursday,April,Spring,7316
9/1/2023,13,14,Solar,244,Friday,September,Fall,9763
1/29/2023,13,14,Solar,29,Sunday,January,Winter,4709
4/27/2022,13,14,Solar,117,Wednesday,April,Spring,9899
12/6/2023,12,13,Solar,340,Wednesday,December,Winter,4011
2/11/2023,4,5,Wind,42,Saturday,February,Winter,1810
5/23/2021,19,20,Wind,143,Sunday,May,Spring,7087
1/13/2023,13,14,Wind,13,Friday,January,Winter,17620
10/21/2020,8,9,Wind,295,Wednesday,October,Fall,12602
11/11/2021,9,10,Solar,315,Thursday,November,Fall,2291
2/28/2023,21,22,Wind,59,Tuesday,February,Winter,6877
3/10/2023,12,13,Wind,69,Friday,March,Spring,20267
11/15/2021,1,2,Wind,319,Monday,November,Fall,3350
8/27/2022,13,14,Solar,239,Saturday,August,Summer,7247
9/26/2025,19,20,Wind,269,Friday,September,Fall,408
10/18/2025,11,12,Solar,291,Saturday,October,Fall,10166
9/4/2022,6,7,Wind,247,Sunday,September,Fall,2242
5/14/2020,22,23,Wind,135,Thursday,May,Spring,8480
11/20/2021,21,22,Wind,324,Saturday,November,Fall,256
3/19/2022,2,3,Wind,78,Saturday,March,Spring,11653
7/27/2023,19,20,Wind,208,Thursday,July,Summer,7081
9/29/2022,16,17,Solar,272,Thursday,September,Fall,3391
10/30/2020,20,21,Wind,304,Friday,October,Fall,2316
1/18/2020,17,18,Wind,18,Saturday,January,Winter,1821
11/18/2023,8,9,Wind,322,Saturday,November,Fall,10478
4/28/2025,19,20,Wind,118,Monday,April,Spring,4874
8/25/2022,1,2,Wind,237,Thursday,August,Summer,2568
1/29/2020,10,11,Wind,29,Wednesday,January,Winter,8131
2/28/2024,4,5,Wind,59,Wednesday,February,Winter,2938
8/14/2021,7,8,Wind,226,Saturday,August,Summer,1499
2/1/2025,4,5,Wind,32,Saturday,February,Winter,3300
1/8/2025,17,18,Wind,8,Wednesday,January,Winter,15551
7/19/2020,5,6,Wind,201,Sunday,July,Summer,717
4/15/2024,1,2,Wind,106,Monday,April,Spring,2526
10/7/2020,3,4,Wind,281,Wednesday,October,Fall,8655
5/13/2021,9,10,Wind,133,Thursday,May,Spring,6445
8/21/2024,6,7,Wind,234,Wednesday,August,Summer,3751
1/9/2023,11,12,Wind,9,Monday,January,Winter,16471
7/12/2021,12,13,Solar,193,Monday,July,Summer,4206
7/17/2021,3,4,Wind,198,Saturday,July,Summer,2660
2/8/2021,14,15,Wind,39,Monday,February,Winter,2189
12/21/2024,17,18,Wind,356,Saturday,December,Winter,17785
8/11/2023,18,19,Solar,223,Friday,August,Summer,4743
10/26/2025,4,5,Wind,299,Sunday,October,Fall,9938
10/17/2020,19,20,Wind,291,Saturday,October,Fall,554
11/11/2025,6,7,Wind,315,Tuesday,November,Fall,7784
4/25/2021,4,5,Wind,115,Sunday,April,Spring,8220
8/13/2022,22,23,Wind,225,Saturday,August,Summer,3130
10/23/2023,5,6,Wind,296,Monday,October,Fall,5937
6/8/2021,0,1,Wind,159,Tuesday,June,Summer,1392
2/7/2021,14,15,Wind,38,Sunday,February,Winter,6165
5/12/2025,16,17,Solar,132,Monday,May,Spring,4127
1/20/2024,1,2,Wind,20,Saturday,January,Winter,3446
4/5/2022,15,16,Wind,95,Tuesday,April,Spring,10520
6/9/2023,14,15,Solar,160,Friday,June,Summer,7100
4/5/2025,23,0,Wind,95,Saturday,April,Spring,9012
11/22/2025,14,15,Wind,326,Saturday,November,Fall,12287
7/22/2025,17,18,Wind,203,Tuesday,July,Summer,11630
11/5/2022,2,3,Wind,309,Saturday,November,Fall,3089
9/17/2021,3,4,Wind,260,Friday,September,Fall,696
10/13/2020,14,15,Wind,287,Tuesday,October,Fall,6661
4/8/2025,21,22,Wind,98,Tuesday,April,Spring,4246
3/8/2025,8,9,Wind,67,Saturday,March,Spring,12302
10/14/2025,3,4,Wind,287,Tuesday,October,Fall,6169
12/7/2022,3,4,Wind,341,Wednesday,December,Winter,2533
5/29/2020,8,9,Wind,150,Friday,May,Spring,4079
10/4/2021,11,12,Wind,277,Monday,October,Fall,6850
12/15/2024,11,12,Wind,350,Sunday,December,Winter,9368
4/26/2025,3,4,Wind,116,Saturday,April,Spring,5053
8/19/2020,23,0,Wind,232,Wednesday,August,Summer,4393
1/17/2022,21,22,Wind,17,Monday,January,Winter,1708
7/2/2021,6,7,Wind,183,Friday,July,Summer,434
4/9/2024,19,20,Wind,100,Tuesday,April,Spring,12447
11/10/2022,23,0,Wind,314,Thursday,November,Fall,3646
2/12/2023,19,20,Wind,43,Sunday,February,Winter,3488
7/13/2022,18,19,Solar,194,Wednesday,July,Summer,4749
4/24/2025,13,14,Solar,114,Thursday,April,Spring,9198
12/20/2021,17,18,Wind,354,Monday,December,Winter,3168
5/29/2024,7,8,Wind,150,Wednesday,May,Spring,6284
2/3/2024,23,0,Wind,34,Saturday,February,Winter,5376
9/1/2021,18,19,Wind,244,Wednesday,September,Fall,7759
8/19/2023,22,23,Wind,231,Saturday,August,Summer,1054
9/22/2022,0,1,Wind,265,Thursday,September,Fall,2751
1/18/2020,14,15,Solar,18,Saturday,January,Winter,2528
4/8/2021,0,1,Wind,98,Thursday,April,Spring,851
10/5/2023,9,10,Solar,278,Thursday,October,Fall,3037
8/31/2022,3,4,Wind,243,Wednesday,August,Summer,2669
3/12/2022,18,19,Wind,71,Saturday,March,Spring,8732
7/20/2022,23,0,Wind,201,Wednesday,July,Summer,1815
4/29/2023,19,20,Wind,119,Saturday,April,Spring,2892
7/30/2022,2,3,Wind,211,Saturday,July,Summer,1439
5/13/2021,22,23,Wind,133,Thursday,May,Spring,2605
10/16/2021,21,22,Wind,289,Saturday,October,Fall,1291
10/15/2020,7,8,Wind,289,Thursday,October,Fall,3910
6/6/2023,12,13,Solar,157,Tuesday,June,Summer,8646
8/8/2025,5,6,Wind,220,Friday,August,Summer,1437
7/26/2025,10,11,Solar,207,Saturday,July,Summer,7998
2/20/2022,2,3,Wind,51,Sunday,February,Winter,11206
11/28/2025,2,3,Wind,332,Friday,November,Fall,8628
6/28/2021,13,14,Solar,179,Monday,June,Summer,3922
9/19/2021,3,4,Wind,262,Sunday,September,Fall,3519
9/28/2023,19,20,Wind,271,Thursday,September,Fall,2552
5/13/2024,14,15,Solar,134,Monday,May,Spring,6831
5/18/2021,2,3,Wind,138,Tuesday,May,Spring,5406
8/1/2024,16,17,Solar,214,Thursday,August,Summer,8661
9/12/2024,2,3,Wind,256,Thursday,September,Fall,4472
2/5/2022,0,1,Wind,36,Saturday,February,Winter,5210
8/15/2021,7,8,Wind,227,Sunday,August,Summer,1301
7/31/2025,6,7,Wind,212,Thursday,July,Summer,2301
1/27/2021,16,17,Wind,27,Wednesday,January,Winter,4041
11/9/2022,4,5,Wind,313,Wednesday,November,Fall,8537
12/22/2020,2,3,Wind,357,Tuesday,December,Winter,12189
12/8/2023,0,1,Wind,342,Friday,December,Winter,7878
11/10/2021,15,16,Solar,314,Wednesday,November,Fall,1760
5/11/2021,10,11,Wind,131,Tuesday,May,Spring,4076
2/15/2022,14,15,Wind,46,Tuesday,February,Winter,13683
4/8/2020,7,8,Wind,99,Wednesday,April,Spring,2012
4/10/2021,0,1,Wind,100,Saturday,April,Spring,4391
6/7/2021,2,3,Wind,158,Monday,June,Summer,1350
5/13/2021,0,1,Wind,133,Thursday,May,Spring,4479
3/8/2021,20,21,Wind,67,Monday,March,Spring,2882
11/6/2020,8,9,Wind,311,Friday,November,Fall,6743
3/16/2025,0,1,Wind,75,Sunday,March,Spring,10187
9/26/2020,13,14,Wind,270,Saturday,September,Fall,12730
11/23/2025,12,13,Wind,327,Sunday,November,Fall,15669
3/24/2023,17,18,Wind,83,Friday,March,Spring,15698
1/22/2022,12,13,Solar,22,Saturday,January,Winter,5027
2/8/2022,22,23,Wind,39,Tuesday,February,Winter,2415
4/27/2024,0,1,Wind,118,Saturday,April,Spring,4743
1/24/2024,7,8,Wind,24,Wednesday,January,Winter,16218
9/20/2022,19,20,Wind,263,Tuesday,September,Fall,2499
7/19/2024,16,17,Solar,201,Friday,July,Summer,7392
11/13/2025,8,9,Wind,317,Thursday,November,Fall,10392
2/13/2022,14,15,Wind,44,Sunday,February,Winter,16782
1/22/2022,0,1,Wind,22,Saturday,January,Winter,3190
12/19/2024,10,11,Wind,354,Thursday,December,Winter,17216
1/18/2020,9,10,Wind,18,Saturday,January,Winter,3050
2/6/2025,13,14,Wind,37,Thursday,February,Winter,13224
3/8/2021,13,14,Solar,67,Monday,March,Spring,4523
1/20/2020,22,23,Wind,20,Monday,January,Winter,4934
8/29/2020,1,2,Wind,242,Saturday,August,Summer,3457
9/17/2024,15,16,Wind,261,Tuesday,September,Fall,17409
5/15/2023,19,20,Wind,135,Monday,May,Spring,9747
4/26/2023,14,15,Solar,116,Wednesday,April,Spring,4918
8/7/2022,2,3,Wind,219,Sunday,August,Summer,7089
11/18/2021,3,4,Wind,322,Thursday,November,Fall,1529
7/28/2022,15,16,Solar,209,Thursday,July,Summer,5339
9/29/2024,4,5,Wind,273,Sunday,September,Fall,3181
7/27/2025,8,9,Wind,208,Sunday,July,Summer,3635
12/7/2022,17,18,Wind,341,Wednesday,December,Winter,1713
6/4/2022,0,1,Wind,155,Saturday,June,Summer,3214
4/11/2022,18,19,Wind,101,Monday,April,Spring,7879
7/18/2025,10,11,Solar,199,Friday,July,Summer,6389
10/28/2025,4,5,Wind,301,Tuesday,October,Fall,11636
1/15/2024,12,13,Wind,15,Monday,January,Winter,6809
3/7/2021,13,14,Solar,66,Sunday,March,Spring,3169
1/10/2024,19,20,Wind,10,Wednesday,January,Winter,3793
5/8/2024,0,1,Wind,129,Wednesday,May,Spring,6559
9/28/2024,4,5,Wind,272,Saturday,September,Fall,6407
5/25/2021,6,7,Wind,145,Tuesday,May,Spring,9546
8/2/2021,6,7,Wind,214,Monday,August,Summer,1153
6/13/2025,4,5,Wind,164,Friday,June,Summer,2021
6/10/2022,13,14,Solar,161,Friday,June,Summer,8508
1/10/2025,14,15,Wind,10,Friday,January,Winter,4286
7/20/2023,12,13,Solar,201,Thursday,July,Summer,6951
2/28/2020,13,14,Wind,59,Friday,February,Winter,11014
6/18/2024,12,13,Solar,170,Tuesday,June,Summer,7785
1/31/2024,20,21,Wind,31,Wednesday,January,Winter,6085
1/27/2023,23,0,Wind,27,Friday,January,Winter,6094
8/15/2020,11,12,Solar,228,Saturday,August,Summer,3086
10/4/2022,4,5,Wind,277,Tuesday,October,Fall,988
1/29/2024,23,0,Wind,29,Monday,January,Winter,8472
4/12/2022,6,7,Wind,102,Tuesday,April,Spring,7935
1/11/2022,23,0,Wind,11,Tuesday,January,Winter,2090
5/11/2025,16,17,Wind,131,Sunday,May,Spring,4808
10/14/2023,4,5,Wind,287,Saturday,October,Fall,10187
10/1/2021,23,0,Wind,274,Friday,October,Fall,3707
10/4/2024,22,23,Wind,278,Friday,October,Fall,2835
12/31/2024,11,12,Wind,366,Tuesday,December,Winter,7306
3/23/2020,16,17,Wind,83,Monday,March,Spring,7482
2/25/2022,2,3,Wind,56,Friday,February,Winter,7548
2/11/2022,16,17,Solar,42,Friday,February,Winter,3615
7/1/2025,13,14,Solar,182,Tuesday,July,Summer,9839
9/10/2021,3,4,Wind,253,Friday,September,Fall,2131
11/20/2024,9,10,Wind,325,Wednesday,November,Fall,6181
9/13/2021,3,4,Wind,256,Monday,September,Fall,2426
2/14/2025,11,12,Solar,45,Friday,February,Winter,9119
9/30/2023,2,3,Wind,273,Saturday,September,Fall,547
7/3/2020,13,14,Wind,185,Friday,July,Summer,6832
12/16/2022,4,5,Wind,350,Friday,December,Winter,5658
6/29/2025,12,13,Solar,180,Sunday,June,Summer,4495
3/21/2025,6,7,Wind,80,Friday,March,Spring,10695
9/22/2023,15,16,Wind,265,Friday,September,Fall,13602
1/26/2024,22,23,Wind,26,Friday,January,Winter,2003
5/29/2023,23,0,Wind,149,Monday,May,Spring,10422
1/18/2024,19,20,Wind,18,Thursday,January,Winter,4652
8/17/2023,21,22,Wind,229,Thursday,August,Summer,2474
2/18/2021,13,14,Wind,49,Thursday,February,Winter,11280
11/28/2025,16,17,Wind,332,Friday,November,Fall,7122
6/5/2025,11,12,Wind,156,Thursday,June,Summer,9135
7/5/2025,19,20,Wind,186,Saturday,July,Summer,7083
8/30/2023,20,21,Wind,242,Wednesday,August,Summer,4070
1/24/2020,14,15,Solar,24,Friday,January,Winter,1733
1/30/2021,11,12,Wind,30,Saturday,January,Winter,8960
1/26/2021,10,11,Wind,26,Tuesday,January,Winter,5086
7/22/2020,22,23,Wind,204,Wednesday,July,Summer,2730
9/10/2025,10,11,Solar,253,Wednesday,September,Fall,8381
5/20/2021,11,12,Solar,140,Thursday,May,Spring,7459
8/30/2020,16,17,Wind,243,Sunday,August,Summer,6972
4/30/2021,4,5,Wind,120,Friday,April,Spring,1497
7/20/2024,2,3,Wind,202,Saturday,July,Summer,1366
6/25/2024,2,3,Wind,177,Tuesday,June,Summer,4860
6/16/2020,3,4,Wind,168,Tuesday,June,Summer,1572
3/20/2025,22,23,Wind,79,Thursday,March,Spring,7815
10/8/2021,7,8,Wind,281,Friday,October,Fall,3732
3/11/2023,20,21,Wind,70,Saturday,March,Spring,4561
1/9/2022,5,6,Wind,9,Sunday,January,Winter,11382
12/15/2023,10,11,Solar,349,Friday,December,Winter,2984
12/2/2023,20,21,Wind,336,Saturday,December,Winter,2993
4/12/2020,14,15,Solar,103,Sunday,April,Spring,4478
1/16/2021,6,7,Wind,16,Saturday,January,Winter,2609
11/7/2020,5,6,Wind,312,Saturday,November,Fall,6495
1/16/2025,7,8,Wind,16,Thursday,January,Winter,5370
12/11/2023,5,6,Wind,345,Monday,December,Winter,13313
3/26/2025,0,1,Wind,85,Wednesday,March,Spring,2924
3/9/2025,14,15,Wind,68,Sunday,March,Spring,6097
1/31/2021,11,12,Wind,31,Sunday,January,Winter,3917
1/18/2023,12,13,Wind,18,Wednesday,January,Winter,5795
8/11/2022,22,23,Wind,223,Thursday,August,Summer,5915
10/17/2020,5,6,Wind,291,Saturday,October,Fall,823
11/6/2023,15,16,Wind,310,Monday,November,Fall,11710
1/31/2020,15,16,Wind,31,Friday,January,Winter,7383
11/22/2022,2,3,Wind,326,Tuesday,November,Fall,12118
1/14/2020,21,22,Wind,14,Tuesday,January,Winter,12686
6/5/2024,22,23,Wind,157,Wednesday,June,Summer,1825
5/24/2020,17,18,Solar,145,Sunday,May,Spring,4591
10/17/2025,8,9,Wind,290,Friday,October,Fall,5063
12/1/2023,18,19,Wind,335,Friday,December,Winter,5670
11/30/2023,9,10,Wind,334,Thursday,November,Fall,2294
5/28/2023,21,22,Wind,148,Sunday,May,Spring,8135
8/6/2025,18,19,Solar,218,Wednesday,August,Summer,4823
9/3/2022,3,4,Wind,246,Saturday,September,Fall,1584
5/12/2024,21,22,Wind,133,Sunday,May,Spring,2710
8/25/2022,2,3,Wind,237,Thursday,August,Summer,2157
7/9/2024,19,20,Wind,191,Tuesday,July,Summer,5041
10/28/2023,13,14,Wind,301,Saturday,October,Fall,17291
12/26/2021,23,0,Wind,360,Sunday,December,Winter,3943
4/26/2023,19,20,Wind,116,Wednesday,April,Spring,1227
8/12/2020,23,0,Wind,225,Wednesday,August,Summer,2887
6/8/2024,7,8,Wind,160,Saturday,June,Summer,2653
10/30/2020,1,2,Wind,304,Friday,October,Fall,7672
4/10/2024,13,14,Solar,101,Wednesday,April,Spring,9317
1/22/2020,4,5,Wind,22,Wednesday,January,Winter,3220
6/26/2025,19,20,Wind,177,Thursday,June,Summer,9162
9/25/2023,6,7,Wind,268,Monday,September,Fall,2754
10/2/2021,8,9,Wind,275,Saturday,October,Fall,4880
5/21/2021,21,22,Wind,141,Friday,May,Spring,11117
5/21/2021,4,5,Wind,141,Friday,May,Spring,9502
6/7/2020,21,22,Wind,159,Sunday,June,Summer,1627
9/6/2023,18,19,Solar,249,Wednesday,September,Fall,2948
4/27/2023,3,4,Wind,117,Thursday,April,Spring,1219
3/14/2020,13,14,Wind,74,Saturday,March,Spring,7209
2/27/2024,19,20,Wind,58,Tuesday,February,Winter,6228
9/19/2020,13,14,Solar,263,Saturday,September,Fall,4468
4/1/2022,16,17,Wind,91,Friday,April,Spring,15285
3/16/2023,2,3,Wind,75,Thursday,March,Spring,6637
9/22/2025,16,17,Wind,265,Monday,September,Fall,8440
11/24/2020,19,20,Wind,329,Tuesday,November,Fall,6160
11/10/2020,8,9,Wind,315,Tuesday,November,Fall,672
12/5/2023,23,0,Wind,339,Tuesday,December,Winter,4052
4/21/2023,23,0,Wind,111,Friday,April,Spring,3321
2/26/2021,22,23,Wind,57,Friday,February,Winter,5705
1/16/2025,11,12,Wind,16,Thursday,January,Winter,7756
11/29/2022,6,7,Wind,333,Tuesday,November,Fall,1649
12/1/2024,13,14,Wind,336,Sunday,December,Winter,10231
5/1/2022,2,3,Wind,121,Sunday,May,Spring,3175
5/13/2021,5,6,Wind,133,Thursday,May,Spring,5102
7/31/2023,14,15,Wind,212,Monday,July,Summer,18635
10/25/2024,14,15,Solar,299,Friday,October,Fall,5922
9/25/2022,14,15,Solar,268,Sunday,September,Fall,6087
3/25/2025,14,15,Solar,84,Tuesday,March,Spring,7289
1/5/2021,18,19,Wind,5,Tuesday,January,Winter,1973
9/25/2021,0,1,Wind,268,Saturday,September,Fall,1010
6/27/2023,8,9,Solar,178,Tuesday,June,Summer,3093
9/12/2021,6,7,Wind,255,Sunday,September,Fall,797
9/13/2024,7,8,Wind,257,Friday,September,Fall,4812
7/14/2023,3,4,Wind,195,Friday,July,Summer,547
12/22/2024,3,4,Wind,357,Sunday,December,Winter,18787
12/22/2024,23,0,Wind,357,Sunday,December,Winter,16227
10/18/2020,11,12,Solar,292,Sunday,October,Fall,3259
5/4/2021,8,9,Wind,124,Tuesday,May,Spring,13750
7/24/2021,4,5,Wind,205,Saturday,July,Summer,4791
3/18/2021,14,15,Wind,77,Thursday,March,Spring,5839
7/8/2025,8,9,Wind,189,Tuesday,July,Summer,6696
4/30/2025,11,12,Solar,120,Wednesday,April,Spring,9156
7/27/2021,21,22,Wind,208,Tuesday,July,Summer,3168
6/11/2020,17,18,Wind,163,Thursday,June,Summer,5028
7/18/2024,12,13,Solar,200,Thursday,July,Summer,8281
1/1/2025,21,22,Wind,1,Wednesday,January,Winter,14963
5/16/2023,4,5,Wind,136,Tuesday,May,Spring,7536
11/16/2025,23,0,Wind,320,Sunday,November,Fall,5090
5/2/2023,3,4,Wind,122,Tuesday,May,Spring,3235
10/29/2022,14,15,Wind,302,Saturday,October,Fall,8339
5/12/2021,9,10,Solar,132,Wednesday,May,Spring,2820
12/8/2023,9,10,Wind,342,Friday,December,Winter,4446
1/2/2022,0,1,Wind,2,Sunday,January,Winter,5445
1/6/2025,16,17,Wind,6,Monday,January,Winter,17822
5/22/2022,0,1,Wind,142,Sunday,May,Spring,2793
6/15/2022,1,2,Wind,166,Wednesday,June,Summer,4126
4/6/2023,14,15,Wind,96,Thursday,April,Spring,11427
9/15/2024,0,1,Wind,259,Sunday,September,Fall,3840
4/8/2023,5,6,Wind,98,Saturday,April,Spring,3512
3/26/2021,0,1,Wind,85,Friday,March,Spring,2924
1/4/2020,4,5,Wind,4,Saturday,January,Winter,3266
8/25/2025,7,8,Wind,237,Monday,August,Summer,2945
5/18/2020,10,11,Solar,139,Monday,May,Spring,4062
11/18/2024,1,2,Wind,323,Monday,November,Fall,8644
3/15/2025,3,4,Wind,74,Saturday,March,Spring,10081
7/10/2023,6,7,Wind,191,Monday,July,Summer,749
9/7/2024,22,23,Wind,251,Saturday,September,Fall,3605
7/2/2022,15,16,Solar,183,Saturday,July,Summer,6897
3/14/2020,19,20,Wind,74,Saturday,March,Spring,3134
4/23/2020,19,20,Solar,114,Thursday,April,Spring,824
1/29/2025,8,9,Wind,29,Wednesday,January,Winter,13112
1/26/2024,7,8,Wind,26,Friday,January,Winter,12588
8/12/2025,23,0,Wind,224,Tuesday,August,Summer,1049
3/20/2020,14,15,Wind,80,Friday,March,Spring,7648
12/11/2022,8,9,Wind,345,Sunday,December,Winter,2254
10/13/2021,11,12,Solar,286,Wednesday,October,Fall,4854
11/5/2024,5,6,Wind,310,Tuesday,November,Fall,1674
9/18/2024,17,18,Wind,262,Wednesday,September,Fall,14521
1/10/2020,20,21,Wind,10,Friday,January,Winter,1558
6/16/2023,2,3,Wind,167,Friday,June,Summer,2330
6/15/2023,15,16,Solar,166,Thursday,June,Summer,7754
8/8/2022,3,4,Wind,220,Monday,August,Summer,6072
7/30/2022,5,6,Wind,211,Saturday,July,Summer,902
10/8/2020,19,20,Wind,282,Thursday,October,Fall,7127
9/30/2020,9,10,Wind,274,Wednesday,September,Fall,2517
11/9/2022,0,1,Wind,313,Wednesday,November,Fall,9942
5/23/2020,9,10,Wind,144,Saturday,May,Spring,4797
4/19/2023,1,2,Wind,109,Wednesday,April,Spring,7997
9/21/2020,18,19,Wind,265,Monday,September,Fall,888
4/20/2023,17,18,Wind,110,Thursday,April,Spring,7921
7/7/2021,18,19,Wind,188,Wednesday,July,Summer,3466
1/8/2023,16,17,Wind,8,Sunday,January,Winter,11145
3/3/2025,17,18,Wind,62,Monday,March,Spring,2963
6/29/2024,1,2,Wind,181,Saturday,June,Summer,4092
3/10/2021,5,6,Wind,69,Wednesday,March,Spring,2969
12/2/2020,11,12,Wind,337,Wednesday,December,Winter,3015
12/16/2022,1,2,Wind,350,Friday,December,Winter,6354
1/15/2021,19,20,Wind,15,Friday,January,Winter,2717
12/2/2022,11,12,Wind,336,Friday,December,Winter,2745
12/16/2024,19,20,Wind,351,Monday,December,Winter,3164
10/14/2020,0,1,Wind,288,Wednesday,October,Fall,2018
8/29/2021,16,17,Wind,241,Sunday,August,Summer,7543
11/22/2024,13,14,Wind,327,Friday,November,Fall,16386
3/23/2023,8,9,Wind,82,Thursday,March,Spring,12237
5/13/2023,23,0,Wind,133,Saturday,May,Spring,5812
2/25/2022,18,19,Wind,56,Friday,February,Winter,3550
10/17/2020,20,21,Wind,291,Saturday,October,Fall,625
2/4/2024,14,15,Wind,35,Sunday,February,Winter,10856
5/14/2025,13,14,Solar,134,Wednesday,May,Spring,4558
10/4/2022,12,13,Solar,277,Tuesday,October,Fall,5982
10/18/2020,14,15,Solar,292,Sunday,October,Fall,3881
5/31/2020,0,1,Wind,152,Sunday,May,Spring,5688
4/19/2021,15,16,Solar,109,Monday,April,Spring,4504
8/11/2021,0,1,Wind,223,Wednesday,August,Summer,647
2/17/2023,0,1,Wind,48,Friday,February,Winter,7540
10/6/2023,9,10,Solar,279,Friday,October,Fall,3802
4/6/2021,20,21,Wind,96,Tuesday,April,Spring,5819
5/2/2023,8,9,Solar,122,Tuesday,May,Spring,3648
9/8/2025,3,4,Wind,251,Monday,September,Fall,2384
4/4/2020,8,9,Wind,95,Saturday,April,Spring,2989
3/13/2023,14,15,Wind,72,Monday,March,Spring,18710
6/8/2020,21,22,Wind,160,Monday,June,Summer,3865
4/16/2025,1,2,Wind,106,Wednesday,April,Spring,5633
3/19/2025,15,16,Wind,78,Wednesday,March,Spring,11296
12/29/2022,12,13,Wind,363,Thursday,December,Winter,13942
3/16/2024,11,12,Solar,76,Saturday,March,Spring,7993
1/29/2023,10,11,Solar,29,Sunday,January,Winter,2890
6/30/2021,6,7,Wind,181,Wednesday,June,Summer,2095
8/6/2024,7,8,Wind,219,Tuesday,August,Summer,1463
3/8/2020,7,8,Wind,68,Sunday,March,Spring,9809
8/31/2024,12,13,Solar,244,Saturday,August,Summer,8353
4/20/2023,8,9,Wind,110,Thursday,April,Spring,7599
10/29/2020,17,18,Wind,303,Thursday,October,Fall,6611
1/21/2025,22,23,Wind,21,Tuesday,January,Winter,6958
2/17/2023,20,21,Wind,48,Friday,February,Winter,7175
10/21/2024,6,7,Wind,295,Monday,October,Fall,3853
8/24/2020,4,5,Wind,237,Monday,August,Summer,1813
5/25/2024,15,16,Solar,146,Saturday,May,Spring,7169
9/22/2020,20,21,Wind,266,Tuesday,September,Fall,1549
2/5/2023,14,15,Wind,36,Sunday,February,Winter,13787
2/17/2024,5,6,Wind,48,Saturday,February,Winter,2438
1/20/2025,10,11,Wind,20,Monday,January,Winter,2887
6/12/2021,19,20,Wind,163,Saturday,June,Summer,2973
9/9/2025,0,1,Wind,252,Tuesday,September,Fall,2454
3/25/2025,23,0,Wind,84,Tuesday,March,Spring,3267
4/17/2021,18,19,Wind,107,Saturday,April,Spring,7013
8/22/2023,21,22,Wind,234,Tuesday,August,Summer,2173
5/18/2023,22,23,Wind,138,Thursday,May,Spring,6054
4/11/2024,21,22,Wind,102,Thursday,April,Spring,1174
10/9/2023,1,2,Wind,282,Monday,October,Fall,1159
1/10/2020,6,7,Wind,10,Friday,January,Winter,7579
10/18/2022,11,12,Solar,291,Tuesday,October,Fall,5088
1/4/2022,14,15,Wind,4,Tuesday,January,Winter,5941
4/22/2021,12,13,Solar,112,Thursday,April,Spring,8368
8/4/2021,16,17,Solar,216,Wednesday,August,Summer,3531
6/16/2024,0,1,Wind,168,Sunday,June,Summer,8152
2/25/2020,13,14,Wind,56,Tuesday,February,Winter,12118
6/14/2024,5,6,Wind,166,Friday,June,Summer,7031
7/21/2020,14,15,Solar,203,Tuesday,July,Summer,5891
3/13/2025,17,18,Wind,72,Thursday,March,Spring,3662
3/11/2021,11,12,Wind,70,Thursday,March,Spring,15750
10/10/2022,13,14,Solar,283,Monday,October,Fall,5312
10/20/2022,5,6,Wind,293,Thursday,October,Fall,5478
8/5/2024,12,13,Solar,218,Monday,August,Summer,8358
7/12/2021,0,1,Wind,193,Monday,July,Summer,2435
1/12/2024,14,15,Wind,12,Friday,January,Winter,6694
3/18/2023,6,7,Wind,77,Saturday,March,Spring,7054
5/13/2020,14,15,Wind,134,Wednesday,May,Spring,7957
9/30/2023,16,17,Solar,273,Saturday,September,Fall,5200
2/5/2025,17,18,Wind,36,Wednesday,February,Winter,2583
9/19/2023,14,15,Wind,262,Tuesday,September,Fall,10341
2/2/2024,0,1,Wind,33,Friday,February,Winter,2260
11/17/2021,5,6,Wind,321,Wednesday,November,Fall,1957
10/1/2023,13,14,Solar,274,Sunday,October,Fall,4581
6/24/2021,18,19,Solar,175,Thursday,June,Summer,3658
7/27/2022,11,12,Solar,208,Wednesday,July,Summer,6815
4/12/2024,21,22,Wind,103,Friday,April,Spring,939
8/22/2020,12,13,Wind,235,Saturday,August,Summer,11094
11/12/2022,5,6,Wind,316,Saturday,November,Fall,3769
7/21/2022,20,21,Wind,202,Thursday,July,Summer,1574
9/8/2023,21,22,Wind,251,Friday,September,Fall,1554
5/31/2024,10,11,Wind,152,Friday,May,Spring,10050
1/19/2020,4,5,Wind,19,Sunday,January,Winter,4998
6/25/2021,7,8,Wind,176,Friday,June,Summer,1787
2/7/2020,3,4,Wind,38,Friday,February,Winter,5494
3/15/2021,18,19,Wind,74,Monday,March,Spring,7372
5/13/2025,15,16,Solar,133,Tuesday,May,Spring,3863
4/27/2022,9,10,Wind,117,Wednesday,April,Spring,5614
6/18/2021,11,12,Wind,169,Friday,June,Summer,6927
3/15/2024,18,19,Wind,75,Friday,March,Spring,11274
12/29/2024,19,20,Wind,364,Sunday,December,Winter,541
12/24/2023,20,21,Wind,358,Sunday,December,Winter,10213
6/28/2022,18,19,Solar,179,Tuesday,June,Summer,4992
9/5/2023,8,9,Wind,248,Tuesday,September,Fall,6596
9/1/2022,9,10,Solar,244,Thursday,September,Fall,3556
8/16/2022,22,23,Wind,228,Tuesday,August,Summer,1494
4/23/2024,6,7,Wind,114,Tuesday,April,Spring,4518
3/19/2022,9,10,Wind,78,Saturday,March,Spring,10970
4/22/2024,3,4,Wind,113,Monday,April,Spring,7378
9/30/2025,18,19,Wind,273,Tuesday,September,Fall,3305
10/4/2022,0,1,Wind,277,Tuesday,October,Fall,1565
8/28/2024,8,9,Wind,241,Wednesday,August,Summer,4269
3/11/2025,1,2,Wind,70,Tuesday,March,Spring,1454
7/19/2023,11,12,Solar,200,Wednesday,July,Summer,8862
1/28/2023,8,9,Wind,28,Saturday,January,Winter,5921
6/14/2022,2,3,Wind,165,Tuesday,June,Summer,4735
8/16/2020,3,4,Wind,229,Sunday,August,Summer,1256
4/18/2023,5,6,Wind,108,Tuesday,April,Spring,6470
8/30/2020,2,3,Wind,243,Sunday,August,Summer,2802
6/3/2025,21,22,Wind,154,Tuesday,June,Summer,4656
6/13/2024,19,20,Wind,165,Thursday,June,Summer,5847
8/26/2022,23,0,Wind,238,Friday,August,Summer,3321
5/5/2020,23,0,Wind,126,Tuesday,May,Spring,2773
4/27/2020,13,14,Solar,118,Monday,April,Spring,3089
4/28/2020,6,7,Wind,119,Tuesday,April,Spring,3698
9/13/2022,18,19,Wind,256,Tuesday,September,Fall,3807
11/20/2025,15,16,Wind,324,Thursday,November,Fall,5905
3/14/2025,8,9,Wind,73,Friday,March,Spring,3380
10/13/2021,16,17,Solar,286,Wednesday,October,Fall,4842
8/7/2024,4,5,Wind,220,Wednesday,August,Summer,1433
12/24/2021,23,0,Wind,358,Friday,December,Winter,3052
6/21/2020,5,6,Wind,173,Sunday,June,Summer,2554
7/31/2023,23,0,Wind,212,Monday,July,Summer,10874
2/7/2020,14,15,Wind,38,Friday,February,Winter,5386
2/3/2025,11,12,Solar,34,Monday,February,Winter,5983
6/24/2020,18,19,Wind,176,Wednesday,June,Summer,4258
2/2/2023,20,21,Wind,33,Thursday,February,Winter,6733
1/23/2023,16,17,Wind,23,Monday,January,Winter,8749
12/14/2023,17,18,Wind,348,Thursday,December,Winter,3583
9/21/2025,5,6,Wind,264,Sunday,September,Fall,4374
3/15/2021,11,12,Wind,74,Monday,March,Spring,10812
11/22/2020,20,21,Wind,327,Sunday,November,Fall,925
2/22/2020,19,20,Wind,53,Saturday,February,Winter,8470
6/17/2025,23,0,Wind,168,Tuesday,June,Summer,3347
8/5/2022,5,6,Wind,217,Friday,August,Summer,2607
10/14/2020,17,18,Wind,288,Wednesday,October,Fall,6263
2/26/2025,12,13,Wind,57,Wednesday,February,Winter,15050
6/21/2025,0,1,Wind,172,Saturday,June,Summer,4743
6/5/2020,13,14,Wind,157,Friday,June,Summer,14060
10/27/2020,18,19,Wind,301,Tuesday,October,Fall,11411
6/4/2020,17,18,Wind,156,Thursday,June,Summer,5749
9/4/2024,3,4,Wind,248,Wednesday,September,Fall,798
1/19/2021,10,11,Wind,19,Tuesday,January,Winter,12386
10/23/2025,4,5,Wind,296,Thursday,October,Fall,11928
3/30/2025,9,10,Wind,89,Sunday,March,Spring,6357
4/6/2020,15,16,Wind,97,Monday,April,Spring,5353
3/31/2023,14,15,Wind,90,Friday,March,Spring,21589
3/31/2020,5,6,Wind,91,Tuesday,March,Spring,6377
5/23/2020,3,4,Wind,144,Saturday,May,Spring,1673
2/11/2022,6,7,Wind,42,Friday,February,Winter,3510
1/23/2025,21,22,Wind,23,Thursday,January,Winter,16773
11/9/2021,11,12,Solar,313,Tuesday,November,Fall,4387
10/26/2025,0,1,Wind,299,Sunday,October,Fall,10464
12/9/2024,0,1,Wind,344,Monday,December,Winter,14088
6/10/2024,1,2,Wind,162,Monday,June,Summer,5131
4/10/2020,9,10,Solar,101,Friday,April,Spring,3344
10/31/2021,1,2,Wind,304,Sunday,October,Fall,4378
11/20/2020,12,13,Solar,325,Friday,November,Fall,4045
9/25/2025,11,12,Solar,268,Thursday,September,Fall,6701
12/12/2021,13,14,Wind,346,Sunday,December,Winter,5288
1/13/2022,19,20,Wind,13,Thursday,January,Winter,3069
1/12/2025,23,0,Wind,12,Sunday,January,Winter,4835
12/6/2023,22,23,Wind,340,Wednesday,December,Winter,2647
1/16/2021,2,3,Wind,16,Saturday,January,Winter,1799
1/3/2020,6,7,Wind,3,Friday,January,Winter,8817
9/1/2025,21,22,Wind,244,Monday,September,Fall,5057
10/18/2021,11,12,Solar,291,Monday,October,Fall,5076
5/7/2022,23,0,Wind,127,Saturday,May,Spring,4532
6/16/2022,14,15,Solar,167,Thursday,June,Summer,6428
10/23/2022,23,0,Wind,296,Sunday,October,Fall,13466
7/8/2024,17,18,Solar,190,Monday,July,Summer,7115
3/23/2022,7,8,Wind,82,Wednesday,March,Spring,3526
9/23/2024,14,15,Solar,267,Monday,September,Fall,9458
12/26/2020,21,22,Wind,361,Saturday,December,Winter,11446
5/12/2023,7,8,Wind,132,Friday,May,Spring,3360
9/6/2021,0,1,Wind,249,Monday,September,Fall,1817
1/19/2024,10,11,Solar,19,Friday,January,Winter,3115
4/13/2020,15,16,Wind,104,Monday,April,Spring,11013
2/10/2021,23,0,Wind,41,Wednesday,February,Winter,3960
2/4/2020,19,20,Wind,35,Tuesday,February,Winter,8718
12/11/2020,15,16,Wind,346,Friday,December,Winter,6300
12/22/2022,8,9,Wind,356,Thursday,December,Winter,12425
1/4/2020,20,21,Wind,4,Saturday,January,Winter,2808
8/2/2024,2,3,Wind,215,Friday,August,Summer,1432
5/29/2020,20,21,Wind,150,Friday,May,Spring,4294
5/4/2021,19,20,Wind,124,Tuesday,May,Spring,10640
4/14/2021,0,1,Wind,104,Wednesday,April,Spring,4370
3/15/2022,8,9,Wind,74,Tuesday,March,Spring,4813
11/7/2023,0,1,Wind,311,Tuesday,November,Fall,7909
2/28/2020,5,6,Wind,59,Friday,February,Winter,2660
7/15/2023,16,17,Wind,196,Saturday,July,Summer,10085
8/12/2025,9,10,Solar,224,Tuesday,August,Summer,6220
6/16/2022,5,6,Wind,167,Thursday,June,Summer,1497
2/3/2025,17,18,Wind,34,Monday,February,Winter,1611
11/16/2023,4,5,Wind,320,Thursday,November,Fall,3875
3/6/2025,3,4,Wind,65,Thursday,March,Spring,7274
3/26/2021,23,0,Wind,85,Friday,March,Spring,9140
11/21/2025,11,12,Wind,325,Friday,November,Fall,8584
3/27/2020,10,11,Solar,87,Friday,March,Spring,4295
10/13/2023,7,8,Wind,286,Friday,October,Fall,12357
10/14/2022,23,0,Wind,287,Friday,October,Fall,6926
11/13/2022,11,12,Solar,317,Sunday,November,Fall,4217
5/14/2020,10,11,Wind,135,Thursday,May,Spring,10073
6/19/2024,11,12,Wind,171,Wednesday,June,Summer,9445
1/5/2022,11,12,Wind,5,Wednesday,January,Winter,7302
7/28/2021,8,9,Wind,209,Wednesday,July,Summer,3851
7/15/2023,17,18,Wind,196,Saturday,July,Summer,14187
10/26/2024,10,11,Wind,300,Saturday,October,Fall,2823
3/6/2023,13,14,Solar,65,Monday,March,Spring,6220
12/4/2020,19,20,Wind,339,Friday,December,Winter,4944
8/25/2020,10,11,Wind,238,Tuesday,August,Summer,8081
9/2/2024,22,23,Wind,246,Monday,September,Fall,641
8/10/2023,4,5,Wind,222,Thursday,August,Summer,2594
8/7/2025,5,6,Wind,219,Thursday,August,Summer,1015
4/1/2021,23,0,Wind,91,Thursday,April,Spring,7740
2/20/2024,16,17,Wind,51,Tuesday,February,Winter,6371
2/22/2024,21,22,Wind,53,Thursday,February,Winter,16997
2/14/2023,10,11,Solar,45,Tuesday,February,Winter,5994
6/20/2020,19,20,Wind,172,Saturday,June,Summer,2174
5/25/2025,20,21,Wind,145,Sunday,May,Spring,9778
2/11/2024,15,16,Wind,42,Sunday,February,Winter,15331
9/9/2024,6,7,Wind,253,Monday,September,Fall,8239
8/8/2020,19,20,Solar,221,Saturday,August,Summer,1256
4/9/2025,2,3,Wind,99,Wednesday,April,Spring,4689
4/6/2021,21,22,Wind,96,Tuesday,April,Spring,4806
2/14/2025,2,3,Wind,45,Friday,February,Winter,4219
9/12/2021,11,12,Solar,255,Sunday,September,Fall,4404
4/10/2021,10,11,Wind,100,Saturday,April,Spring,5953
8/1/2025,11,12,Solar,213,Friday,August,Summer,9032
4/19/2023,16,17,Solar,109,Wednesday,April,Spring,10069
1/21/2024,8,9,Wind,21,Sunday,January,Winter,12404
4/6/2024,9,10,Wind,97,Saturday,April,Spring,16321
4/29/2021,2,3,Wind,119,Thursday,April,Spring,2471
12/2/2020,7,8,Wind,337,Wednesday,December,Winter,3088
11/28/2021,0,1,Wind,332,Sunday,November,Fall,8670
3/11/2023,18,19,Wind,70,Saturday,March,Spring,3908
6/4/2024,13,14,Solar,156,Tuesday,June,Summer,8950
4/17/2022,0,1,Wind,107,Sunday,April,Spring,7886
5/6/2025,0,1,Wind,126,Tuesday,May,Spring,10727
9/12/2024,3,4,Wind,256,Thursday,September,Fall,4188
12/26/2020,23,0,Wind,361,Saturday,December,Winter,12204
5/6/2022,15,16,Solar,126,Friday,May,Spring,6472
11/24/2023,19,20,Wind,328,Friday,November,Fall,10477
1/17/2025,17,18,Wind,17,Friday,January,Winter,861
7/28/2022,8,9,Solar,209,Thursday,July,Summer,2500
10/15/2023,8,9,Wind,288,Sunday,October,Fall,3908
3/17/2021,12,13,Wind,76,Wednesday,March,Spring,11247
10/3/2025,10,11,Wind,276,Friday,October,Fall,7978
6/4/2020,2,3,Wind,156,Thursday,June,Summer,2830
7/29/2025,3,4,Wind,210,Tuesday,July,Summer,2839
3/28/2024,20,21,Wind,88,Thursday,March,Spring,15521
4/4/2022,14,15,Wind,94,Monday,April,Spring,15076
10/15/2020,10,11,Wind,289,Thursday,October,Fall,5196
5/30/2020,15,16,Solar,151,Saturday,May,Spring,6710
4/1/2020,8,9,Wind,92,Wednesday,April,Spring,4222
10/18/2023,22,23,Wind,291,Wednesday,October,Fall,12351
6/7/2020,3,4,Wind,159,Sunday,June,Summer,2766
10/10/2025,7,8,Wind,283,Friday,October,Fall,2536
12/18/2024,3,4,Wind,353,Wednesday,December,Winter,13116
3/7/2023,8,9,Wind,66,Tuesday,March,Spring,7061
5/20/2021,22,23,Wind,140,Thursday,May,Spring,9069
4/8/2022,11,12,Wind,98,Friday,April,Spring,9083
4/6/2021,0,1,Wind,96,Tuesday,April,Spring,4549
12/6/2020,21,22,Wind,341,Sunday,December,Winter,1662
6/10/2023,20,21,Wind,161,Saturday,June,Summer,1747
5/23/2023,3,4,Wind,143,Tuesday,May,Spring,4394
4/13/2024,11,12,Solar,104,Saturday,April,Spring,4281
10/1/2023,16,17,Solar,274,Sunday,October,Fall,5635
11/29/2021,14,15,Wind,333,Monday,November,Fall,4402
5/22/2022,14,15,Solar,142,Sunday,May,Spring,5753
1/9/2023,3,4,Wind,9,Monday,January,Winter,15487
7/18/2025,19,20,Solar,199,Friday,July,Summer,3617
10/10/2022,16,17,Wind,283,Monday,October,Fall,4363
4/22/2022,10,11,Solar,112,Friday,April,Spring,5407
4/26/2025,7,8,Wind,116,Saturday,April,Spring,4323
11/18/2021,15,16,Solar,322,Thursday,November,Fall,2705
4/23/2022,12,13,Wind,113,Saturday,April,Spring,7590
5/21/2022,16,17,Solar,141,Saturday,May,Spring,5160
10/3/2025,2,3,Wind,276,Friday,October,Fall,5560
8/28/2023,13,14,Solar,240,Monday,August,Summer,7961
1/28/2020,16,17,Wind,28,Tuesday,January,Winter,11897
5/23/2020,8,9,Wind,144,Saturday,May,Spring,4079
7/29/2020,14,15,Solar,211,Wednesday,July,Summer,3995
8/4/2024,12,13,Solar,217,Sunday,August,Summer,7542
9/29/2021,18,19,Wind,272,Wednesday,September,Fall,6196
8/29/2024,9,10,Solar,242,Thursday,August,Summer,4187
7/22/2022,20,21,Wind,203,Friday,July,Summer,2407
5/10/2021,19,20,Wind,130,Monday,May,Spring,3236
5/21/2024,0,1,Wind,142,Tuesday,May,Spring,2868
9/6/2024,11,12,Solar,250,Friday,September,Fall,5349
3/16/2023,8,9,Wind,75,Thursday,March,Spring,9438
7/13/2023,10,11,Solar,194,Thursday,July,Summer,6890
11/15/2024,8,9,Wind,320,Friday,November,Fall,2684
7/12/2020,0,1,Wind,194,Sunday,July,Summer,4962
4/6/2021,2,3,Wind,96,Tuesday,April,Spring,5120
9/24/2025,12,13,Wind,267,Wednesday,September,Fall,10716
11/18/2022,21,22,Wind,322,Friday,November,Fall,3230
4/16/2020,22,23,Wind,107,Thursday,April,Spring,1773
4/5/2022,23,0,Wind,95,Tuesday,April,Spring,6029
8/22/2025,21,22,Wind,234,Friday,August,Summer,2688
2/25/2022,14,15,Wind,56,Friday,February,Winter,9622
5/19/2023,19,20,Wind,139,Friday,May,Spring,6972
9/4/2022,4,5,Wind,247,Sunday,September,Fall,2059
1/14/2025,16,17,Solar,14,Tuesday,January,Winter,2442
3/10/2020,21,22,Wind,70,Tuesday,March,Spring,11187
12/13/2021,21,22,Wind,347,Monday,December,Winter,1571
2/8/2021,19,20,Wind,39,Monday,February,Winter,2059
9/16/2020,18,19,Wind,260,Wednesday,September,Fall,4646
9/7/2020,10,11,Solar,251,Monday,September,Fall,3920
10/12/2024,20,21,Wind,286,Saturday,October,Fall,7029
9/30/2023,21,22,Wind,273,Saturday,September,Fall,906
11/8/2022,7,8,Wind,312,Tuesday,November,Fall,13656
10/16/2024,15,16,Wind,290,Wednesday,October,Fall,12056
3/21/2022,17,18,Wind,80,Monday,March,Spring,4620
9/17/2025,10,11,Solar,260,Wednesday,September,Fall,8661
9/22/2020,8,9,Wind,266,Tuesday,September,Fall,585
12/5/2023,22,23,Wind,339,Tuesday,December,Winter,4751
2/23/2023,3,4,Wind,54,Thursday,February,Winter,1074
9/18/2020,4,5,Wind,262,Friday,September,Fall,6154
8/12/2023,6,7,Wind,224,Saturday,August,Summer,1480
8/28/2024,18,19,Wind,241,Wednesday,August,Summer,5763
6/1/2022,14,15,Solar,152,Wednesday,June,Summer,6895
9/28/2024,21,22,Wind,272,Saturday,September,Fall,914
2/11/2020,1,2,Wind,42,Tuesday,February,Winter,12649
7/29/2021,7,8,Wind,210,Thursday,July,Summer,3667
12/13/2023,18,19,Wind,347,Wednesday,December,Winter,7837
5/24/2023,20,21,Wind,144,Wednesday,May,Spring,7497
2/18/2021,17,18,Wind,49,Thursday,February,Winter,9311
3/5/2025,9,10,Solar,64,Wednesday,March,Spring,7212
2/27/2025,18,19,Wind,58,Thursday,February,Winter,4003
7/28/2023,9,10,Wind,209,Friday,July,Summer,5928
6/18/2022,16,17,Solar,169,Saturday,June,Summer,7668
3/26/2022,23,0,Wind,85,Saturday,March,Spring,8557
8/12/2023,0,1,Wind,224,Saturday,August,Summer,1275
11/9/2023,22,23,Wind,313,Thursday,November,Fall,12712
3/24/2024,14,15,Wind,84,Sunday,March,Spring,16599
12/8/2021,14,15,Wind,342,Wednesday,December,Winter,5921
12/14/2024,3,4,Wind,349,Saturday,December,Winter,1442
9/19/2022,10,11,Solar,262,Monday,September,Fall,5655
8/28/2022,2,3,Wind,240,Sunday,August,Summer,3812
6/28/2024,5,6,Wind,180,Friday,June,Summer,3186
12/22/2022,7,8,Wind,356,Thursday,December,Winter,12902
6/16/2022,18,19,Solar,167,Thursday,June,Summer,3081
9/29/2022,14,15,Solar,272,Thursday,September,Fall,4330
10/19/2023,1,2,Wind,292,Thursday,October,Fall,10798
12/31/2023,11,12,Wind,365,Sunday,December,Winter,18515
9/14/2025,11,12,Wind,257,Sunday,September,Fall,9392
10/30/2021,11,12,Wind,303,Saturday,October,Fall,9349
1/1/2021,19,20,Wind,1,Friday,January,Winter,1425
5/2/2022,8,9,Wind,122,Monday,May,Spring,2702
10/28/2023,17,18,Wind,301,Saturday,October,Fall,14258
8/3/2021,17,18,Wind,215,Tuesday,August,Summer,3270
7/10/2022,3,4,Wind,191,Sunday,July,Summer,4839
4/28/2025,9,10,Solar,118,Monday,April,Spring,5404
1/5/2025,6,7,Wind,5,Sunday,January,Winter,15783
1/31/2020,18,19,Wind,31,Friday,January,Winter,7282
8/9/2023,14,15,Solar,221,Wednesday,August,Summer,7734
12/12/2022,14,15,Wind,346,Monday,December,Winter,3435
6/9/2025,4,5,Wind,160,Monday,June,Summer,1873
4/16/2020,23,0,Wind,107,Thursday,April,Spring,2013
12/7/2021,13,14,Wind,341,Tuesday,December,Winter,12158
3/8/2025,16,17,Wind,67,Saturday,March,Spring,13555
6/8/2023,17,18,Solar,159,Thursday,June,Summer,6122
5/22/2021,4,5,Wind,142,Saturday,May,Spring,9312
6/29/2025,3,4,Wind,180,Sunday,June,Summer,3072
11/29/2022,22,23,Wind,333,Tuesday,November,Fall,1071
7/23/2025,8,9,Solar,204,Wednesday,July,Summer,2689
8/26/2024,15,16,Solar,239,Monday,August,Summer,9509
8/9/2024,16,17,Solar,222,Friday,August,Summer,11780
5/16/2022,15,16,Solar,136,Monday,May,Spring,6963
3/1/2021,7,8,Wind,60,Monday,March,Spring,4589
3/10/2025,23,0,Wind,69,Monday,March,Spring,1370
10/11/2022,5,6,Wind,284,Tuesday,October,Fall,2707
9/27/2024,8,9,Wind,271,Friday,September,Fall,15369
4/2/2022,17,18,Wind,92,Saturday,April,Spring,10976
10/12/2024,23,0,Wind,286,Saturday,October,Fall,8290
11/28/2023,15,16,Wind,332,Tuesday,November,Fall,2821
6/12/2025,6,7,Wind,163,Thursday,June,Summer,6947
7/1/2020,2,3,Wind,183,Wednesday,July,Summer,3252
1/20/2022,13,14,Wind,20,Thursday,January,Winter,6533
10/5/2022,14,15,Wind,278,Wednesday,October,Fall,15673
1/21/2022,3,4,Wind,21,Friday,January,Winter,5070
8/11/2023,10,11,Solar,223,Friday,August,Summer,5430
9/4/2023,8,9,Wind,247,Monday,September,Fall,7729
5/25/2025,7,8,Wind,145,Sunday,May,Spring,9310
12/11/2020,4,5,Wind,346,Friday,December,Winter,7890
7/7/2023,2,3,Wind,188,Friday,July,Summer,3866
6/14/2023,7,8,Wind,165,Wednesday,June,Summer,3207
10/2/2020,18,19,Wind,276,Friday,October,Fall,3073
12/31/2020,9,10,Wind,366,Thursday,December,Winter,4838
8/8/2025,16,17,Solar,220,Friday,August,Summer,8376
1/2/2022,13,14,Wind,2,Sunday,January,Winter,12811
2/28/2023,3,4,Wind,59,Tuesday,February,Winter,8930
9/27/2021,10,11,Wind,270,Monday,September,Fall,8562
9/18/2023,15,16,Wind,261,Monday,September,Fall,14776
1/27/2025,0,1,Wind,27,Monday,January,Winter,18951
12/11/2021,2,3,Wind,345,Saturday,December,Winter,8663
5/3/2021,0,1,Wind,123,Monday,May,Spring,781
1/15/2023,22,23,Wind,15,Sunday,January,Winter,14417
7/20/2022,7,8,Wind,201,Wednesday,July,Summer,2309
5/1/2020,14,15,Wind,122,Friday,May,Spring,8815
9/28/2024,13,14,Solar,272,Saturday,September,Fall,8736
11/9/2025,6,7,Wind,313,Sunday,November,Fall,2347
1/18/2023,20,21,Wind,18,Wednesday,January,Winter,5086
4/16/2021,3,4,Wind,106,Friday,April,Spring,5432
7/10/2020,5,6,Wind,192,Friday,July,Summer,3206
3/7/2024,10,11,Solar,67,Thursday,March,Spring,10254
12/27/2023,19,20,Wind,361,Wednesday,December,Winter,16623
2/28/2021,16,17,Wind,59,Sunday,February,Winter,7579
3/22/2025,13,14,Wind,81,Saturday,March,Spring,9746
5/26/2020,9,10,Solar,147,Tuesday,May,Spring,3767
6/13/2023,7,8,Wind,164,Tuesday,June,Summer,3243
4/7/2020,6,7,Wind,98,Tuesday,April,Spring,2169
9/9/2025,12,13,Solar,252,Tuesday,September,Fall,8511
12/1/2024,14,15,Wind,336,Sunday,December,Winter,9481
11/21/2020,16,17,Wind,326,Saturday,November,Fall,2632
3/9/2025,23,0,Wind,68,Sunday,March,Spring,2161
2/1/2023,12,13,Wind,32,Wednesday,February,Winter,11188
3/16/2025,12,13,Wind,75,Sunday,March,Spring,12574
8/16/2022,23,0,Wind,228,Tuesday,August,Summer,1489
7/24/2024,18,19,Solar,206,Wednesday,July,Summer,4907
10/8/2021,1,2,Wind,281,Friday,October,Fall,3528
9/1/2021,22,23,Wind,244,Wednesday,September,Fall,6966
4/6/2021,19,20,Wind,96,Tuesday,April,Spring,7552
6/24/2021,9,10,Solar,175,Thursday,June,Summer,3148
9/3/2020,18,19,Wind,247,Thursday,September,Fall,3529
6/4/2023,18,19,Wind,155,Sunday,June,Summer,7588
2/6/2025,14,15,Wind,37,Thursday,February,Winter,13367
4/2/2023,14,15,Wind,92,Sunday,April,Spring,12201
1/3/2022,14,15,Wind,3,Monday,January,Winter,11791
9/20/2023,18,19,Wind,263,Wednesday,September,Fall,10294
7/30/2025,7,8,Wind,211,Wednesday,July,Summer,1698
11/3/2025,0,1,Wind,307,Monday,November,Fall,7546
4/6/2024,21,22,Wind,97,Saturday,April,Spring,9351
7/10/2021,2,3,Wind,191,Saturday,July,Summer,345
7/1/2023,0,1,Wind,182,Saturday,July,Summer,7413
8/27/2023,12,13,Wind,239,Sunday,August,Summer,8873
7/18/2022,7,8,Wind,199,Monday,July,Summer,3978
6/7/2021,11,12,Solar,158,Monday,June,Summer,4355
3/11/2020,20,21,Wind,71,Wednesday,March,Spring,10029
5/12/2024,16,17,Solar,133,Sunday,May,Spring,3703
1/10/2020,9,10,Wind,10,Friday,January,Winter,6776
12/21/2021,11,12,Solar,355,Tuesday,December,Winter,3572
4/23/2022,5,6,Wind,113,Saturday,April,Spring,6090
10/3/2020,7,8,Wind,277,Saturday,October,Fall,3331
2/2/2020,4,5,Wind,33,Sunday,February,Winter,7968
4/13/2020,18,19,Wind,104,Monday,April,Spring,11443
2/18/2022,2,3,Wind,49,Friday,February,Winter,8034
7/23/2021,0,1,Wind,204,Friday,July,Summer,4087
11/26/2021,20,21,Wind,330,Friday,November,Fall,10635
10/23/2023,21,22,Wind,296,Monday,October,Fall,4301
8/9/2023,2,3,Wind,221,Wednesday,August,Summer,3277
2/15/2024,23,0,Wind,46,Thursday,February,Winter,10820
6/7/2025,7,8,Wind,158,Saturday,June,Summer,7646
3/4/2024,15,16,Wind,64,Monday,March,Spring,7130
5/15/2025,11,12,Solar,135,Thursday,May,Spring,6848
2/13/2022,20,21,Wind,44,Sunday,February,Winter,15083
6/21/2025,11,12,Solar,172,Saturday,June,Summer,9347
3/9/2022,9,10,Wind,68,Wednesday,March,Spring,6074
12/13/2023,12,13,Wind,347,Wednesday,December,Winter,7647
9/12/2021,8,9,Wind,255,Sunday,September,Fall,1451
8/15/2022,8,9,Wind,227,Monday,August,Summer,3458
11/29/2025,3,4,Wind,333,Saturday,November,Fall,6318
6/24/2022,10,11,Wind,175,Friday,June,Summer,5472
1/10/2020,23,0,Wind,10,Friday,January,Winter,1537
11/23/2021,3,4,Wind,327,Tuesday,November,Fall,8484
4/5/2020,12,13,Wind,96,Sunday,April,Spring,8392
2/3/2021,18,19,Wind,34,Wednesday,February,Winter,10639
10/29/2020,7,8,Wind,303,Thursday,October,Fall,7293
11/11/2020,19,20,Wind,316,Wednesday,November,Fall,5774
2/13/2022,6,7,Wind,44,Sunday,February,Winter,9347
11/15/2023,18,19,Wind,319,Wednesday,November,Fall,4867
1/14/2021,12,13,Wind,14,Thursday,January,Winter,10297
7/20/2021,18,19,Solar,201,Tuesday,July,Summer,4128
5/22/2021,8,9,Wind,142,Saturday,May,Spring,11778
9/9/2023,18,19,Solar,252,Saturday,September,Fall,2748
11/19/2023,17,18,Wind,323,Sunday,November,Fall,12597
8/19/2024,22,23,Wind,232,Monday,August,Summer,2712
4/1/2025,18,19,Wind,91,Tuesday,April,Spring,19436
3/2/2025,23,0,Wind,61,Sunday,March,Spring,4887
1/17/2022,7,8,Wind,17,Monday,January,Winter,1452
10/18/2021,9,10,Wind,291,Monday,October,Fall,3701
8/12/2021,13,14,Solar,224,Thursday,August,Summer,4221
3/27/2022,23,0,Wind,86,Sunday,March,Spring,2329
11/17/2025,7,8,Wind,321,Monday,November,Fall,8218
10/31/2025,11,12,Wind,304,Friday,October,Fall,13615
8/4/2021,18,19,Wind,216,Wednesday,August,Summer,2904
10/30/2022,21,22,Wind,303,Sunday,October,Fall,2253
7/30/2024,8,9,Solar,212,Tuesday,July,Summer,2686
11/26/2023,5,6,Wind,330,Sunday,November,Fall,2384
10/17/2023,0,1,Wind,290,Tuesday,October,Fall,8478
9/15/2025,4,5,Wind,258,Monday,September,Fall,9643
8/18/2024,17,18,Wind,231,Sunday,August,Summer,8367
8/23/2025,1,2,Wind,235,Saturday,August,Summer,2481
9/5/2020,17,18,Wind,249,Saturday,September,Fall,4696
4/17/2023,3,4,Wind,107,Monday,April,Spring,3385
11/5/2022,3,4,Wind,309,Saturday,November,Fall,2791
5/29/2022,20,21,Wind,149,Sunday,May,Spring,4128
1/12/2021,12,13,Wind,12,Tuesday,January,Winter,12490
2/13/2021,8,9,Wind,44,Saturday,February,Winter,7990
6/25/2024,0,1,Wind,177,Tuesday,June,Summer,5463
9/11/2021,13,14,Solar,254,Saturday,September,Fall,5588
8/15/2022,19,20,Wind,227,Monday,August,Summer,3225
2/10/2023,8,9,Wind,41,Friday,February,Winter,1541
3/8/2020,3,4,Wind,68,Sunday,March,Spring,8612
5/10/2025,23,0,Wind,130,Saturday,May,Spring,8375
5/16/2022,4,5,Wind,136,Monday,May,Spring,4773
10/29/2020,1,2,Wind,303,Thursday,October,Fall,10215
11/12/2022,1,2,Wind,316,Saturday,November,Fall,4317
7/2/2024,19,20,Wind,184,Tuesday,July,Summer,5455
3/21/2022,0,1,Wind,80,Monday,March,Spring,3992
9/23/2024,18,19,Wind,267,Monday,September,Fall,6406
9/9/2021,7,8,Wind,252,Thursday,September,Fall,1856
6/13/2021,6,7,Wind,164,Sunday,June,Summer,2413
12/11/2020,14,15,Wind,346,Friday,December,Winter,6645
5/18/2022,10,11,Solar,138,Wednesday,May,Spring,4887
11/28/2021,16,17,Wind,332,Sunday,November,Fall,7293
11/18/2023,13,14,Wind,322,Saturday,November,Fall,15251
8/7/2022,13,14,Solar,219,Sunday,August,Summer,10953
10/31/2025,10,11,Wind,304,Friday,October,Fall,13356
8/20/2022,3,4,Wind,232,Saturday,August,Summer,2442
7/28/2025,23,0,Wind,209,Monday,July,Summer,2989
11/25/2020,8,9,Wind,330,Wednesday,November,Fall,6232
3/2/2020,16,17,Wind,62,Monday,March,Spring,9004
6/19/2025,17,18,Solar,170,Thursday,June,Summer,9997
6/16/2020,10,11,Solar,168,Tuesday,June,Summer,2847
5/5/2022,18,19,Wind,125,Thursday,May,Spring,4773
1/24/2022,5,6,Wind,24,Monday,January,Winter,3152
4/10/2022,4,5,Wind,100,Sunday,April,Spring,1159
6/25/2022,9,10,Solar,176,Saturday,June,Summer,3517
1/4/2024,3,4,Wind,4,Thursday,January,Winter,14378
11/4/2022,18,19,Wind,308,Friday,November,Fall,6204
9/11/2022,9,10,Solar,254,Sunday,September,Fall,3065
2/3/2025,15,16,Solar,34,Monday,February,Winter,5030
12/23/2020,4,5,Wind,358,Wednesday,December,Winter,6510
11/16/2025,9,10,Wind,320,Sunday,November,Fall,3904
1/27/2024,7,8,Wind,27,Saturday,January,Winter,3182
7/25/2022,20,21,Wind,206,Monday,July,Summer,8397
6/20/2020,23,0,Wind,172,Saturday,June,Summer,1426
1/16/2024,14,15,Solar,16,Tuesday,January,Winter,2836
3/18/2020,5,6,Wind,78,Wednesday,March,Spring,912
3/10/2020,6,7,Wind,70,Tuesday,March,Spring,11868
6/10/2020,3,4,Wind,162,Wednesday,June,Summer,1641
2/2/2020,22,23,Wind,33,Sunday,February,Winter,7810
12/16/2022,20,21,Wind,350,Friday,December,Winter,3067
4/29/2024,2,3,Wind,120,Monday,April,Spring,1955
3/31/2020,3,4,Wind,91,Tuesday,March,Spring,6413
2/14/2024,5,6,Wind,45,Wednesday,February,Winter,8443
5/30/2024,13,14,Wind,151,Thursday,May,Spring,11121
10/29/2022,2,3,Wind,302,Saturday,October,Fall,4725
10/1/2025,8,9,Wind,274,Wednesday,October,Fall,2697
9/17/2022,22,23,Wind,260,Saturday,September,Fall,3752
6/20/2022,19,20,Wind,171,Monday,June,Summer,5153
10/17/2020,0,1,Wind,291,Saturday,October,Fall,1180
1/23/2025,7,8,Wind,23,Thursday,January,Winter,5575
5/26/2022,22,23,Wind,146,Thursday,May,Spring,4395
6/7/2020,7,8,Wind,159,Sunday,June,Summer,1900
3/16/2025,20,21,Wind,75,Sunday,March,Spring,5953
9/28/2020,14,15,Wind,272,Monday,September,Fall,6422
5/13/2025,14,15,Solar,133,Tuesday,May,Spring,3975
10/6/2024,15,16,Wind,280,Sunday,October,Fall,10529
5/26/2021,16,17,Wind,146,Wednesday,May,Spring,9676
5/6/2023,20,21,Wind,126,Saturday,May,Spring,1401
10/10/2020,18,19,Wind,284,Saturday,October,Fall,4564
6/18/2022,12,13,Solar,169,Saturday,June,Summer,7191
7/18/2023,0,1,Wind,199,Tuesday,July,Summer,1191
3/15/2021,21,22,Wind,74,Monday,March,Spring,5328
11/15/2024,18,19,Wind,320,Friday,November,Fall,1582
2/23/2020,6,7,Wind,54,Sunday,February,Winter,10947
10/14/2024,21,22,Wind,288,Monday,October,Fall,731
1/19/2024,14,15,Solar,19,Friday,January,Winter,4288
12/3/2021,1,2,Wind,337,Friday,December,Winter,2552
2/20/2020,6,7,Wind,51,Thursday,February,Winter,6755
9/24/2020,12,13,Wind,268,Thursday,September,Fall,9152
1/8/2022,16,17,Wind,8,Saturday,January,Winter,15253
7/19/2021,5,6,Wind,200,Monday,July,Summer,4541
6/1/2021,15,16,Solar,152,Tuesday,June,Summer,6304
4/10/2021,5,6,Wind,100,Saturday,April,Spring,3562
1/12/2021,9,10,Wind,12,Tuesday,January,Winter,13078
6/17/2023,4,5,Wind,168,Saturday,June,Summer,893
3/14/2024,12,13,Solar,74,Thursday,March,Spring,9953
7/30/2020,18,19,Solar,212,Thursday,July,Summer,2588
12/7/2023,19,20,Wind,341,Thursday,December,Winter,11616
12/5/2020,14,15,Wind,340,Saturday,December,Winter,6382
6/16/2022,12,13,Solar,167,Thursday,June,Summer,6807
9/6/2020,19,20,Wind,250,Sunday,September,Fall,2002
1/17/2025,1,2,Wind,17,Friday,January,Winter,2337
7/27/2024,4,5,Wind,209,Saturday,July,Summer,484
4/23/2025,7,8,Wind,113,Wednesday,April,Spring,9282
7/2/2021,21,22,Wind,183,Friday,July,Summer,761
5/30/2022,0,1,Wind,150,Monday,May,Spring,4567
9/19/2020,10,11,Wind,263,Saturday,September,Fall,3546
4/12/2022,5,6,Wind,102,Tuesday,April,Spring,7992
3/10/2025,18,19,Wind,69,Monday,March,Spring,749
10/10/2020,14,15,Wind,284,Saturday,October,Fall,7237
11/13/2024,5,6,Wind,318,Wednesday,November,Fall,6598
2/27/2020,22,23,Wind,58,Thursday,February,Winter,6021
1/21/2025,21,22,Wind,21,Tuesday,January,Winter,7036
3/8/2025,15,16,Wind,67,Saturday,March,Spring,14806
10/15/2023,21,22,Wind,288,Sunday,October,Fall,5164
8/8/2021,7,8,Wind,220,Sunday,August,Summer,4708
4/3/2020,9,10,Solar,94,Friday,April,Spring,2778
4/11/2021,10,11,Wind,101,Sunday,April,Spring,7157
7/5/2020,13,14,Wind,187,Sunday,July,Summer,11252
10/27/2025,22,23,Wind,300,Monday,October,Fall,8513
12/1/2023,22,23,Wind,335,Friday,December,Winter,4845
11/9/2021,13,14,Solar,313,Tuesday,November,Fall,4642
1/25/2020,18,19,Wind,25,Saturday,January,Winter,1541
7/1/2022,17,18,Solar,182,Friday,July,Summer,5623
4/1/2023,12,13,Wind,91,Saturday,April,Spring,17592
2/17/2024,8,9,Wind,48,Saturday,February,Winter,2567
3/18/2021,0,1,Wind,77,Thursday,March,Spring,4446
11/26/2020,0,1,Wind,331,Thursday,November,Fall,3078
3/16/2025,2,3,Wind,75,Sunday,March,Spring,9153
12/29/2020,10,11,Wind,364,Tuesday,December,Winter,4715
2/14/2022,15,16,Wind,45,Monday,February,Winter,8457
10/10/2021,10,11,Solar,283,Sunday,October,Fall,3224
12/28/2022,22,23,Wind,362,Wednesday,December,Winter,16048
2/1/2025,17,18,Wind,32,Saturday,February,Winter,2067
5/15/2024,23,0,Wind,136,Wednesday,May,Spring,1891
4/25/2021,12,13,Wind,115,Sunday,April,Spring,10647
9/11/2021,9,10,Solar,254,Saturday,September,Fall,2694
6/8/2021,13,14,Solar,159,Tuesday,June,Summer,4944
5/10/2024,13,14,Solar,131,Friday,May,Spring,11358
3/17/2023,3,4,Wind,76,Friday,March,Spring,6971
4/30/2020,12,13,Wind,121,Thursday,April,Spring,10827
7/2/2022,7,8,Wind,183,Saturday,July,Summer,1821
7/19/2022,12,13,Solar,200,Tuesday,July,Summer,10151
5/16/2022,10,11,Solar,136,Monday,May,Spring,7588
1/31/2023,21,22,Wind,31,Tuesday,January,Winter,6119
4/5/2021,18,19,Wind,95,Monday,April,Spring,9721
6/15/2021,14,15,Solar,166,Tuesday,June,Summer,4881
10/13/2022,19,20,Wind,286,Thursday,October,Fall,3752
8/9/2024,17,18,Wind,222,Friday,August,Summer,11115
12/14/2020,23,0,Wind,349,Monday,December,Winter,6175
7/17/2020,8,9,Wind,199,Friday,July,Summer,2074
5/17/2022,14,15,Solar,137,Tuesday,May,Spring,7524
3/16/2024,5,6,Wind,76,Saturday,March,Spring,6169
9/1/2023,11,12,Solar,244,Friday,September,Fall,10057
5/6/2021,9,10,Wind,126,Thursday,May,Spring,4709
4/3/2020,15,16,Solar,94,Friday,April,Spring,4672
3/22/2025,2,3,Wind,81,Saturday,March,Spring,9814
5/19/2024,8,9,Solar,140,Sunday,May,Spring,2111
4/5/2024,22,23,Wind,96,Friday,April,Spring,8341
6/17/2024,18,19,Solar,169,Monday,June,Summer,4536
1/13/2020,23,0,Wind,13,Monday,January,Winter,12067
4/9/2023,4,5,Wind,99,Sunday,April,Spring,3277
7/13/2025,11,12,Solar,194,Sunday,July,Summer,8642
10/21/2020,1,2,Wind,295,Wednesday,October,Fall,8525
9/2/2021,21,22,Wind,245,Thursday,September,Fall,5182
8/9/2024,14,15,Solar,222,Friday,August,Summer,7776
11/4/2023,21,22,Wind,308,Saturday,November,Fall,15364
12/10/2020,23,0,Wind,345,Thursday,December,Winter,7155
3/26/2021,4,5,Wind,85,Friday,March,Spring,3310
5/5/2023,8,9,Wind,125,Friday,May,Spring,3564
7/29/2022,22,23,Wind,210,Friday,July,Summer,2221
11/7/2022,9,10,Wind,311,Monday,November,Fall,13020
2/24/2024,5,6,Wind,55,Saturday,February,Winter,7647
8/11/2022,18,19,Wind,223,Thursday,August,Summer,5645
7/6/2023,2,3,Wind,187,Thursday,July,Summer,1216
2/10/2021,0,1,Wind,41,Wednesday,February,Winter,8028
12/16/2023,0,1,Wind,350,Saturday,December,Winter,2079
12/25/2024,7,8,Wind,360,Wednesday,December,Winter,1456
9/14/2024,18,19,Wind,258,Saturday,September,Fall,5204
4/10/2025,15,16,Solar,100,Thursday,April,Spring,7062
11/4/2021,10,11,Wind,308,Thursday,November,Fall,4756
1/22/2023,18,19,Wind,22,Sunday,January,Winter,3778
3/2/2025,4,5,Wind,61,Sunday,March,Spring,9188
1/25/2023,14,15,Solar,25,Wednesday,January,Winter,2569
9/10/2020,20,21,Wind,254,Thursday,September,Fall,1520
7/27/2025,10,11,Solar,208,Sunday,July,Summer,6833
1/10/2025,22,23,Wind,10,Friday,January,Winter,2750
11/24/2023,0,1,Wind,328,Friday,November,Fall,8408
4/6/2020,22,23,Wind,97,Monday,April,Spring,966
7/22/2024,9,10,Solar,204,Monday,July,Summer,6427
3/12/2021,10,11,Wind,71,Friday,March,Spring,13843
10/7/2020,11,12,Wind,281,Wednesday,October,Fall,7758
1/6/2022,22,23,Wind,6,Thursday,January,Winter,8061
10/8/2024,21,22,Wind,282,Tuesday,October,Fall,13480
3/21/2022,1,2,Wind,80,Monday,March,Spring,3843
11/11/2022,20,21,Wind,315,Friday,November,Fall,4636
9/6/2022,9,10,Solar,249,Tuesday,September,Fall,3950
8/17/2024,17,18,Solar,230,Saturday,August,Summer,4697
9/18/2022,4,5,Wind,261,Sunday,September,Fall,2468
11/7/2024,23,0,Wind,312,Thursday,November,Fall,3132
3/18/2020,9,10,Solar,78,Wednesday,March,Spring,2451
3/22/2021,17,18,Wind,81,Monday,March,Spring,4096
10/11/2020,9,10,Wind,285,Sunday,October,Fall,3648
7/12/2022,8,9,Solar,193,Tuesday,July,Summer,2983
11/20/2021,19,20,Wind,324,Saturday,November,Fall,236
10/21/2024,17,18,Wind,295,Monday,October,Fall,5157
7/20/2025,10,11,Wind,201,Sunday,July,Summer,8828
8/26/2021,1,2,Wind,238,Thursday,August,Summer,3657
8/19/2023,14,15,Solar,231,Saturday,August,Summer,8401
4/6/2020,19,20,Wind,97,Monday,April,Spring,1385
12/16/2021,10,11,Wind,350,Thursday,December,Winter,4476
2/16/2023,17,18,Wind,47,Thursday,February,Winter,7058
8/24/2022,1,2,Wind,236,Wednesday,August,Summer,761
12/24/2022,12,13,Wind,358,Saturday,December,Winter,6293
11/17/2020,3,4,Wind,322,Tuesday,November,Fall,4521
5/7/2025,11,12,Solar,127,Wednesday,May,Spring,11797
5/7/2020,5,6,Wind,128,Thursday,May,Spring,2084
11/14/2023,7,8,Wind,318,Tuesday,November,Fall,11741
11/5/2022,14,15,Wind,309,Saturday,November,Fall,7136
2/22/2023,7,8,Wind,53,Wednesday,February,Winter,3325
7/26/2020,8,9,Wind,208,Sunday,July,Summer,3846
4/1/2025,4,5,Wind,91,Tuesday,April,Spring,10679
9/2/2020,12,13,Solar,246,Wednesday,September,Fall,4398
5/6/2021,16,17,Wind,126,Thursday,May,Spring,8681
12/29/2023,14,15,Wind,363,Friday,December,Winter,15215
4/15/2024,18,19,Wind,106,Monday,April,Spring,17967
2/18/2023,20,21,Wind,49,Saturday,February,Winter,7421
11/13/2020,11,12,Wind,318,Friday,November,Fall,7388
1/19/2021,20,21,Wind,19,Tuesday,January,Winter,11476
8/11/2023,9,10,Solar,223,Friday,August,Summer,4059
9/13/2020,16,17,Solar,257,Sunday,September,Fall,3213
11/27/2024,17,18,Wind,332,Wednesday,November,Fall,12902
10/23/2020,13,14,Wind,297,Friday,October,Fall,4235
6/15/2023,4,5,Wind,166,Thursday,June,Summer,2308
8/27/2025,21,22,Wind,239,Wednesday,August,Summer,1556
6/24/2025,3,4,Wind,175,Tuesday,June,Summer,2498
12/25/2021,23,0,Wind,359,Saturday,December,Winter,1551
11/30/2024,14,15,Solar,335,Saturday,November,Fall,4004
2/20/2025,18,19,Wind,51,Thursday,February,Winter,8106
7/18/2024,18,19,Solar,200,Thursday,July,Summer,4225
8/25/2024,6,7,Wind,238,Sunday,August,Summer,3859
7/9/2023,17,18,Solar,190,Sunday,July,Summer,5804
1/20/2023,0,1,Wind,20,Friday,January,Winter,1856
4/21/2022,8,9,Wind,111,Thursday,April,Spring,3414
7/10/2025,2,3,Wind,191,Thursday,July,Summer,2497
8/1/2020,4,5,Wind,214,Saturday,August,Summer,1790
7/25/2025,16,17,Solar,206,Friday,July,Summer,9149
10/15/2025,14,15,Solar,288,Wednesday,October,Fall,10830
1/27/2023,16,17,Wind,27,Friday,January,Winter,8128
4/6/2021,16,17,Wind,96,Tuesday,April,Spring,11811
12/18/2021,19,20,Wind,352,Saturday,December,Winter,6176
12/30/2024,7,8,Wind,365,Monday,December,Winter,737
4/11/2025,5,6,Wind,101,Friday,April,Spring,3498
10/27/2024,21,22,Wind,301,Sunday,October,Fall,354
9/7/2020,5,6,Wind,251,Monday,September,Fall,1634
3/18/2025,9,10,Wind,77,Tuesday,March,Spring,15078
1/30/2024,23,0,Wind,30,Tuesday,January,Winter,872
9/2/2025,6,7,Wind,245,Tuesday,September,Fall,6994
5/25/2021,16,17,Wind,145,Tuesday,May,Spring,14361
6/9/2021,12,13,Solar,160,Wednesday,June,Summer,5010
9/2/2022,15,16,Solar,245,Friday,September,Fall,4587
3/11/2022,15,16,Wind,70,Friday,March,Spring,13916
11/11/2021,6,7,Wind,315,Thursday,November,Fall,959
5/19/2020,2,3,Wind,140,Tuesday,May,Spring,4172
8/16/2021,3,4,Wind,228,Monday,August,Summer,3477
9/5/2022,17,18,Wind,248,Monday,September,Fall,6757
6/27/2022,14,15,Solar,178,Monday,June,Summer,7149
12/27/2022,16,17,Wind,361,Tuesday,December,Winter,5819
9/9/2023,7,8,Wind,252,Saturday,September,Fall,2366
12/9/2021,2,3,Wind,343,Thursday,December,Winter,5973
6/20/2020,7,8,Wind,172,Saturday,June,Summer,878
4/6/2020,4,5,Wind,97,Monday,April,Spring,7748
10/18/2024,2,3,Wind,292,Friday,October,Fall,5599
8/11/2022,7,8,Wind,223,Thursday,August,Summer,4509
3/23/2025,7,8,Wind,82,Sunday,March,Spring,5083
9/1/2020,23,0,Wind,245,Tuesday,September,Fall,2409
3/8/2023,23,0,Wind,67,Wednesday,March,Spring,15283
2/6/2021,1,2,Wind,37,Saturday,February,Winter,2397
3/22/2021,21,22,Wind,81,Monday,March,Spring,2801
10/19/2020,7,8,Wind,293,Monday,October,Fall,2726
7/9/2020,14,15,Solar,191,Thursday,July,Summer,7338
4/1/2024,11,12,Wind,92,Monday,April,Spring,13534
4/19/2024,22,23,Wind,110,Friday,April,Spring,8252
12/7/2023,20,21,Wind,341,Thursday,December,Winter,11086
4/29/2025,11,12,Solar,119,Tuesday,April,Spring,10040
1/15/2021,7,8,Wind,15,Friday,January,Winter,6251
9/22/2025,1,2,Wind,265,Monday,September,Fall,7693
8/17/2023,2,3,Wind,229,Thursday,August,Summer,2308
6/11/2025,3,4,Wind,162,Wednesday,June,Summer,2243
7/12/2023,1,2,Wind,193,Wednesday,July,Summer,3524
1/28/2025,18,19,Wind,28,Tuesday,January,Winter,18923
8/14/2020,7,8,Wind,227,Friday,August,Summer,2012
5/18/2025,4,5,Wind,138,Sunday,May,Spring,2653
8/15/2025,19,20,Wind,227,Friday,August,Summer,5806
2/19/2025,15,16,Solar,50,Wednesday,February,Winter,6522
11/22/2023,11,12,Wind,326,Wednesday,November,Fall,7927
1/19/2025,7,8,Wind,19,Sunday,January,Winter,769
12/8/2024,10,11,Wind,343,Sunday,December,Winter,17862
2/7/2022,7,8,Wind,38,Monday,February,Winter,5299
3/31/2020,20,21,Wind,91,Tuesday,March,Spring,7584
2/20/2023,12,13,Solar,51,Monday,February,Winter,7440
5/9/2024,12,13,Solar,130,Thursday,May,Spring,5656
8/22/2020,22,23,Wind,235,Saturday,August,Summer,3876
4/5/2023,9,10,Solar,95,Wednesday,April,Spring,4064
8/14/2020,10,11,Solar,227,Friday,August,Summer,3767
8/12/2023,19,20,Wind,224,Saturday,August,Summer,4643
9/20/2020,0,1,Wind,264,Sunday,September,Fall,1794
12/9/2023,19,20,Wind,343,Saturday,December,Winter,17844
8/7/2022,23,0,Wind,219,Sunday,August,Summer,7226
10/5/2020,17,18,Wind,279,Monday,October,Fall,10309
10/18/2022,18,19,Wind,291,Tuesday,October,Fall,2808
6/13/2020,12,13,Wind,165,Saturday,June,Summer,5469
10/3/2024,20,21,Wind,277,Thursday,October,Fall,5982
6/5/2025,16,17,Wind,156,Thursday,June,Summer,9695
11/16/2021,1,2,Wind,320,Tuesday,November,Fall,869
2/16/2025,4,5,Wind,47,Sunday,February,Winter,3812
5/1/2025,1,2,Wind,121,Thursday,May,Spring,6010
3/25/2025,22,23,Wind,84,Tuesday,March,Spring,3477
10/13/2023,18,19,Wind,286,Friday,October,Fall,14936
11/2/2024,1,2,Wind,307,Saturday,November,Fall,1474
8/5/2025,19,20,Wind,217,Tuesday,August,Summer,8978
1/3/2025,19,20,Wind,3,Friday,January,Winter,3424
10/18/2025,7,8,Wind,291,Saturday,October,Fall,5680
11/21/2025,10,11,Wind,325,Friday,November,Fall,7895
3/14/2021,11,12,Wind,73,Sunday,March,Spring,13005
1/18/2021,11,12,Wind,18,Monday,January,Winter,5336
4/27/2022,17,18,Wind,117,Wednesday,April,Spring,8140
2/7/2020,13,14,Wind,38,Friday,February,Winter,5641
8/30/2021,5,6,Wind,242,Monday,August,Summer,2958
6/13/2023,4,5,Wind,164,Tuesday,June,Summer,2835
7/21/2022,18,19,Solar,202,Thursday,July,Summer,3527
11/6/2025,9,10,Wind,310,Thursday,November,Fall,6706
10/7/2025,8,9,Wind,280,Tuesday,October,Fall,2045
7/14/2023,21,22,Wind,195,Friday,July,Summer,7604
8/2/2021,16,17,Solar,214,Monday,August,Summer,5176
5/3/2022,7,8,Wind,123,Tuesday,May,Spring,3380
1/14/2021,0,1,Wind,14,Thursday,January,Winter,8733
10/6/2025,4,5,Wind,279,Monday,October,Fall,3869
4/4/2024,7,8,Wind,95,Thursday,April,Spring,15683
2/17/2022,0,1,Wind,48,Thursday,February,Winter,15660
1/14/2021,18,19,Wind,14,Thursday,January,Winter,10513
1/23/2024,17,18,Wind,23,Tuesday,January,Winter,16343
11/8/2023,23,0,Wind,312,Wednesday,November,Fall,13683
10/30/2025,19,20,Wind,303,Thursday,October,Fall,6800
6/9/2021,6,7,Wind,160,Wednesday,June,Summer,828
3/2/2024,23,0,Wind,62,Saturday,March,Spring,3355
10/14/2020,7,8,Wind,288,Wednesday,October,Fall,2812
8/22/2024,9,10,Solar,235,Thursday,August,Summer,7785
11/4/2025,17,18,Wind,308,Tuesday,November,Fall,12970
8/28/2023,17,18,Wind,240,Monday,August,Summer,7680
2/21/2023,22,23,Wind,52,Tuesday,February,Winter,2757
5/4/2025,21,22,Wind,124,Sunday,May,Spring,11154
9/19/2023,18,19,Wind,262,Tuesday,September,Fall,8549
3/14/2020,5,6,Wind,74,Saturday,March,Spring,2707
1/27/2024,5,6,Wind,27,Saturday,January,Winter,2417
2/19/2024,1,2,Wind,50,Monday,February,Winter,5181
1/10/2021,19,20,Wind,10,Sunday,January,Winter,4067
12/14/2024,14,15,Wind,349,Saturday,December,Winter,4718
1/18/2024,10,11,Wind,18,Thursday,January,Winter,7575
6/16/2022,7,8,Wind,167,Thursday,June,Summer,2343
1/23/2024,22,23,Wind,23,Tuesday,January,Winter,16853
8/6/2023,14,15,Wind,218,Sunday,August,Summer,17628
3/10/2025,17,18,Solar,69,Monday,March,Spring,1879
9/1/2024,6,7,Wind,245,Sunday,September,Fall,3394
2/26/2022,23,0,Wind,57,Saturday,February,Winter,9911
10/28/2025,20,21,Wind,301,Tuesday,October,Fall,6432
7/9/2020,4,5,Wind,191,Thursday,July,Summer,1360
12/24/2022,10,11,Wind,358,Saturday,December,Winter,6036
1/2/2024,17,18,Wind,2,Tuesday,January,Winter,17429
4/16/2022,15,16,Solar,106,Saturday,April,Spring,11298
2/15/2023,4,5,Wind,46,Wednesday,February,Winter,4483
2/17/2024,13,14,Solar,48,Saturday,February,Winter,7320
2/7/2024,3,4,Wind,38,Wednesday,February,Winter,16373
5/10/2020,6,7,Wind,131,Sunday,May,Spring,2043
2/4/2025,23,0,Wind,35,Tuesday,February,Winter,3060
4/18/2024,19,20,Wind,109,Thursday,April,Spring,3812
6/13/2020,14,15,Wind,165,Saturday,June,Summer,5712
7/15/2022,23,0,Wind,196,Friday,July,Summer,3960
2/8/2022,17,18,Wind,39,Tuesday,February,Winter,2555
10/28/2020,0,1,Wind,302,Wednesday,October,Fall,8025
7/3/2021,12,13,Solar,184,Saturday,July,Summer,4146
7/15/2021,13,14,Wind,196,Thursday,July,Summer,9480
6/3/2022,9,10,Solar,154,Friday,June,Summer,3007
4/19/2023,20,21,Wind,109,Wednesday,April,Spring,5832
4/20/2025,14,15,Wind,110,Sunday,April,Spring,4724
8/13/2025,16,17,Solar,225,Wednesday,August,Summer,6254
11/4/2024,8,9,Wind,309,Monday,November,Fall,3123
7/27/2022,17,18,Solar,208,Wednesday,July,Summer,5742
6/2/2023,1,2,Wind,153,Friday,June,Summer,7448
9/24/2025,21,22,Wind,267,Wednesday,September,Fall,4188
4/7/2025,5,6,Wind,97,Monday,April,Spring,5623
4/30/2020,6,7,Wind,121,Thursday,April,Spring,7964
2/20/2020,17,18,Wind,51,Thursday,February,Winter,11692
4/13/2025,0,1,Wind,103,Sunday,April,Spring,8982
3/9/2022,8,9,Wind,68,Wednesday,March,Spring,4907
10/16/2024,23,0,Wind,290,Wednesday,October,Fall,9305
2/17/2021,23,0,Wind,48,Wednesday,February,Winter,8384
2/12/2025,4,5,Wind,43,Wednesday,February,Winter,2424
6/17/2024,14,15,Solar,169,Monday,June,Summer,8345
3/16/2022,6,7,Wind,75,Wednesday,March,Spring,4232
9/21/2020,5,6,Wind,265,Monday,September,Fall,748
2/2/2023,0,1,Wind,33,Thursday,February,Winter,7717
9/1/2021,0,1,Wind,244,Wednesday,September,Fall,6336
7/3/2022,9,10,Solar,184,Sunday,July,Summer,4056
11/24/2024,16,17,Wind,329,Sunday,November,Fall,19997
2/27/2020,7,8,Wind,58,Thursday,February,Winter,10405
10/14/2023,3,4,Wind,287,Saturday,October,Fall,11104
8/8/2022,13,14,Solar,220,Monday,August,Summer,10618
1/15/2025,10,11,Solar,15,Wednesday,January,Winter,5527
6/8/2025,18,19,Wind,159,Sunday,June,Summer,9165
6/1/2021,16,17,Wind,152,Tuesday,June,Summer,5624
8/7/2024,13,14,Solar,220,Wednesday,August,Summer,8258
4/13/2020,1,2,Wind,104,Monday,April,Spring,2806
5/17/2022,18,19,Solar,137,Tuesday,May,Spring,4803
10/17/2025,15,16,Solar,290,Friday,October,Fall,10238
9/13/2024,5,6,Wind,257,Friday,September,Fall,5468
10/7/2022,15,16,Solar,280,Friday,October,Fall,5162
6/30/2020,5,6,Wind,182,Tuesday,June,Summer,3408
3/2/2021,1,2,Wind,61,Tuesday,March,Spring,4406
6/14/2020,5,6,Wind,166,Sunday,June,Summer,3033
11/25/2022,13,14,Wind,329,Friday,November,Fall,5906
12/12/2024,11,12,Solar,347,Thursday,December,Winter,5532
9/14/2020,10,11,Solar,258,Monday,September,Fall,3928
1/5/2021,14,15,Wind,5,Tuesday,January,Winter,2553
11/10/2022,2,3,Wind,314,Thursday,November,Fall,3569
6/23/2020,17,18,Solar,175,Tuesday,June,Summer,5022
12/14/2021,1,2,Wind,348,Tuesday,December,Winter,697
3/15/2021,1,2,Wind,74,Monday,March,Spring,10033
12/23/2020,21,22,Wind,358,Wednesday,December,Winter,12383
7/21/2024,23,0,Wind,203,Sunday,July,Summer,5492
1/3/2023,20,21,Wind,3,Tuesday,January,Winter,12367
2/7/2023,17,18,Wind,38,Tuesday,February,Winter,4857
6/2/2024,2,3,Wind,154,Sunday,June,Summer,6195
2/3/2023,6,7,Wind,34,Friday,February,Winter,6280
11/22/2025,18,19,Wind,326,Saturday,November,Fall,10609
2/8/2023,9,10,Wind,39,Wednesday,February,Winter,6001
12/28/2023,22,23,Wind,362,Thursday,December,Winter,13567
8/19/2022,23,0,Wind,231,Friday,August,Summer,2636
9/2/2020,17,18,Solar,246,Wednesday,September,Fall,3171
8/6/2023,9,10,Wind,218,Sunday,August,Summer,14227
6/9/2020,19,20,Wind,161,Tuesday,June,Summer,3066
8/25/2021,10,11,Solar,237,Wednesday,August,Summer,6184
12/5/2022,5,6,Wind,339,Monday,December,Winter,745
6/11/2024,21,22,Wind,163,Tuesday,June,Summer,2556
11/2/2020,18,19,Wind,307,Monday,November,Fall,7368
7/28/2025,4,5,Wind,209,Monday,July,Summer,4142
6/12/2025,7,8,Wind,163,Thursday,June,Summer,7051
1/20/2024,13,14,Solar,20,Saturday,January,Winter,6955
12/2/2020,0,1,Wind,337,Wednesday,December,Winter,6005
1/12/2023,13,14,Wind,12,Thursday,January,Winter,18143
12/7/2023,2,3,Wind,341,Thursday,December,Winter,3871
10/24/2020,4,5,Wind,298,Saturday,October,Fall,6496
5/26/2021,14,15,Wind,146,Wednesday,May,Spring,10741
4/16/2020,9,10,Wind,107,Thursday,April,Spring,4412
2/23/2022,0,1,Wind,54,Wednesday,February,Winter,4731
7/4/2021,1,2,Wind,185,Sunday,July,Summer,945
7/11/2020,22,23,Wind,193,Saturday,July,Summer,3841
9/6/2022,10,11,Solar,249,Tuesday,September,Fall,5098
4/8/2021,9,10,Solar,98,Thursday,April,Spring,2512
11/7/2020,19,20,Wind,312,Saturday,November,Fall,4651
9/6/2024,23,0,Wind,250,Friday,September,Fall,3317
5/9/2022,15,16,Solar,129,Monday,May,Spring,5817
10/12/2023,21,22,Wind,285,Thursday,October,Fall,3414
12/21/2023,10,11,Wind,355,Thursday,December,Winter,18315
4/15/2020,11,12,Wind,106,Wednesday,April,Spring,7334
7/3/2021,19,20,Wind,184,Saturday,July,Summer,2491
5/13/2022,8,9,Solar,133,Friday,May,Spring,2490
4/13/2025,4,5,Wind,103,Sunday,April,Spring,9216
7/30/2020,7,8,Wind,212,Thursday,July,Summer,2458
4/3/2020,3,4,Wind,94,Friday,April,Spring,2210
12/22/2021,12,13,Solar,356,Wednesday,December,Winter,4599
1/4/2021,6,7,Wind,4,Monday,January,Winter,1576
11/16/2023,19,20,Wind,320,Thursday,November,Fall,10803
3/14/2024,11,12,Solar,74,Thursday,March,Spring,9275
3/25/2021,0,1,Wind,84,Thursday,March,Spring,2018
5/25/2024,4,5,Wind,146,Saturday,May,Spring,559
12/18/2023,19,20,Wind,352,Monday,December,Winter,3919
6/6/2022,2,3,Wind,157,Monday,June,Summer,2342
7/20/2024,22,23,Wind,202,Saturday,July,Summer,3228
2/12/2024,14,15,Solar,43,Monday,February,Winter,4159
8/19/2023,12,13,Solar,231,Saturday,August,Summer,7735
7/27/2025,15,16,Solar,208,Sunday,July,Summer,11229
7/19/2021,22,23,Wind,200,Monday,July,Summer,4238
12/3/2021,10,11,Wind,337,Friday,December,Winter,10812
3/2/2021,12,13,Solar,61,Tuesday,March,Spring,4176
11/22/2024,12,13,Wind,327,Friday,November,Fall,16368
11/26/2025,3,4,Wind,330,Wednesday,November,Fall,6726
9/9/2024,1,2,Wind,253,Monday,September,Fall,9715
3/8/2020,2,3,Wind,68,Sunday,March,Spring,8287
7/11/2023,8,9,Solar,192,Tuesday,July,Summer,3309
8/19/2022,22,23,Wind,231,Friday,August,Summer,2631
9/5/2020,11,12,Solar,249,Saturday,September,Fall,4275
6/25/2025,17,18,Solar,176,Wednesday,June,Summer,6948
5/21/2025,23,0,Wind,141,Wednesday,May,Spring,5000
12/3/2024,14,15,Solar,338,Tuesday,December,Winter,2679
4/17/2022,7,8,Wind,107,Sunday,April,Spring,5772
9/10/2020,18,19,Wind,254,Thursday,September,Fall,1696
6/9/2024,11,12,Solar,161,Sunday,June,Summer,3803
5/18/2024,12,13,Solar,139,Saturday,May,Spring,3094
11/10/2022,22,23,Wind,314,Thursday,November,Fall,4139
9/27/2022,5,6,Wind,270,Tuesday,September,Fall,6708
5/16/2024,22,23,Wind,137,Thursday,May,Spring,847
10/13/2021,19,20,Wind,286,Wednesday,October,Fall,1863
10/19/2022,16,17,Wind,292,Wednesday,October,Fall,8533
1/15/2020,18,19,Wind,15,Wednesday,January,Winter,5712
3/15/2024,13,14,Wind,75,Friday,March,Spring,18195
10/6/2020,2,3,Wind,280,Tuesday,October,Fall,10584
7/27/2021,20,21,Wind,208,Tuesday,July,Summer,3440
2/19/2025,21,22,Wind,50,Wednesday,February,Winter,7729
10/29/2020,14,15,Wind,303,Thursday,October,Fall,8306
4/13/2025,9,10,Wind,103,Sunday,April,Spring,8594
1/22/2022,15,16,Solar,22,Saturday,January,Winter,4368
10/3/2022,9,10,Solar,276,Monday,October,Fall,2282
10/19/2023,3,4,Wind,292,Thursday,October,Fall,9890
9/2/2020,8,9,Wind,246,Wednesday,September,Fall,1441
2/1/2022,18,19,Wind,32,Tuesday,February,Winter,12318
7/26/2024,5,6,Wind,208,Friday,July,Summer,1499
2/27/2023,21,22,Wind,58,Monday,February,Winter,11222
2/9/2020,18,19,Wind,40,Sunday,February,Winter,12401
7/16/2024,5,6,Wind,198,Tuesday,July,Summer,7839
6/6/2021,4,5,Wind,157,Sunday,June,Summer,1717
5/5/2021,23,0,Wind,125,Wednesday,May,Spring,3697
2/17/2020,12,13,Wind,48,Monday,February,Winter,11711
6/20/2021,3,4,Wind,171,Sunday,June,Summer,4138
12/20/2023,10,11,Wind,354,Wednesday,December,Winter,9444
8/30/2020,20,21,Wind,243,Sunday,August,Summer,4156
7/26/2021,16,17,Solar,207,Monday,July,Summer,7000
9/9/2022,16,17,Wind,252,Friday,September,Fall,14314
7/28/2023,1,2,Wind,209,Friday,July,Summer,4052
11/27/2025,14,15,Wind,331,Thursday,November,Fall,11395
3/10/2021,15,16,Wind,69,Wednesday,March,Spring,12784
8/16/2022,15,16,Solar,228,Tuesday,August,Summer,5725
5/25/2021,0,1,Wind,145,Tuesday,May,Spring,9649
2/9/2023,9,10,Solar,40,Thursday,February,Winter,2688
3/19/2020,15,16,Solar,79,Thursday,March,Spring,3544
10/15/2025,3,4,Wind,288,Wednesday,October,Fall,5298
8/25/2021,12,13,Wind,237,Wednesday,August,Summer,9861
11/8/2024,11,12,Solar,313,Friday,November,Fall,5752
6/3/2021,4,5,Wind,154,Thursday,June,Summer,1688
2/16/2020,10,11,Wind,47,Sunday,February,Winter,14158
3/29/2025,7,8,Wind,88,Saturday,March,Spring,9375
11/24/2021,14,15,Wind,328,Wednesday,November,Fall,2394
11/2/2025,3,4,Wind,306,Sunday,November,Fall,8264
10/5/2023,5,6,Wind,278,Thursday,October,Fall,1071
9/9/2021,19,20,Wind,252,Thursday,September,Fall,2632
12/11/2023,10,11,Wind,345,Monday,December,Winter,10839
8/19/2022,8,9,Wind,231,Friday,August,Summer,3436
8/28/2024,4,5,Wind,241,Wednesday,August,Summer,2065
4/27/2020,2,3,Wind,118,Monday,April,Spring,417
3/25/2022,7,8,Wind,84,Friday,March,Spring,4540
4/24/2024,7,8,Wind,115,Wednesday,April,Spring,4826
8/1/2021,9,10,Solar,213,Sunday,August,Summer,3739
8/28/2021,1,2,Wind,240,Saturday,August,Summer,4566
12/13/2024,20,21,Wind,348,Friday,December,Winter,686
12/7/2020,19,20,Wind,342,Monday,December,Winter,3185
5/26/2024,14,15,Wind,147,Sunday,May,Spring,7115
6/16/2022,11,12,Solar,167,Thursday,June,Summer,5985
3/17/2023,4,5,Wind,76,Friday,March,Spring,6670
3/26/2025,18,19,Wind,85,Wednesday,March,Spring,3645
1/17/2021,9,10,Wind,17,Sunday,January,Winter,6245
3/18/2022,0,1,Wind,77,Friday,March,Spring,6619
11/22/2025,0,1,Wind,326,Saturday,November,Fall,3067
8/6/2020,19,20,Solar,219,Thursday,August,Summer,1132
3/10/2021,4,5,Wind,69,Wednesday,March,Spring,2462
11/28/2022,2,3,Wind,332,Monday,November,Fall,4487
6/23/2024,2,3,Wind,175,Sunday,June,Summer,2516
3/29/2020,12,13,Wind,89,Sunday,March,Spring,15545
8/5/2025,23,0,Wind,217,Tuesday,August,Summer,4981
12/16/2020,13,14,Wind,351,Wednesday,December,Winter,7740
12/31/2023,20,21,Wind,365,Sunday,December,Winter,17068
8/12/2025,3,4,Wind,224,Tuesday,August,Summer,4431
9/13/2023,1,2,Wind,256,Wednesday,September,Fall,1285
2/8/2023,4,5,Wind,39,Wednesday,February,Winter,3397
5/23/2021,21,22,Wind,143,Sunday,May,Spring,7273
7/31/2025,21,22,Wind,212,Thursday,July,Summer,3693
3/19/2023,7,8,Wind,78,Sunday,March,Spring,3112
2/7/2023,8,9,Wind,38,Tuesday,February,Winter,8064
8/8/2021,9,10,Wind,220,Sunday,August,Summer,6573
9/12/2020,18,19,Solar,256,Saturday,September,Fall,1746
12/17/2023,5,6,Wind,351,Sunday,December,Winter,2111
5/9/2021,13,14,Wind,129,Sunday,May,Spring,10937
3/24/2021,22,23,Wind,83,Wednesday,March,Spring,2221
5/28/2024,19,20,Wind,149,Tuesday,May,Spring,7603
1/6/2025,1,2,Wind,6,Monday,January,Winter,18790
11/16/2024,4,5,Wind,321,Saturday,November,Fall,1285
10/21/2021,9,10,Wind,294,Thursday,October,Fall,11993
5/9/2021,22,23,Wind,129,Sunday,May,Spring,6320
5/8/2023,7,8,Wind,128,Monday,May,Spring,1709
5/5/2021,13,14,Wind,125,Wednesday,May,Spring,12083
1/12/2023,15,16,Wind,12,Thursday,January,Winter,16900
8/8/2023,15,16,Solar,220,Tuesday,August,Summer,9831
12/9/2024,15,16,Wind,344,Monday,December,Winter,13808
4/25/2021,3,4,Wind,115,Sunday,April,Spring,8232
3/29/2021,2,3,Wind,88,Monday,March,Spring,4546
2/18/2025,14,15,Solar,49,Tuesday,February,Winter,9825
4/15/2025,23,0,Wind,105,Tuesday,April,Spring,7561
3/26/2022,18,19,Wind,85,Saturday,March,Spring,8372
9/10/2024,13,14,Wind,254,Tuesday,September,Fall,16867
1/6/2022,2,3,Wind,6,Thursday,January,Winter,3292
11/5/2024,12,13,Solar,310,Tuesday,November,Fall,3849
4/17/2022,10,11,Solar,107,Sunday,April,Spring,7118
8/16/2022,2,3,Wind,228,Tuesday,August,Summer,788
2/12/2021,16,17,Wind,43,Friday,February,Winter,9076
3/16/2023,14,15,Wind,75,Thursday,March,Spring,12106
7/13/2021,18,19,Wind,194,Tuesday,July,Summer,7587
6/19/2022,9,10,Wind,170,Sunday,June,Summer,8414
2/8/2022,7,8,Wind,39,Tuesday,February,Winter,4617
1/8/2024,7,8,Wind,8,Monday,January,Winter,12237
1/19/2023,21,22,Wind,19,Thursday,January,Winter,1493
9/24/2025,6,7,Wind,267,Wednesday,September,Fall,6194
7/26/2023,9,10,Solar,207,Wednesday,July,Summer,4441
8/9/2022,10,11,Solar,221,Tuesday,August,Summer,7230
12/9/2023,13,14,Wind,343,Saturday,December,Winter,18217
12/15/2023,1,2,Wind,349,Friday,December,Winter,2695
8/18/2025,15,16,Solar,230,Monday,August,Summer,8406
10/27/2025,1,2,Wind,300,Monday,October,Fall,17402
10/24/2020,14,15,Wind,298,Saturday,October,Fall,13049
5/31/2024,7,8,Wind,152,Friday,May,Spring,6019
1/27/2023,8,9,Wind,27,Friday,January,Winter,8809
4/5/2023,14,15,Solar,95,Wednesday,April,Spring,8048
9/17/2022,5,6,Wind,260,Saturday,September,Fall,5089
9/13/2022,16,17,Wind,256,Tuesday,September,Fall,5218
11/23/2022,1,2,Wind,327,Wednesday,November,Fall,8016
7/19/2023,6,7,Wind,200,Wednesday,July,Summer,3665
2/12/2020,0,1,Wind,43,Wednesday,February,Winter,9249
9/16/2023,17,18,Solar,259,Saturday,September,Fall,4287
7/22/2025,9,10,Wind,203,Tuesday,July,Summer,11218
1/10/2024,5,6,Wind,10,Wednesday,January,Winter,2519
11/30/2021,22,23,Wind,334,Tuesday,November,Fall,12595
4/1/2021,14,15,Solar,91,Thursday,April,Spring,6136
11/14/2023,20,21,Wind,318,Tuesday,November,Fall,14411
5/13/2024,10,11,Solar,134,Monday,May,Spring,8299
4/4/2020,5,6,Wind,95,Saturday,April,Spring,1507
12/13/2023,23,0,Wind,347,Wednesday,December,Winter,8250
2/14/2020,18,19,Wind,45,Friday,February,Winter,3877
4/18/2023,9,10,Wind,108,Tuesday,April,Spring,7969
6/3/2024,6,7,Wind,155,Monday,June,Summer,2313
2/6/2021,14,15,Wind,37,Saturday,February,Winter,3721
12/5/2023,8,9,Wind,339,Tuesday,December,Winter,11763
11/17/2021,1,2,Wind,321,Wednesday,November,Fall,1735
4/1/2025,21,22,Wind,91,Tuesday,April,Spring,16314
11/12/2020,23,0,Wind,317,Thursday,November,Fall,3830
3/29/2023,20,21,Wind,88,Wednesday,March,Spring,10029
8/18/2025,1,2,Wind,230,Monday,August,Summer,6436
1/16/2023,18,19,Wind,16,Monday,January,Winter,10560
6/25/2023,12,13,Solar,176,Sunday,June,Summer,7617
7/10/2020,14,15,Wind,192,Friday,July,Summer,6004
5/3/2020,18,19,Solar,124,Sunday,May,Spring,2715
7/11/2023,2,3,Wind,192,Tuesday,July,Summer,1440
1/19/2025,23,0,Wind,19,Sunday,January,Winter,1247
9/15/2025,13,14,Wind,258,Monday,September,Fall,11829
2/21/2020,4,5,Wind,52,Friday,February,Winter,4526
4/3/2020,4,5,Wind,94,Friday,April,Spring,2045
11/16/2020,9,10,Wind,321,Monday,November,Fall,8791
1/8/2024,0,1,Wind,8,Monday,January,Winter,11527
1/5/2023,17,18,Wind,5,Thursday,January,Winter,5141
2/13/2022,3,4,Wind,44,Sunday,February,Winter,7754
6/24/2022,17,18,Wind,175,Friday,June,Summer,10605
6/6/2022,14,15,Solar,157,Monday,June,Summer,8772
11/25/2025,20,21,Wind,329,Tuesday,November,Fall,10545
12/21/2024,10,11,Wind,356,Saturday,December,Winter,11019
7/4/2025,14,15,Solar,185,Friday,July,Summer,10382
4/3/2025,22,23,Wind,93,Thursday,April,Spring,6607
5/27/2020,7,8,Wind,148,Wednesday,May,Spring,3233
7/20/2025,19,20,Wind,201,Sunday,July,Summer,9310
8/3/2025,2,3,Wind,215,Sunday,August,Summer,1880
1/19/2021,5,6,Wind,19,Tuesday,January,Winter,10754
7/22/2021,19,20,Wind,203,Thursday,July,Summer,3126
11/12/2022,11,12,Solar,316,Saturday,November,Fall,5451
11/16/2023,3,4,Wind,320,Thursday,November,Fall,3165
11/25/2020,17,18,Wind,330,Wednesday,November,Fall,2800
3/23/2020,19,20,Wind,83,Monday,March,Spring,6877
7/21/2025,3,4,Wind,202,Monday,July,Summer,9816
9/19/2025,1,2,Wind,262,Friday,September,Fall,2045
6/5/2022,17,18,Wind,156,Sunday,June,Summer,8606
10/13/2024,23,0,Wind,287,Sunday,October,Fall,3303
4/8/2023,10,11,Solar,98,Saturday,April,Spring,6560
7/27/2020,12,13,Wind,209,Monday,July,Summer,10256
10/13/2020,17,18,Wind,287,Tuesday,October,Fall,4407
8/16/2021,0,1,Wind,228,Monday,August,Summer,5226
2/23/2022,20,21,Wind,54,Wednesday,February,Winter,2068
6/14/2020,1,2,Wind,166,Sunday,June,Summer,4021
2/24/2022,6,7,Wind,55,Thursday,February,Winter,5440
2/18/2022,1,2,Wind,49,Friday,February,Winter,6858
12/2/2022,13,14,Wind,336,Friday,December,Winter,3589
5/22/2020,16,17,Wind,143,Friday,May,Spring,7240
10/9/2021,8,9,Wind,282,Saturday,October,Fall,2847
10/13/2021,0,1,Wind,286,Wednesday,October,Fall,3296
4/9/2022,22,23,Wind,99,Saturday,April,Spring,1982
3/14/2020,9,10,Wind,74,Saturday,March,Spring,5211
9/11/2025,17,18,Wind,254,Thursday,September,Fall,14879
7/12/2020,18,19,Wind,194,Sunday,July,Summer,4023
10/15/2025,10,11,Solar,288,Wednesday,October,Fall,6940
3/17/2025,16,17,Wind,76,Monday,March,Spring,14877
8/7/2020,21,22,Wind,220,Friday,August,Summer,1119
4/13/2020,5,6,Wind,104,Monday,April,Spring,4328
5/31/2020,23,0,Wind,152,Sunday,May,Spring,6056
5/28/2023,17,18,Wind,148,Sunday,May,Spring,6428
8/23/2022,4,5,Wind,235,Tuesday,August,Summer,1005
7/30/2020,17,18,Solar,212,Thursday,July,Summer,3388
12/25/2021,7,8,Wind,359,Saturday,December,Winter,1572
11/16/2024,6,7,Wind,321,Saturday,November,Fall,1374
5/6/2022,1,2,Wind,126,Friday,May,Spring,3436
7/25/2023,7,8,Wind,206,Tuesday,July,Summer,5855
6/30/2023,0,1,Wind,181,Friday,June,Summer,2447
6/21/2020,1,2,Wind,173,Sunday,June,Summer,1887
3/30/2020,23,0,Wind,90,Monday,March,Spring,7156
11/7/2022,5,6,Wind,311,Monday,November,Fall,11253
8/2/2025,3,4,Wind,214,Saturday,August,Summer,3930
12/14/2020,9,10,Wind,349,Monday,December,Winter,8267
5/12/2024,7,8,Wind,133,Sunday,May,Spring,4275
1/12/2020,22,23,Wind,12,Sunday,January,Winter,3733
8/8/2021,1,2,Wind,220,Sunday,August,Summer,7331
5/11/2022,5,6,Wind,131,Wednesday,May,Spring,3101
10/1/2023,21,22,Wind,274,Sunday,October,Fall,2395
2/23/2022,12,13,Solar,54,Wednesday,February,Winter,5805
10/22/2023,23,0,Wind,295,Sunday,October,Fall,3732
6/14/2024,12,13,Wind,166,Friday,June,Summer,12826
3/4/2025,15,16,Solar,63,Tuesday,March,Spring,6290
6/23/2024,13,14,Solar,175,Sunday,June,Summer,4302
10/22/2021,19,20,Wind,295,Friday,October,Fall,2834
7/10/2024,0,1,Wind,192,Wednesday,July,Summer,2264
11/4/2020,13,14,Solar,309,Wednesday,November,Fall,4014
11/15/2022,9,10,Wind,319,Tuesday,November,Fall,10782
1/28/2023,23,0,Wind,28,Saturday,January,Winter,2268
4/19/2024,11,12,Wind,110,Friday,April,Spring,16276
7/23/2024,13,14,Wind,205,Tuesday,July,Summer,14087
10/6/2023,20,21,Wind,279,Friday,October,Fall,1085
7/7/2022,15,16,Wind,188,Thursday,July,Summer,10600
6/30/2024,6,7,Wind,182,Sunday,June,Summer,3753
5/5/2021,12,13,Wind,125,Wednesday,May,Spring,11434
10/9/2022,13,14,Solar,282,Sunday,October,Fall,6807
1/9/2024,16,17,Wind,9,Tuesday,January,Winter,4360
6/19/2023,18,19,Wind,170,Monday,June,Summer,4195
1/24/2025,22,23,Wind,24,Friday,January,Winter,11288
6/21/2022,21,22,Wind,172,Tuesday,June,Summer,1796
9/7/2023,7,8,Wind,250,Thursday,September,Fall,2686
6/24/2023,11,12,Solar,175,Saturday,June,Summer,8244
4/28/2025,2,3,Wind,118,Monday,April,Spring,3071
5/15/2021,5,6,Wind,135,Saturday,May,Spring,4264
5/25/2023,2,3,Wind,145,Thursday,May,Spring,6906
9/14/2020,13,14,Solar,258,Monday,September,Fall,5071
4/7/2024,22,23,Wind,98,Sunday,April,Spring,5202
6/21/2022,4,5,Wind,172,Tuesday,June,Summer,3804
7/4/2025,3,4,Wind,185,Friday,July,Summer,5286
9/21/2021,19,20,Wind,264,Tuesday,September,Fall,2280
3/4/2024,9,10,Wind,64,Monday,March,Spring,6988
7/27/2021,22,23,Wind,208,Tuesday,July,Summer,3166
4/9/2025,1,2,Wind,99,Wednesday,April,Spring,5058
7/4/2021,13,14,Wind,185,Sunday,July,Summer,6911
10/20/2021,20,21,Wind,293,Wednesday,October,Fall,13048
11/27/2022,20,21,Wind,331,Sunday,November,Fall,7343
3/17/2025,14,15,Wind,76,Monday,March,Spring,15549
3/14/2024,7,8,Wind,74,Thursday,March,Spring,6363
5/10/2020,18,19,Wind,131,Sunday,May,Spring,4802
12/27/2020,6,7,Wind,362,Sunday,December,Winter,11736
11/21/2021,9,10,Wind,325,Sunday,November,Fall,1770
11/28/2025,15,16,Wind,332,Friday,November,Fall,7931
12/9/2021,11,12,Wind,343,Thursday,December,Winter,7038
3/16/2024,22,23,Wind,76,Saturday,March,Spring,2197
8/5/2020,16,17,Solar,218,Wednesday,August,Summer,4806
4/6/2025,19,20,Wind,96,Sunday,April,Spring,8524
2/23/2022,7,8,Wind,54,Wednesday,February,Winter,888
12/22/2020,7,8,Wind,357,Tuesday,December,Winter,10664
6/10/2023,8,9,Solar,161,Saturday,June,Summer,3002
11/13/2025,6,7,Wind,317,Thursday,November,Fall,10431
3/16/2022,2,3,Wind,75,Wednesday,March,Spring,4258
9/16/2025,2,3,Wind,259,Tuesday,September,Fall,11697
11/21/2020,23,0,Wind,326,Saturday,November,Fall,2372
12/12/2024,5,6,Wind,347,Thursday,December,Winter,3271
6/15/2023,10,11,Solar,166,Thursday,June,Summer,5298
2/24/2023,0,1,Wind,55,Friday,February,Winter,6635
4/1/2022,13,14,Wind,91,Friday,April,Spring,14543
4/20/2021,6,7,Wind,110,Tuesday,April,Spring,577
6/17/2024,21,22,Wind,169,Monday,June,Summer,1375
6/29/2021,8,9,Solar,180,Tuesday,June,Summer,2049
5/7/2023,5,6,Wind,127,Sunday,May,Spring,1473
8/9/2020,4,5,Wind,222,Sunday,August,Summer,1263
11/9/2024,6,7,Wind,314,Saturday,November,Fall,884
7/3/2024,15,16,Wind,185,Wednesday,July,Summer,12305
2/26/2020,19,20,Wind,57,Wednesday,February,Winter,6383
7/8/2025,10,11,Solar,189,Tuesday,July,Summer,10854
12/27/2023,16,17,Wind,361,Wednesday,December,Winter,13272
2/8/2025,22,23,Wind,39,Saturday,February,Winter,4543
10/25/2024,10,11,Wind,299,Friday,October,Fall,6611
12/2/2021,7,8,Wind,336,Thursday,December,Winter,7999
5/10/2024,3,4,Wind,131,Friday,May,Spring,5301
1/31/2023,10,11,Wind,31,Tuesday,January,Winter,6313
2/28/2024,9,10,Wind,59,Wednesday,February,Winter,4006
10/27/2022,17,18,Wind,300,Thursday,October,Fall,5638
11/9/2024,21,22,Wind,314,Saturday,November,Fall,622
11/26/2020,7,8,Wind,331,Thursday,November,Fall,2650
12/12/2022,16,17,Wind,346,Monday,December,Winter,3694
1/8/2022,3,4,Wind,8,Saturday,January,Winter,6540
7/22/2023,5,6,Wind,203,Saturday,July,Summer,1465
12/21/2020,13,14,Wind,356,Monday,December,Winter,12706
2/16/2021,20,21,Wind,47,Tuesday,February,Winter,9859
8/18/2020,22,23,Wind,231,Tuesday,August,Summer,728
2/2/2020,16,17,Wind,33,Sunday,February,Winter,11800
4/22/2020,20,21,Wind,113,Wednesday,April,Spring,2587
6/5/2020,7,8,Wind,157,Friday,June,Summer,5969
5/23/2024,11,12,Solar,144,Thursday,May,Spring,6613
3/20/2022,1,2,Wind,79,Sunday,March,Spring,6580
5/19/2024,11,12,Solar,140,Sunday,May,Spring,2794
9/6/2023,17,18,Solar,249,Wednesday,September,Fall,4611
4/22/2021,16,17,Wind,112,Thursday,April,Spring,8227
7/21/2025,19,20,Wind,202,Monday,July,Summer,13652
10/26/2020,9,10,Wind,300,Monday,October,Fall,7859
9/26/2025,15,16,Solar,269,Friday,September,Fall,4353
7/28/2020,6,7,Wind,210,Tuesday,July,Summer,3610
1/16/2024,4,5,Wind,16,Tuesday,January,Winter,1715
10/26/2020,20,21,Wind,300,Monday,October,Fall,7818
3/26/2024,0,1,Wind,86,Tuesday,March,Spring,8416
11/28/2023,8,9,Wind,332,Tuesday,November,Fall,7464
11/14/2024,14,15,Solar,319,Thursday,November,Fall,5909
12/17/2024,11,12,Wind,352,Tuesday,December,Winter,6713
3/20/2020,11,12,Wind,80,Friday,March,Spring,6937
3/28/2025,8,9,Wind,87,Friday,March,Spring,5489
1/16/2022,1,2,Wind,16,Sunday,January,Winter,1349
8/17/2021,8,9,Wind,229,Tuesday,August,Summer,2250
10/22/2025,12,13,Solar,295,Wednesday,October,Fall,6865
1/25/2020,8,9,Wind,25,Saturday,January,Winter,1579
2/22/2025,0,1,Wind,53,Saturday,February,Winter,11725
4/10/2023,10,11,Wind,100,Monday,April,Spring,7919
10/20/2021,14,15,Wind,293,Wednesday,October,Fall,14657
1/30/2020,9,10,Wind,30,Thursday,January,Winter,8402
9/29/2024,13,14,Wind,273,Sunday,September,Fall,6168
11/15/2020,12,13,Wind,320,Sunday,November,Fall,14508
6/8/2021,3,4,Wind,159,Tuesday,June,Summer,916
12/12/2020,21,22,Wind,347,Saturday,December,Winter,5943
12/11/2020,3,4,Wind,346,Friday,December,Winter,7153
2/8/2023,3,4,Wind,39,Wednesday,February,Winter,3513
5/21/2020,20,21,Wind,142,Thursday,May,Spring,600
7/9/2025,14,15,Solar,190,Wednesday,July,Summer,10461
2/10/2024,7,8,Wind,41,Saturday,February,Winter,4227
7/7/2023,16,17,Solar,188,Friday,July,Summer,8765
1/3/2020,13,14,Wind,3,Friday,January,Winter,9695
12/6/2020,22,23,Wind,341,Sunday,December,Winter,1374
10/6/2021,8,9,Wind,279,Wednesday,October,Fall,8548
6/9/2023,16,17,Solar,160,Friday,June,Summer,5753
7/4/2021,12,13,Wind,185,Sunday,July,Summer,6187
2/19/2021,5,6,Wind,50,Friday,February,Winter,4799
11/24/2021,5,6,Wind,328,Wednesday,November,Fall,4927
12/15/2021,4,5,Wind,349,Wednesday,December,Winter,1396
1/25/2025,16,17,Wind,25,Saturday,January,Winter,5724
7/14/2020,15,16,Solar,196,Tuesday,July,Summer,5718
10/18/2023,6,7,Wind,291,Wednesday,October,Fall,11303
6/27/2024,18,19,Wind,179,Thursday,June,Summer,7928
4/24/2021,18,19,Wind,114,Saturday,April,Spring,6916
10/16/2023,21,22,Wind,289,Monday,October,Fall,9973
2/18/2024,22,23,Wind,49,Sunday,February,Winter,6925
5/8/2020,8,9,Wind,129,Friday,May,Spring,3039
3/12/2024,7,8,Wind,72,Tuesday,March,Spring,5075
3/14/2020,20,21,Wind,74,Saturday,March,Spring,3300
1/17/2021,7,8,Wind,17,Sunday,January,Winter,5676
1/3/2022,13,14,Wind,3,Monday,January,Winter,12240
8/7/2020,5,6,Wind,220,Friday,August,Summer,2101
9/26/2023,11,12,Solar,269,Tuesday,September,Fall,6439
7/28/2025,19,20,Wind,209,Monday,July,Summer,6132
7/19/2025,23,0,Wind,200,Saturday,July,Summer,3954
3/20/2021,18,19,Wind,79,Saturday,March,Spring,4921
8/25/2021,5,6,Wind,237,Wednesday,August,Summer,4981
5/16/2021,9,10,Wind,136,Sunday,May,Spring,4884
11/24/2025,6,7,Wind,328,Monday,November,Fall,7424
1/6/2023,14,15,Wind,6,Friday,January,Winter,7958
8/25/2023,9,10,Wind,237,Friday,August,Summer,5505
8/21/2020,10,11,Wind,234,Friday,August,Summer,7837
12/10/2020,15,16,Wind,345,Thursday,December,Winter,2800
12/24/2022,22,23,Wind,358,Saturday,December,Winter,3971
2/26/2025,8,9,Wind,57,Wednesday,February,Winter,8242
3/1/2022,11,12,Solar,60,Tuesday,March,Spring,4988
9/25/2022,21,22,Wind,268,Sunday,September,Fall,1684
11/26/2022,0,1,Wind,330,Saturday,November,Fall,2624
3/25/2021,9,10,Solar,84,Thursday,March,Spring,3091
1/18/2025,7,8,Wind,18,Saturday,January,Winter,1399
10/6/2022,7,8,Wind,279,Thursday,October,Fall,1712
5/20/2025,0,1,Wind,140,Tuesday,May,Spring,6826
10/5/2020,16,17,Wind,279,Monday,October,Fall,10905
1/31/2020,21,22,Wind,31,Friday,January,Winter,8388
1/10/2021,15,16,Wind,10,Sunday,January,Winter,4559
6/14/2023,3,4,Wind,165,Wednesday,June,Summer,3197
3/15/2021,15,16,Wind,74,Monday,March,Spring,10846
11/29/2024,3,4,Wind,334,Friday,November,Fall,6487
12/22/2020,4,5,Wind,357,Tuesday,December,Winter,10281
10/5/2020,3,4,Wind,279,Monday,October,Fall,11256
4/20/2021,5,6,Wind,110,Tuesday,April,Spring,637
8/25/2020,21,22,Wind,238,Tuesday,August,Summer,9550
11/24/2023,18,19,Wind,328,Friday,November,Fall,10539
6/20/2025,5,6,Wind,171,Friday,June,Summer,5645
8/31/2024,15,16,Solar,244,Saturday,August,Summer,8116
7/23/2024,9,10,Wind,205,Tuesday,July,Summer,9773
7/16/2025,15,16,Solar,197,Wednesday,July,Summer,16069
5/6/2021,15,16,Wind,126,Thursday,May,Spring,8791
10/10/2020,7,8,Wind,284,Saturday,October,Fall,2346
2/13/2025,14,15,Solar,44,Thursday,February,Winter,4494
9/29/2025,23,0,Wind,272,Monday,September,Fall,2697
10/27/2021,3,4,Wind,300,Wednesday,October,Fall,2392
6/1/2022,5,6,Wind,152,Wednesday,June,Summer,1109
7/24/2020,4,5,Wind,206,Friday,July,Summer,1771
4/29/2020,22,23,Wind,120,Wednesday,April,Spring,5811
3/30/2023,17,18,Wind,89,Thursday,March,Spring,15694
7/24/2023,6,7,Wind,205,Monday,July,Summer,3944
4/23/2023,23,0,Wind,113,Sunday,April,Spring,9704
10/12/2022,1,2,Wind,285,Wednesday,October,Fall,1054
3/12/2021,3,4,Wind,71,Friday,March,Spring,10222
7/12/2022,2,3,Wind,193,Tuesday,July,Summer,3789
12/22/2020,23,0,Wind,357,Tuesday,December,Winter,7182
2/13/2024,8,9,Wind,44,Tuesday,February,Winter,5445
5/3/2024,20,21,Wind,124,Friday,May,Spring,2251
12/5/2022,11,12,Solar,339,Monday,December,Winter,3554
12/18/2023,12,13,Solar,352,Monday,December,Winter,5551
6/10/2021,6,7,Wind,161,Thursday,June,Summer,1116
8/5/2024,21,22,Wind,218,Monday,August,Summer,751
11/24/2021,1,2,Wind,328,Wednesday,November,Fall,6358
8/31/2025,4,5,Wind,243,Sunday,August,Summer,5964
6/24/2020,14,15,Solar,176,Wednesday,June,Summer,6958
8/11/2023,17,18,Solar,223,Friday,August,Summer,6263
4/21/2021,13,14,Solar,111,Wednesday,April,Spring,5395
2/25/2024,2,3,Wind,56,Sunday,February,Winter,8187
7/22/2024,2,3,Wind,204,Monday,July,Summer,4013
8/6/2022,9,10,Wind,218,Saturday,August,Summer,7062
7/7/2023,6,7,Wind,188,Friday,July,Summer,4525
3/22/2021,3,4,Wind,81,Monday,March,Spring,4256
11/19/2025,1,2,Wind,323,Wednesday,November,Fall,9964
7/16/2022,10,11,Solar,197,Saturday,July,Summer,6731
8/3/2022,22,23,Wind,215,Wednesday,August,Summer,1474
5/3/2025,18,19,Wind,123,Saturday,May,Spring,7626
9/29/2023,19,20,Wind,272,Friday,September,Fall,2198
1/15/2022,19,20,Wind,15,Saturday,January,Winter,651
4/9/2022,4,5,Wind,99,Saturday,April,Spring,4701
10/9/2022,22,23,Wind,282,Sunday,October,Fall,5394
8/12/2023,15,16,Solar,224,Saturday,August,Summer,9789
7/2/2025,22,23,Wind,183,Wednesday,July,Summer,5548
5/16/2023,23,0,Wind,136,Tuesday,May,Spring,7799
7/31/2020,18,19,Wind,213,Friday,July,Summer,4080
4/23/2020,1,2,Wind,114,Thursday,April,Spring,2669
12/14/2021,0,1,Wind,348,Tuesday,December,Winter,810
3/11/2020,12,13,Wind,71,Wednesday,March,Spring,12163
7/26/2024,21,22,Wind,208,Friday,July,Summer,506
8/4/2021,17,18,Solar,216,Wednesday,August,Summer,3345
7/18/2023,8,9,Wind,199,Tuesday,July,Summer,3434
8/28/2020,17,18,Wind,241,Friday,August,Summer,8079
8/27/2024,17,18,Solar,240,Tuesday,August,Summer,6209
3/28/2021,9,10,Wind,87,Sunday,March,Spring,5097
12/16/2023,21,22,Wind,350,Saturday,December,Winter,2504
6/3/2021,16,17,Solar,154,Thursday,June,Summer,3738
10/15/2021,8,9,Wind,288,Friday,October,Fall,1488
10/5/2024,19,20,Wind,279,Saturday,October,Fall,5905
4/7/2020,18,19,Wind,98,Tuesday,April,Spring,2681
11/26/2021,12,13,Wind,330,Friday,November,Fall,10802
6/26/2022,8,9,Solar,177,Sunday,June,Summer,1719
3/19/2020,14,15,Solar,79,Thursday,March,Spring,3939
6/15/2025,14,15,Solar,166,Sunday,June,Summer,4719
11/17/2022,17,18,Wind,321,Thursday,November,Fall,8379
12/2/2024,22,23,Wind,337,Monday,December,Winter,7331
9/11/2024,3,4,Wind,255,Wednesday,September,Fall,11638
5/22/2025,21,22,Wind,142,Thursday,May,Spring,4939
10/16/2024,3,4,Wind,290,Wednesday,October,Fall,11452
12/2/2020,12,13,Wind,337,Wednesday,December,Winter,2987
11/6/2025,19,20,Wind,310,Thursday,November,Fall,2440
8/29/2025,15,16,Wind,241,Friday,August,Summer,15987
3/5/2024,22,23,Wind,65,Tuesday,March,Spring,3012
6/26/2025,23,0,Wind,177,Thursday,June,Summer,3959
10/20/2023,8,9,Wind,293,Friday,October,Fall,4473
9/21/2025,17,18,Wind,264,Sunday,September,Fall,4316
8/7/2020,16,17,Solar,220,Friday,August,Summer,3640
12/3/2021,3,4,Wind,337,Friday,December,Winter,3110
10/16/2021,10,11,Solar,289,Saturday,October,Fall,3384
8/30/2025,7,8,Wind,242,Saturday,August,Summer,4396
2/23/2025,22,23,Wind,54,Sunday,February,Winter,11952
10/20/2020,16,17,Wind,294,Tuesday,October,Fall,9534
12/26/2024,20,21,Wind,361,Thursday,December,Winter,3449
12/13/2024,22,23,Wind,348,Friday,December,Winter,785
7/16/2022,0,1,Wind,197,Saturday,July,Summer,3960
10/11/2020,3,4,Wind,285,Sunday,October,Fall,3670
7/26/2024,15,16,Solar,208,Friday,July,Summer,7022
9/29/2023,6,7,Wind,272,Friday,September,Fall,8290
12/20/2023,13,14,Wind,354,Wednesday,December,Winter,11237
7/11/2020,19,20,Wind,193,Saturday,July,Summer,4072
1/31/2025,1,2,Wind,31,Friday,January,Winter,2272
3/10/2020,8,9,Wind,70,Tuesday,March,Spring,11993
3/3/2022,4,5,Wind,62,Thursday,March,Spring,1517
3/7/2024,17,18,Wind,67,Thursday,March,Spring,11067
10/19/2024,22,23,Wind,293,Saturday,October,Fall,3297
5/21/2020,13,14,Solar,142,Thursday,May,Spring,4337
10/11/2023,13,14,Solar,284,Wednesday,October,Fall,8576
7/2/2022,0,1,Wind,183,Saturday,July,Summer,754
1/15/2023,21,22,Wind,15,Sunday,January,Winter,14992
7/19/2022,3,4,Wind,200,Tuesday,July,Summer,5671
10/22/2022,3,4,Wind,295,Saturday,October,Fall,6189
12/31/2023,5,6,Wind,365,Sunday,December,Winter,17336
4/4/2022,3,4,Wind,94,Monday,April,Spring,2150
3/2/2022,1,2,Wind,61,Wednesday,March,Spring,2780
9/24/2021,4,5,Wind,267,Friday,September,Fall,475
5/23/2021,23,0,Wind,143,Sunday,May,Spring,9144
9/29/2020,5,6,Wind,273,Tuesday,September,Fall,1805
3/9/2024,7,8,Wind,69,Saturday,March,Spring,12796
4/16/2024,10,11,Wind,107,Tuesday,April,Spring,10158
6/11/2020,12,13,Wind,163,Thursday,June,Summer,4847
2/1/2022,0,1,Wind,32,Tuesday,February,Winter,6934
8/30/2024,3,4,Wind,243,Friday,August,Summer,2706
6/27/2021,3,4,Wind,178,Sunday,June,Summer,3872
11/17/2020,19,20,Wind,322,Tuesday,November,Fall,2225
7/23/2024,1,2,Wind,205,Tuesday,July,Summer,4890
7/16/2022,2,3,Wind,197,Saturday,July,Summer,3533
7/8/2025,20,21,Wind,189,Tuesday,July,Summer,3770
10/19/2022,17,18,Wind,292,Wednesday,October,Fall,7629
6/16/2020,20,21,Wind,168,Tuesday,June,Summer,1666
1/10/2025,15,16,Wind,10,Friday,January,Winter,3319
9/10/2020,11,12,Solar,254,Thursday,September,Fall,3052
11/13/2021,8,9,Wind,317,Saturday,November,Fall,5126
4/22/2025,13,14,Solar,112,Tuesday,April,Spring,7792
5/15/2020,5,6,Wind,136,Friday,May,Spring,6575
3/25/2024,15,16,Wind,85,Monday,March,Spring,10580
1/26/2023,23,0,Wind,26,Thursday,January,Winter,6312
7/19/2024,5,6,Wind,201,Friday,July,Summer,1335
6/30/2025,21,22,Wind,181,Monday,June,Summer,1192
2/12/2023,0,1,Wind,43,Sunday,February,Winter,3402
9/27/2022,6,7,Wind,270,Tuesday,September,Fall,6509
7/27/2020,15,16,Wind,209,Monday,July,Summer,11749
7/10/2023,13,14,Solar,191,Monday,July,Summer,8700
1/20/2025,2,3,Wind,20,Monday,January,Winter,1542
3/28/2023,16,17,Wind,87,Tuesday,March,Spring,9979
10/4/2021,8,9,Wind,277,Monday,October,Fall,5584
6/9/2024,1,2,Wind,161,Sunday,June,Summer,3464
8/17/2021,12,13,Solar,229,Tuesday,August,Summer,6878
1/27/2023,7,8,Wind,27,Friday,January,Winter,8252
8/5/2021,14,15,Wind,217,Thursday,August,Summer,8681
7/21/2025,23,0,Wind,202,Monday,July,Summer,7848
5/27/2025,17,18,Wind,147,Tuesday,May,Spring,15563
2/22/2024,0,1,Wind,53,Thursday,February,Winter,14343
12/10/2023,0,1,Wind,344,Sunday,December,Winter,16050
6/18/2021,1,2,Wind,169,Friday,June,Summer,3603
4/25/2025,10,11,Solar,115,Friday,April,Spring,7896
7/5/2021,0,1,Wind,186,Monday,July,Summer,2602
7/7/2021,23,0,Wind,188,Wednesday,July,Summer,1703
12/12/2020,11,12,Wind,347,Saturday,December,Winter,6348
11/1/2025,16,17,Wind,305,Saturday,November,Fall,9647
1/22/2024,20,21,Wind,22,Monday,January,Winter,14875
8/28/2025,16,17,Wind,240,Thursday,August,Summer,11353
4/29/2022,10,11,Solar,119,Friday,April,Spring,4724
1/20/2021,18,19,Wind,20,Wednesday,January,Winter,15051
6/19/2024,22,23,Wind,171,Wednesday,June,Summer,6935
4/2/2022,16,17,Wind,92,Saturday,April,Spring,12110
8/8/2024,5,6,Wind,221,Thursday,August,Summer,1189
11/2/2024,18,19,Wind,307,Saturday,November,Fall,3994
9/6/2021,15,16,Solar,249,Monday,September,Fall,5313
3/28/2020,19,20,Wind,88,Saturday,March,Spring,9382
2/14/2022,21,22,Wind,45,Monday,February,Winter,6029
10/13/2022,17,18,Wind,286,Thursday,October,Fall,4003
7/15/2024,16,17,Wind,197,Monday,July,Summer,10450
4/22/2023,0,1,Wind,112,Saturday,April,Spring,3755
10/26/2024,16,17,Solar,300,Saturday,October,Fall,2125
1/25/2025,11,12,Wind,25,Saturday,January,Winter,7875
2/6/2024,14,15,Wind,37,Tuesday,February,Winter,15869
11/24/2024,18,19,Wind,329,Sunday,November,Fall,19758
12/4/2022,2,3,Wind,338,Sunday,December,Winter,3252
2/12/2023,14,15,Solar,43,Sunday,February,Winter,6688
1/31/2020,4,5,Wind,31,Friday,January,Winter,7716
11/29/2020,10,11,Wind,334,Sunday,November,Fall,4788
4/29/2022,18,19,Wind,119,Friday,April,Spring,4816
8/1/2021,16,17,Solar,213,Sunday,August,Summer,6683
3/15/2020,0,1,Wind,75,Sunday,March,Spring,3612
7/1/2023,21,22,Wind,182,Saturday,July,Summer,7075
3/2/2023,21,22,Wind,61,Thursday,March,Spring,4877
8/3/2024,7,8,Wind,216,Saturday,August,Summer,3218
11/19/2024,20,21,Wind,324,Tuesday,November,Fall,12210
1/8/2024,6,7,Wind,8,Monday,January,Winter,12121
12/21/2024,21,22,Wind,356,Saturday,December,Winter,18922
10/25/2022,17,18,Wind,298,Tuesday,October,Fall,4158
4/15/2022,1,2,Wind,105,Friday,April,Spring,1942
12/7/2021,6,7,Wind,341,Tuesday,December,Winter,5150
1/17/2022,23,0,Wind,17,Monday,January,Winter,2215
2/24/2025,9,10,Wind,55,Monday,February,Winter,15311
7/14/2021,20,21,Wind,195,Wednesday,July,Summer,6824
1/11/2023,4,5,Wind,11,Wednesday,January,Winter,13408
10/15/2024,11,12,Wind,289,Tuesday,October,Fall,7313
9/14/2023,20,21,Wind,257,Thursday,September,Fall,983
12/4/2021,13,14,Wind,338,Saturday,December,Winter,14167
5/10/2021,21,22,Wind,130,Monday,May,Spring,1928
7/31/2021,13,14,Wind,212,Saturday,July,Summer,6027
11/26/2025,9,10,Wind,330,Wednesday,November,Fall,5852
6/20/2022,20,21,Wind,171,Monday,June,Summer,4764
8/1/2020,13,14,Solar,214,Saturday,August,Summer,4517
9/30/2022,17,18,Wind,273,Friday,September,Fall,8433
6/10/2024,13,14,Wind,162,Monday,June,Summer,16343
9/8/2024,5,6,Wind,252,Sunday,September,Fall,5635
8/20/2021,10,11,Solar,232,Friday,August,Summer,3653
10/21/2020,17,18,Wind,295,Wednesday,October,Fall,11801
11/8/2023,22,23,Wind,312,Wednesday,November,Fall,14010
10/11/2020,7,8,Wind,285,Sunday,October,Fall,3222
8/4/2023,11,12,Solar,216,Friday,August,Summer,7826
5/15/2021,16,17,Wind,135,Saturday,May,Spring,11074
11/1/2021,18,19,Wind,305,Monday,November,Fall,5774
2/13/2025,4,5,Wind,44,Thursday,February,Winter,1341
2/20/2022,20,21,Wind,51,Sunday,February,Winter,16004
1/2/2025,6,7,Wind,2,Thursday,January,Winter,7704
1/23/2023,4,5,Wind,23,Monday,January,Winter,4026
3/15/2022,0,1,Wind,74,Tuesday,March,Spring,5845
12/1/2022,15,16,Wind,335,Thursday,December,Winter,4324
5/10/2024,21,22,Wind,131,Friday,May,Spring,5155
8/15/2025,16,17,Solar,227,Friday,August,Summer,9881
2/9/2020,11,12,Wind,40,Sunday,February,Winter,15238
5/21/2024,21,22,Wind,142,Tuesday,May,Spring,3665
5/11/2024,6,7,Wind,132,Saturday,May,Spring,4326
9/23/2020,18,19,Wind,267,Wednesday,September,Fall,5813
11/17/2025,15,16,Wind,321,Monday,November,Fall,10323
1/2/2021,0,1,Wind,2,Saturday,January,Winter,1169
8/8/2023,23,0,Wind,220,Tuesday,August,Summer,2853
5/18/2023,19,20,Wind,138,Thursday,May,Spring,6720
10/24/2022,22,23,Wind,297,Monday,October,Fall,7627
9/3/2022,20,21,Wind,246,Saturday,September,Fall,1066
11/29/2024,14,15,Solar,334,Friday,November,Fall,7650
4/4/2020,10,11,Solar,95,Saturday,April,Spring,4136
3/18/2020,11,12,Solar,78,Wednesday,March,Spring,3727
4/29/2020,13,14,Wind,120,Wednesday,April,Spring,10092
10/16/2021,16,17,Solar,289,Saturday,October,Fall,3207
10/6/2021,17,18,Wind,279,Wednesday,October,Fall,8756
2/26/2025,11,12,Wind,57,Wednesday,February,Winter,13305
3/1/2021,13,14,Solar,60,Monday,March,Spring,5810
11/24/2022,3,4,Wind,328,Thursday,November,Fall,11415
9/1/2025,20,21,Wind,244,Monday,September,Fall,5387
11/14/2024,21,22,Wind,319,Thursday,November,Fall,3630
3/20/2021,6,7,Wind,79,Saturday,March,Spring,4488
12/17/2021,5,6,Wind,351,Friday,December,Winter,6817
2/7/2025,3,4,Wind,38,Friday,February,Winter,9958
1/5/2024,0,1,Wind,5,Friday,January,Winter,12301
9/8/2024,12,13,Wind,252,Sunday,September,Fall,11440
7/27/2020,8,9,Wind,209,Monday,July,Summer,3719
2/17/2023,13,14,Wind,48,Friday,February,Winter,13006
7/22/2024,5,6,Wind,204,Monday,July,Summer,3267
9/7/2024,12,13,Solar,251,Saturday,September,Fall,6652
8/2/2021,8,9,Solar,214,Monday,August,Summer,1835
7/24/2021,18,19,Wind,205,Saturday,July,Summer,5008
6/26/2022,21,22,Wind,177,Sunday,June,Summer,1353
5/25/2021,9,10,Wind,145,Tuesday,May,Spring,10972
1/3/2024,5,6,Wind,3,Wednesday,January,Winter,16091
4/28/2024,18,19,Wind,119,Sunday,April,Spring,4975
2/10/2022,3,4,Wind,41,Thursday,February,Winter,4390
9/1/2023,2,3,Wind,244,Friday,September,Fall,4835
1/23/2025,8,9,Wind,23,Thursday,January,Winter,6187
8/12/2022,9,10,Solar,224,Friday,August,Summer,4233
6/6/2022,0,1,Wind,157,Monday,June,Summer,3154
4/26/2021,23,0,Wind,116,Monday,April,Spring,6682
8/21/2022,4,5,Wind,233,Sunday,August,Summer,492
7/29/2025,17,18,Solar,210,Tuesday,July,Summer,9703
1/14/2020,1,2,Wind,14,Tuesday,January,Winter,12193
11/23/2020,6,7,Wind,328,Monday,November,Fall,197
3/3/2020,16,17,Wind,63,Tuesday,March,Spring,2913
4/30/2022,23,0,Wind,120,Saturday,April,Spring,4152
8/28/2025,3,4,Wind,240,Thursday,August,Summer,2154
9/28/2025,17,18,Solar,271,Sunday,September,Fall,3101
4/26/2020,19,20,Solar,117,Sunday,April,Spring,826
4/26/2020,7,8,Wind,117,Sunday,April,Spring,1234
1/13/2020,0,1,Wind,13,Monday,January,Winter,3124
7/4/2021,8,9,Wind,185,Sunday,July,Summer,1516
8/20/2022,16,17,Solar,232,Saturday,August,Summer,6307
10/15/2022,21,22,Wind,288,Saturday,October,Fall,4985
11/4/2024,20,21,Wind,309,Monday,November,Fall,2945
5/27/2024,1,2,Wind,148,Monday,May,Spring,2781
5/3/2021,7,8,Wind,123,Monday,May,Spring,1219
6/25/2023,21,22,Wind,176,Sunday,June,Summer,4990
1/24/2023,17,18,Wind,24,Tuesday,January,Winter,3120
2/11/2022,8,9,Wind,42,Friday,February,Winter,2704
6/17/2023,22,23,Wind,168,Saturday,June,Summer,1596
9/25/2021,10,11,Solar,268,Saturday,September,Fall,3100
9/9/2024,8,9,Wind,253,Monday,September,Fall,8509
4/25/2023,23,0,Wind,115,Tuesday,April,Spring,2732
4/17/2021,20,21,Wind,107,Saturday,April,Spring,5570
8/1/2022,23,0,Wind,213,Monday,August,Summer,1415
7/14/2021,18,19,Wind,195,Wednesday,July,Summer,7691
10/14/2025,10,11,Wind,287,Tuesday,October,Fall,8624
2/21/2020,14,15,Wind,52,Friday,February,Winter,8633
10/24/2024,11,12,Solar,298,Thursday,October,Fall,7285
7/17/2022,2,3,Wind,198,Sunday,July,Summer,6218
8/15/2022,12,13,Solar,227,Monday,August,Summer,7754
8/23/2020,7,8,Wind,236,Sunday,August,Summer,4453
8/1/2020,6,7,Wind,214,Saturday,August,Summer,1772
7/3/2025,3,4,Wind,184,Thursday,July,Summer,5681
5/2/2022,0,1,Wind,122,Monday,May,Spring,3281
10/11/2020,0,1,Wind,285,Sunday,October,Fall,4013
5/15/2021,10,11,Wind,135,Saturday,May,Spring,7542
8/19/2024,10,11,Solar,232,Monday,August,Summer,6872
10/21/2025,5,6,Wind,294,Tuesday,October,Fall,12221
6/25/2023,11,12,Solar,176,Sunday,June,Summer,7269
9/15/2024,17,18,Solar,259,Sunday,September,Fall,7756
7/19/2024,6,7,Wind,201,Friday,July,Summer,1367
6/20/2022,11,12,Solar,171,Monday,June,Summer,6635
11/24/2020,2,3,Wind,329,Tuesday,November,Fall,1825
3/20/2022,4,5,Wind,79,Sunday,March,Spring,4944
5/26/2020,15,16,Solar,147,Tuesday,May,Spring,7491
9/9/2025,20,21,Wind,252,Tuesday,September,Fall,2139
1/23/2020,4,5,Wind,23,Thursday,January,Winter,5821
7/22/2022,4,5,Wind,203,Friday,July,Summer,3155
2/22/2023,6,7,Wind,53,Wednesday,February,Winter,2969
5/4/2023,18,19,Wind,124,Thursday,May,Spring,7974
3/29/2022,15,16,Solar,88,Tuesday,March,Spring,3886
1/24/2025,13,14,Wind,24,Friday,January,Winter,19431
3/17/2025,21,22,Wind,76,Monday,March,Spring,11797
11/4/2024,4,5,Wind,309,Monday,November,Fall,2853
1/11/2023,10,11,Wind,11,Wednesday,January,Winter,10073
6/21/2022,15,16,Solar,172,Tuesday,June,Summer,4791
7/2/2020,18,19,Wind,184,Thursday,July,Summer,6452
5/12/2024,14,15,Solar,133,Sunday,May,Spring,4059
3/11/2021,6,7,Wind,70,Thursday,March,Spring,14266
9/23/2020,13,14,Wind,267,Wednesday,September,Fall,8641
4/30/2024,21,22,Wind,121,Tuesday,April,Spring,3124
9/16/2023,22,23,Wind,259,Saturday,September,Fall,2367
5/4/2025,19,20,Wind,124,Sunday,May,Spring,11985
4/8/2022,18,19,Wind,98,Friday,April,Spring,10607
12/23/2023,16,17,Wind,357,Saturday,December,Winter,14470
8/11/2025,22,23,Wind,223,Monday,August,Summer,5924
7/16/2021,17,18,Wind,197,Friday,July,Summer,7525
2/11/2020,7,8,Wind,42,Tuesday,February,Winter,11753
11/9/2024,1,2,Wind,314,Saturday,November,Fall,1782
9/27/2022,18,19,Wind,270,Tuesday,September,Fall,9228
9/1/2024,8,9,Wind,245,Sunday,September,Fall,4830
11/1/2020,7,8,Wind,306,Sunday,November,Fall,9246
1/9/2025,7,8,Wind,9,Thursday,January,Winter,14188
12/31/2024,1,2,Wind,366,Tuesday,December,Winter,2303
1/6/2025,0,1,Wind,6,Monday,January,Winter,18763
1/30/2024,14,15,Solar,30,Tuesday,January,Winter,7283
4/18/2021,20,21,Wind,108,Sunday,April,Spring,2015
4/24/2021,15,16,Solar,114,Saturday,April,Spring,8651
10/27/2021,19,20,Wind,300,Wednesday,October,Fall,2324
7/2/2020,0,1,Wind,184,Thursday,July,Summer,2474
1/7/2024,4,5,Wind,7,Sunday,January,Winter,7340
1/18/2024,14,15,Wind,18,Thursday,January,Winter,6969
9/9/2023,1,2,Wind,252,Saturday,September,Fall,1650
3/17/2025,10,11,Solar,76,Monday,March,Spring,11786
10/20/2024,7,8,Wind,294,Sunday,October,Fall,6846
9/11/2021,16,17,Solar,254,Saturday,September,Fall,4615
3/12/2024,15,16,Wind,72,Tuesday,March,Spring,12222
8/6/2020,16,17,Solar,219,Thursday,August,Summer,3605
1/15/2022,1,2,Wind,15,Saturday,January,Winter,847
4/18/2022,17,18,Solar,108,Monday,April,Spring,4269
1/13/2020,6,7,Wind,13,Monday,January,Winter,2987
3/16/2021,11,12,Solar,75,Tuesday,March,Spring,5314
6/15/2022,6,7,Wind,166,Wednesday,June,Summer,2328
9/30/2023,12,13,Solar,273,Saturday,September,Fall,6508
10/29/2024,21,22,Wind,303,Tuesday,October,Fall,685
9/4/2025,20,21,Wind,247,Thursday,September,Fall,6150
8/21/2023,15,16,Solar,233,Monday,August,Summer,6576
4/19/2020,14,15,Wind,110,Sunday,April,Spring,2914
7/12/2021,9,10,Wind,193,Monday,July,Summer,2663
1/3/2022,7,8,Wind,3,Monday,January,Winter,9393
11/10/2020,6,7,Wind,315,Tuesday,November,Fall,486
2/3/2025,23,0,Wind,34,Monday,February,Winter,1883
3/31/2025,0,1,Wind,90,Monday,March,Spring,4280
7/12/2024,17,18,Wind,194,Friday,July,Summer,8243
6/14/2024,17,18,Wind,166,Friday,June,Summer,12714
9/21/2025,11,12,Solar,264,Sunday,September,Fall,3451
5/16/2021,23,0,Wind,136,Sunday,May,Spring,9508
3/7/2022,5,6,Wind,66,Monday,March,Spring,6815
8/10/2022,10,11,Solar,222,Wednesday,August,Summer,6251
3/7/2023,5,6,Wind,66,Tuesday,March,Spring,5865
3/14/2025,15,16,Wind,73,Friday,March,Spring,7686
10/4/2024,7,8,Wind,278,Friday,October,Fall,4180
12/15/2022,22,23,Wind,349,Thursday,December,Winter,7205
9/3/2020,0,1,Wind,247,Thursday,September,Fall,931
6/17/2022,21,22,Wind,168,Friday,June,Summer,1078
12/21/2023,18,19,Wind,355,Thursday,December,Winter,17520
3/2/2023,14,15,Solar,61,Thursday,March,Spring,6558
8/4/2024,20,21,Wind,217,Sunday,August,Summer,1620
12/29/2024,21,22,Wind,364,Sunday,December,Winter,548
11/14/2024,1,2,Wind,319,Thursday,November,Fall,3831
8/4/2022,9,10,Solar,216,Thursday,August,Summer,3343
4/26/2022,0,1,Wind,116,Tuesday,April,Spring,2101
5/16/2022,5,6,Wind,136,Monday,May,Spring,5648
1/9/2020,16,17,Wind,9,Thursday,January,Winter,10435
11/24/2022,14,15,Wind,328,Thursday,November,Fall,9150
1/20/2024,23,0,Wind,20,Saturday,January,Winter,10670
3/14/2020,22,23,Wind,74,Saturday,March,Spring,3349
3/10/2020,22,23,Wind,70,Tuesday,March,Spring,11030
5/26/2024,2,3,Wind,147,Sunday,May,Spring,4508
8/13/2023,1,2,Wind,225,Sunday,August,Summer,1162
3/28/2022,6,7,Wind,87,Monday,March,Spring,1606
10/12/2020,14,15,Solar,286,Monday,October,Fall,4590
10/22/2024,10,11,Solar,296,Tuesday,October,Fall,3182
10/19/2020,11,12,Solar,293,Monday,October,Fall,5009
9/12/2021,21,22,Wind,255,Sunday,September,Fall,1376
7/17/2024,3,4,Wind,199,Wednesday,July,Summer,2046
8/17/2024,1,2,Wind,230,Saturday,August,Summer,1571
8/13/2023,16,17,Solar,225,Sunday,August,Summer,7801
6/28/2024,2,3,Wind,180,Friday,June,Summer,3695
2/6/2022,4,5,Wind,37,Sunday,February,Winter,13477
3/31/2021,10,11,Solar,90,Wednesday,March,Spring,4010
10/25/2023,11,12,Wind,298,Wednesday,October,Fall,11630
7/23/2024,23,0,Wind,205,Tuesday,July,Summer,2067
3/18/2023,3,4,Wind,77,Saturday,March,Spring,7204
12/5/2024,23,0,Wind,340,Thursday,December,Winter,18205
1/8/2024,2,3,Wind,8,Monday,January,Winter,11508
6/11/2020,8,9,Wind,163,Thursday,June,Summer,2692
6/6/2025,22,23,Wind,157,Friday,June,Summer,4429
6/2/2021,23,0,Wind,153,Wednesday,June,Summer,2032
9/21/2020,21,22,Wind,265,Monday,September,Fall,1334
9/2/2025,23,0,Wind,245,Tuesday,September,Fall,11315
9/21/2025,20,21,Wind,264,Sunday,September,Fall,4453
8/9/2021,10,11,Wind,221,Monday,August,Summer,6015
3/16/2021,2,3,Wind,75,Tuesday,March,Spring,3997
10/18/2022,13,14,Solar,291,Tuesday,October,Fall,5899
12/26/2021,12,13,Wind,360,Sunday,December,Winter,4600
7/27/2024,2,3,Wind,209,Saturday,July,Summer,455
9/11/2020,9,10,Solar,255,Friday,September,Fall,1917
9/13/2020,19,20,Wind,257,Sunday,September,Fall,705
8/15/2023,17,18,Solar,227,Tuesday,August,Summer,4625
7/29/2021,5,6,Wind,210,Thursday,July,Summer,4205
5/19/2024,2,3,Wind,140,Sunday,May,Spring,552
3/30/2023,7,8,Wind,89,Thursday,March,Spring,11130
7/10/2025,16,17,Solar,191,Thursday,July,Summer,11067
8/9/2025,4,5,Wind,221,Saturday,August,Summer,1139
11/1/2023,18,19,Wind,305,Wednesday,November,Fall,12788
6/12/2024,20,21,Wind,164,Wednesday,June,Summer,2252
9/20/2025,5,6,Wind,263,Saturday,September,Fall,6560
5/1/2020,0,1,Wind,122,Friday,May,Spring,7535
1/21/2020,11,12,Wind,21,Tuesday,January,Winter,2976
6/29/2025,6,7,Wind,180,Sunday,June,Summer,2536
10/12/2020,6,7,Wind,286,Monday,October,Fall,2120
7/25/2024,12,13,Solar,207,Thursday,July,Summer,9805
6/5/2023,13,14,Solar,156,Monday,June,Summer,9739
6/9/2023,7,8,Wind,160,Friday,June,Summer,4688
9/4/2025,21,22,Wind,247,Thursday,September,Fall,6077
5/11/2024,23,0,Wind,132,Saturday,May,Spring,4091
3/24/2025,10,11,Solar,83,Monday,March,Spring,5051
7/26/2023,7,8,Wind,207,Wednesday,July,Summer,2889
8/6/2024,20,21,Wind,219,Tuesday,August,Summer,2592
4/22/2025,5,6,Wind,112,Tuesday,April,Spring,1421
8/27/2024,11,12,Solar,240,Tuesday,August,Summer,8753
7/11/2021,15,16,Solar,192,Sunday,July,Summer,4877
11/11/2021,7,8,Wind,315,Thursday,November,Fall,1001
2/25/2025,0,1,Wind,56,Tuesday,February,Winter,4530
4/2/2025,11,12,Wind,92,Wednesday,April,Spring,18987
7/22/2020,6,7,Wind,204,Wednesday,July,Summer,3797
2/5/2020,16,17,Wind,36,Wednesday,February,Winter,2504
3/30/2020,20,21,Wind,90,Monday,March,Spring,8073
5/11/2020,4,5,Wind,132,Monday,May,Spring,9699
11/5/2021,2,3,Wind,309,Friday,November,Fall,3405
8/30/2020,3,4,Wind,243,Sunday,August,Summer,3012
9/8/2025,21,22,Wind,251,Monday,September,Fall,2307
3/4/2022,8,9,Wind,63,Friday,March,Spring,3630
8/6/2022,2,3,Wind,218,Saturday,August,Summer,5462
12/13/2024,19,20,Wind,348,Friday,December,Winter,698
12/31/2023,17,18,Wind,365,Sunday,December,Winter,17198
9/4/2025,9,10,Wind,247,Thursday,September,Fall,9465
2/25/2025,9,10,Wind,56,Tuesday,February,Winter,8542
3/18/2022,11,12,Wind,77,Friday,March,Spring,12613
3/19/2025,14,15,Solar,78,Wednesday,March,Spring,12452
8/7/2022,0,1,Wind,219,Sunday,August,Summer,7995
3/24/2025,4,5,Wind,83,Monday,March,Spring,747
12/22/2020,11,12,Wind,357,Tuesday,December,Winter,9500
5/5/2020,22,23,Wind,126,Tuesday,May,Spring,2517
12/14/2024,7,8,Wind,349,Saturday,December,Winter,2252
2/3/2023,21,22,Wind,34,Friday,February,Winter,4534
11/12/2022,8,9,Wind,316,Saturday,November,Fall,4144
7/18/2024,11,12,Solar,200,Thursday,July,Summer,7522
3/9/2020,6,7,Wind,69,Monday,March,Spring,6476
6/28/2021,12,13,Solar,179,Monday,June,Summer,4142
3/24/2022,11,12,Solar,83,Thursday,March,Spring,6783
1/3/2020,8,9,Wind,3,Friday,January,Winter,9177
5/2/2025,20,21,Wind,122,Friday,May,Spring,3054
11/23/2022,10,11,Wind,327,Wednesday,November,Fall,12239
11/3/2023,4,5,Wind,307,Friday,November,Fall,9640
4/9/2024,23,0,Wind,100,Tuesday,April,Spring,8241
5/16/2021,19,20,Wind,136,Sunday,May,Spring,9726
2/14/2025,5,6,Wind,45,Friday,February,Winter,5166
10/23/2022,14,15,Wind,296,Sunday,October,Fall,13158
12/14/2022,17,18,Wind,348,Wednesday,December,Winter,2357
7/31/2024,16,17,Solar,213,Wednesday,July,Summer,6848
1/15/2025,0,1,Wind,15,Wednesday,January,Winter,2675
11/21/2021,21,22,Wind,325,Sunday,November,Fall,5308
11/12/2023,5,6,Wind,316,Sunday,November,Fall,7747
11/10/2021,19,20,Wind,314,Wednesday,November,Fall,1095
10/30/2022,15,16,Wind,303,Sunday,October,Fall,4128
1/12/2021,13,14,Wind,12,Tuesday,January,Winter,11705
11/17/2023,5,6,Wind,321,Friday,November,Fall,4471
7/3/2022,8,9,Solar,184,Sunday,July,Summer,2588
3/9/2021,17,18,Wind,68,Tuesday,March,Spring,3112
3/17/2023,10,11,Wind,76,Friday,March,Spring,9438
4/1/2025,5,6,Wind,91,Tuesday,April,Spring,10726
3/28/2020,2,3,Wind,88,Saturday,March,Spring,2228
1/29/2022,4,5,Wind,29,Saturday,January,Winter,5616
2/11/2023,1,2,Wind,42,Saturday,February,Winter,2311
5/19/2020,22,23,Wind,140,Tuesday,May,Spring,3873
5/8/2023,20,21,Wind,128,Monday,May,Spring,1613
4/23/2021,9,10,Solar,113,Friday,April,Spring,4703
10/13/2025,19,20,Wind,286,Monday,October,Fall,6779
1/8/2020,12,13,Wind,8,Wednesday,January,Winter,5049
11/13/2023,4,5,Wind,317,Monday,November,Fall,10748
6/30/2021,5,6,Wind,181,Wednesday,June,Summer,2072
8/28/2023,3,4,Wind,240,Monday,August,Summer,3728
9/2/2021,16,17,Wind,245,Thursday,September,Fall,6041
3/31/2022,7,8,Wind,90,Thursday,March,Spring,5596
1/14/2023,14,15,Wind,14,Saturday,January,Winter,18425
12/10/2020,17,18,Wind,345,Thursday,December,Winter,3945
1/6/2025,8,9,Wind,6,Monday,January,Winter,18841
2/5/2024,14,15,Wind,36,Monday,February,Winter,9758
11/4/2024,14,15,Solar,309,Monday,November,Fall,4760
11/10/2022,4,5,Wind,314,Thursday,November,Fall,3540
7/14/2020,9,10,Solar,196,Tuesday,July,Summer,2423
9/17/2020,0,1,Wind,261,Thursday,September,Fall,4803
7/12/2021,15,16,Solar,193,Monday,July,Summer,4724
5/22/2020,10,11,Solar,143,Friday,May,Spring,5050
1/18/2021,14,15,Wind,18,Monday,January,Winter,5818
9/22/2022,22,23,Wind,265,Thursday,September,Fall,613
2/22/2021,7,8,Wind,53,Monday,February,Winter,6262
3/22/2020,8,9,Wind,82,Sunday,March,Spring,8856
10/12/2020,9,10,Wind,286,Monday,October,Fall,2453
4/19/2025,15,16,Wind,109,Saturday,April,Spring,4612
8/25/2025,22,23,Wind,237,Monday,August,Summer,1411
4/20/2022,4,5,Wind,110,Wednesday,April,Spring,4490
12/9/2020,14,15,Wind,344,Wednesday,December,Winter,2985
7/22/2020,14,15,Solar,204,Wednesday,July,Summer,4307
5/21/2023,5,6,Wind,141,Sunday,May,Spring,5032
1/22/2022,6,7,Wind,22,Saturday,January,Winter,2925
12/1/2021,11,12,Wind,335,Wednesday,December,Winter,12759
1/11/2021,2,3,Wind,11,Monday,January,Winter,1886
3/9/2020,5,6,Wind,69,Monday,March,Spring,7030
2/26/2024,16,17,Wind,57,Monday,February,Winter,13709
3/7/2022,18,19,Wind,66,Monday,March,Spring,5870
10/11/2021,10,11,Solar,284,Monday,October,Fall,4324
9/1/2025,13,14,Wind,244,Monday,September,Fall,12704
10/2/2020,22,23,Wind,276,Friday,October,Fall,3285
12/20/2024,11,12,Wind,355,Friday,December,Winter,8847
8/7/2022,15,16,Solar,219,Sunday,August,Summer,10239
2/7/2024,13,14,Wind,38,Wednesday,February,Winter,17700
6/4/2020,16,17,Wind,156,Thursday,June,Summer,6146
10/13/2021,7,8,Wind,286,Wednesday,October,Fall,2432
2/9/2020,1,2,Wind,40,Sunday,February,Winter,8445
2/21/2022,22,23,Wind,52,Monday,February,Winter,10192
3/3/2024,5,6,Wind,63,Sunday,March,Spring,3260
7/17/2025,4,5,Wind,198,Thursday,July,Summer,1257
2/23/2024,16,17,Wind,54,Friday,February,Winter,12084
3/7/2025,23,0,Wind,66,Friday,March,Spring,10966
12/15/2023,20,21,Wind,349,Friday,December,Winter,1834
9/24/2025,1,2,Wind,267,Wednesday,September,Fall,7488
8/3/2025,8,9,Solar,215,Sunday,August,Summer,4235
11/20/2025,17,18,Wind,324,Thursday,November,Fall,3840
9/11/2020,8,9,Wind,255,Friday,September,Fall,1169
11/2/2025,6,7,Wind,306,Sunday,November,Fall,8973
9/22/2022,15,16,Solar,265,Thursday,September,Fall,5500
5/23/2020,15,16,Wind,144,Saturday,May,Spring,8605
12/20/2022,0,1,Wind,354,Tuesday,December,Winter,13706
11/22/2024,0,1,Wind,327,Friday,November,Fall,5864
11/13/2022,3,4,Wind,317,Sunday,November,Fall,2267
4/19/2021,10,11,Solar,109,Monday,April,Spring,3728
7/4/2024,6,7,Wind,186,Thursday,July,Summer,7129
6/26/2023,21,22,Wind,177,Monday,June,Summer,3874
10/22/2023,21,22,Wind,295,Sunday,October,Fall,2996
1/16/2022,13,14,Solar,16,Sunday,January,Winter,5824
9/7/2020,23,0,Wind,251,Monday,September,Fall,1722
5/23/2022,7,8,Wind,143,Monday,May,Spring,3621
10/4/2025,1,2,Wind,277,Saturday,October,Fall,16699
12/10/2020,20,21,Wind,345,Thursday,December,Winter,6025
5/1/2021,6,7,Wind,121,Saturday,May,Spring,1335
6/11/2021,19,20,Wind,162,Friday,June,Summer,2701
1/1/2024,10,11,Wind,1,Monday,January,Winter,12702
5/9/2023,10,11,Wind,129,Tuesday,May,Spring,5818
1/12/2022,15,16,Solar,12,Wednesday,January,Winter,3844
11/12/2023,3,4,Wind,316,Sunday,November,Fall,7217
11/2/2022,1,2,Wind,306,Wednesday,November,Fall,10172
9/8/2020,13,14,Solar,252,Tuesday,September,Fall,4412
4/16/2021,0,1,Wind,106,Friday,April,Spring,6013
11/15/2022,2,3,Wind,319,Tuesday,November,Fall,6725
12/23/2022,19,20,Wind,357,Friday,December,Winter,13142
4/13/2022,9,10,Solar,103,Wednesday,April,Spring,2030
4/21/2023,15,16,Solar,111,Friday,April,Spring,7766
3/3/2025,20,21,Wind,62,Monday,March,Spring,3662
11/11/2022,11,12,Solar,315,Friday,November,Fall,6178
6/10/2023,19,20,Wind,161,Saturday,June,Summer,2892
8/25/2021,1,2,Wind,237,Wednesday,August,Summer,6301
2/4/2022,22,23,Wind,35,Friday,February,Winter,5142
2/3/2020,3,4,Wind,34,Monday,February,Winter,8082
3/24/2021,9,10,Solar,83,Wednesday,March,Spring,3598
4/25/2021,1,2,Wind,115,Sunday,April,Spring,8643
6/15/2024,17,18,Wind,167,Saturday,June,Summer,9554
1/7/2020,15,16,Wind,7,Tuesday,January,Winter,4202
3/25/2021,5,6,Wind,84,Thursday,March,Spring,1803
4/11/2021,4,5,Wind,101,Sunday,April,Spring,4909
12/25/2022,14,15,Wind,359,Sunday,December,Winter,9014
9/9/2025,19,20,Wind,252,Tuesday,September,Fall,2515
6/28/2020,2,3,Wind,180,Sunday,June,Summer,5007
4/29/2022,3,4,Wind,119,Friday,April,Spring,3276
4/8/2023,7,8,Wind,98,Saturday,April,Spring,3945
3/19/2023,6,7,Wind,78,Sunday,March,Spring,2707
3/23/2020,8,9,Wind,83,Monday,March,Spring,8097
7/4/2023,21,22,Wind,185,Tuesday,July,Summer,7479
9/2/2021,6,7,Wind,245,Thursday,September,Fall,5757
5/1/2024,4,5,Wind,122,Wednesday,May,Spring,1919
8/10/2024,8,9,Solar,223,Saturday,August,Summer,2611
4/6/2024,4,5,Wind,97,Saturday,April,Spring,13920
7/28/2020,15,16,Wind,210,Tuesday,July,Summer,7320
9/12/2023,14,15,Solar,255,Tuesday,September,Fall,4847
6/20/2022,7,8,Wind,171,Monday,June,Summer,3854
4/30/2024,4,5,Wind,121,Tuesday,April,Spring,3211
7/19/2021,8,9,Wind,200,Monday,July,Summer,3621
11/2/2024,5,6,Wind,307,Saturday,November,Fall,2593
10/23/2023,1,2,Wind,296,Monday,October,Fall,4629
11/8/2025,22,23,Wind,312,Saturday,November,Fall,2972
7/17/2022,7,8,Wind,198,Sunday,July,Summer,4452
8/21/2023,18,19,Solar,233,Monday,August,Summer,2986
4/14/2022,19,20,Wind,104,Thursday,April,Spring,1781
11/2/2023,14,15,Wind,306,Thursday,November,Fall,16663
3/11/2024,1,2,Wind,71,Monday,March,Spring,3569
5/19/2025,4,5,Wind,139,Monday,May,Spring,5554
8/18/2023,8,9,Wind,230,Friday,August,Summer,2753
1/24/2021,15,16,Wind,24,Sunday,January,Winter,9368
11/4/2025,19,20,Wind,308,Tuesday,November,Fall,14722
1/2/2025,17,18,Wind,2,Thursday,January,Winter,2940
11/7/2022,13,14,Wind,311,Monday,November,Fall,14582
6/21/2022,17,18,Solar,172,Tuesday,June,Summer,4256
10/23/2025,10,11,Wind,296,Thursday,October,Fall,21130
12/4/2021,5,6,Wind,338,Saturday,December,Winter,8479
6/30/2025,3,4,Wind,181,Monday,June,Summer,4201
11/6/2022,20,21,Wind,310,Sunday,November,Fall,11082
10/22/2021,15,16,Wind,295,Friday,October,Fall,7563
9/26/2024,17,18,Wind,270,Thursday,September,Fall,18099
11/10/2025,7,8,Wind,314,Monday,November,Fall,7424
12/14/2023,3,4,Wind,348,Thursday,December,Winter,7386
1/30/2025,15,16,Wind,30,Thursday,January,Winter,7524
12/26/2020,6,7,Wind,361,Saturday,December,Winter,2946
9/22/2025,17,18,Wind,265,Monday,September,Fall,8345
12/10/2024,1,2,Wind,345,Tuesday,December,Winter,10950
12/1/2020,4,5,Wind,336,Tuesday,December,Winter,7384
9/23/2021,2,3,Wind,266,Thursday,September,Fall,1187
7/17/2022,14,15,Solar,198,Sunday,July,Summer,8450
7/20/2020,17,18,Solar,202,Monday,July,Summer,4972
9/10/2023,8,9,Wind,253,Sunday,September,Fall,3618
7/10/2023,12,13,Solar,191,Monday,July,Summer,8155
2/10/2021,10,11,Wind,41,Wednesday,February,Winter,8366
1/29/2020,16,17,Wind,29,Wednesday,January,Winter,5091
9/16/2025,1,2,Wind,259,Tuesday,September,Fall,12139
11/29/2020,23,0,Wind,334,Sunday,November,Fall,1854
9/20/2022,10,11,Solar,263,Tuesday,September,Fall,4950
8/22/2020,8,9,Wind,235,Saturday,August,Summer,5453
1/9/2022,2,3,Wind,9,Sunday,January,Winter,13974
6/4/2020,1,2,Wind,156,Thursday,June,Summer,2997
11/4/2021,18,19,Wind,308,Thursday,November,Fall,3557
1/14/2023,17,18,Wind,14,Saturday,January,Winter,15699
2/21/2021,18,19,Wind,52,Sunday,February,Winter,6413
5/2/2021,21,22,Wind,122,Sunday,May,Spring,919
5/30/2025,4,5,Wind,150,Friday,May,Spring,790
2/8/2024,15,16,Wind,39,Thursday,February,Winter,17063
3/22/2023,7,8,Wind,81,Wednesday,March,Spring,10725
4/22/2023,3,4,Wind,112,Saturday,April,Spring,4253
3/27/2024,14,15,Wind,87,Wednesday,March,Spring,15606
12/25/2020,10,11,Wind,360,Friday,December,Winter,6831
12/24/2023,4,5,Wind,358,Sunday,December,Winter,10062
5/24/2024,13,14,Solar,145,Friday,May,Spring,5499
4/28/2020,18,19,Wind,119,Tuesday,April,Spring,7447
8/20/2025,22,23,Wind,232,Wednesday,August,Summer,3508
1/24/2022,1,2,Wind,24,Monday,January,Winter,3310
4/20/2023,16,17,Wind,110,Thursday,April,Spring,9461
9/2/2020,22,23,Wind,246,Wednesday,September,Fall,1225
9/2/2023,20,21,Wind,245,Saturday,September,Fall,2344
9/10/2020,10,11,Solar,254,Thursday,September,Fall,2771
8/22/2025,18,19,Solar,234,Friday,August,Summer,5766
5/24/2023,9,10,Solar,144,Wednesday,May,Spring,6816
1/11/2025,9,10,Wind,11,Saturday,January,Winter,2854
2/28/2024,0,1,Wind,59,Wednesday,February,Winter,4724
3/6/2020,14,15,Wind,66,Friday,March,Spring,8581
8/18/2020,18,19,Wind,231,Tuesday,August,Summer,3539
2/18/2022,3,4,Wind,49,Friday,February,Winter,9335
9/3/2021,14,15,Solar,246,Friday,September,Fall,3775
3/24/2020,23,0,Wind,84,Tuesday,March,Spring,7447
8/25/2024,20,21,Wind,238,Sunday,August,Summer,2137
10/22/2021,0,1,Wind,295,Friday,October,Fall,2121
7/17/2021,19,20,Wind,198,Saturday,July,Summer,5398
10/30/2022,8,9,Wind,303,Sunday,October,Fall,5100
3/9/2021,15,16,Solar,68,Tuesday,March,Spring,5136
6/23/2020,1,2,Wind,175,Tuesday,June,Summer,2034
4/22/2023,1,2,Wind,112,Saturday,April,Spring,4008
7/12/2024,12,13,Solar,194,Friday,July,Summer,7573
9/5/2024,22,23,Wind,249,Thursday,September,Fall,700
4/16/2021,1,2,Wind,106,Friday,April,Spring,5880
5/17/2022,2,3,Wind,137,Tuesday,May,Spring,2321
10/1/2024,23,0,Wind,275,Tuesday,October,Fall,4747
9/27/2021,8,9,Wind,270,Monday,September,Fall,6867
4/3/2020,8,9,Wind,94,Friday,April,Spring,2170
1/17/2023,23,0,Wind,17,Tuesday,January,Winter,4827
11/7/2024,13,14,Solar,312,Thursday,November,Fall,5149
3/31/2020,1,2,Wind,91,Tuesday,March,Spring,6769
3/28/2020,22,23,Wind,88,Saturday,March,Spring,11081
9/14/2024,12,13,Solar,258,Saturday,September,Fall,10121
10/18/2025,16,17,Solar,291,Saturday,October,Fall,7924
10/31/2021,17,18,Wind,304,Sunday,October,Fall,10469
4/28/2022,15,16,Solar,118,Thursday,April,Spring,7312
1/24/2024,19,20,Wind,24,Wednesday,January,Winter,6892
6/24/2021,22,23,Wind,175,Thursday,June,Summer,1974
12/11/2023,16,17,Wind,345,Monday,December,Winter,6768
1/27/2024,11,12,Solar,27,Saturday,January,Winter,5814
8/15/2022,14,15,Solar,227,Monday,August,Summer,8036
1/29/2021,3,4,Wind,29,Friday,January,Winter,13907
9/5/2020,1,2,Wind,249,Saturday,September,Fall,2121
8/12/2024,16,17,Solar,225,Monday,August,Summer,8871
1/26/2021,13,14,Wind,26,Tuesday,January,Winter,5482
4/11/2025,20,21,Wind,101,Friday,April,Spring,4837
7/11/2025,11,12,Solar,192,Friday,July,Summer,11758
5/16/2025,13,14,Solar,136,Friday,May,Spring,7092
10/25/2025,16,17,Wind,298,Saturday,October,Fall,9821
1/31/2021,22,23,Wind,31,Sunday,January,Winter,5906
5/25/2025,13,14,Wind,145,Sunday,May,Spring,9581
7/5/2022,9,10,Solar,186,Tuesday,July,Summer,4126
11/19/2020,9,10,Wind,324,Thursday,November,Fall,9061
10/18/2022,22,23,Wind,291,Tuesday,October,Fall,5538
1/15/2023,3,4,Wind,15,Sunday,January,Winter,10240
5/2/2022,20,21,Wind,122,Monday,May,Spring,3792
10/8/2020,3,4,Wind,282,Thursday,October,Fall,6421
11/24/2023,1,2,Wind,328,Friday,November,Fall,8505
5/17/2020,10,11,Solar,138,Sunday,May,Spring,4507
3/18/2022,3,4,Wind,77,Friday,March,Spring,6998
10/28/2023,22,23,Wind,301,Saturday,October,Fall,16635
5/19/2021,2,3,Wind,139,Wednesday,May,Spring,3258
7/17/2022,20,21,Wind,198,Sunday,July,Summer,2312
7/22/2023,11,12,Solar,203,Saturday,July,Summer,10194
11/12/2024,13,14,Wind,317,Tuesday,November,Fall,13235
3/27/2022,9,10,Wind,86,Sunday,March,Spring,4841
4/5/2022,17,18,Wind,95,Tuesday,April,Spring,9675
8/29/2023,20,21,Wind,241,Tuesday,August,Summer,1992
6/23/2025,22,23,Wind,174,Monday,June,Summer,3779
2/9/2020,20,21,Wind,40,Sunday,February,Winter,11896
1/5/2023,6,7,Wind,5,Thursday,January,Winter,7965
9/15/2023,20,21,Wind,258,Friday,September,Fall,3195
9/15/2023,23,0,Wind,258,Friday,September,Fall,4953
11/14/2020,15,16,Wind,319,Saturday,November,Fall,8436
2/11/2022,17,18,Wind,42,Friday,February,Winter,2107
2/20/2025,4,5,Wind,51,Thursday,February,Winter,7070
6/28/2025,8,9,Solar,179,Saturday,June,Summer,3941
8/6/2022,4,5,Wind,218,Saturday,August,Summer,5611
5/24/2020,23,0,Wind,145,Sunday,May,Spring,2435
6/13/2025,23,0,Wind,164,Friday,June,Summer,5332
5/3/2025,16,17,Solar,123,Saturday,May,Spring,10481
11/22/2024,7,8,Wind,327,Friday,November,Fall,9522
8/22/2021,9,10,Wind,234,Sunday,August,Summer,4991
1/10/2023,12,13,Wind,10,Tuesday,January,Winter,15075
6/21/2021,4,5,Wind,172,Monday,June,Summer,2933
9/20/2022,17,18,Solar,263,Tuesday,September,Fall,5469
1/27/2021,17,18,Wind,27,Wednesday,January,Winter,3743
9/23/2020,9,10,Wind,267,Wednesday,September,Fall,4073
4/8/2020,18,19,Solar,99,Wednesday,April,Spring,1595
10/9/2024,7,8,Wind,283,Wednesday,October,Fall,8883
5/7/2025,0,1,Wind,127,Wednesday,May,Spring,9348
9/14/2023,21,22,Wind,257,Thursday,September,Fall,1857
2/11/2020,5,6,Wind,42,Tuesday,February,Winter,11769
1/17/2020,12,13,Wind,17,Friday,January,Winter,8804
3/24/2025,14,15,Solar,83,Monday,March,Spring,6048
8/7/2024,10,11,Solar,220,Wednesday,August,Summer,5496
5/15/2025,1,2,Wind,135,Thursday,May,Spring,6358
3/22/2023,6,7,Wind,81,Wednesday,March,Spring,9994
11/26/2020,16,17,Wind,331,Thursday,November,Fall,1476
5/13/2020,20,21,Wind,134,Wednesday,May,Spring,7492
3/18/2025,1,2,Wind,77,Tuesday,March,Spring,12131
11/6/2025,10,11,Wind,310,Thursday,November,Fall,6247
8/19/2021,3,4,Wind,231,Thursday,August,Summer,1695
2/23/2020,4,5,Wind,54,Sunday,February,Winter,9644
4/23/2025,3,4,Wind,113,Wednesday,April,Spring,6268
5/10/2022,2,3,Wind,130,Tuesday,May,Spring,1193
12/1/2023,20,21,Wind,335,Friday,December,Winter,5060
7/21/2021,2,3,Wind,202,Wednesday,July,Summer,2864
9/23/2022,5,6,Wind,266,Friday,September,Fall,546
1/3/2023,10,11,Wind,3,Tuesday,January,Winter,6763
12/7/2024,22,23,Wind,342,Saturday,December,Winter,17557
3/28/2022,3,4,Wind,87,Monday,March,Spring,1693
10/7/2020,10,11,Wind,281,Wednesday,October,Fall,6946
8/23/2022,21,22,Wind,235,Tuesday,August,Summer,736
5/27/2023,20,21,Wind,147,Saturday,May,Spring,3594
10/10/2023,20,21,Wind,283,Tuesday,October,Fall,2170
5/17/2025,4,5,Wind,137,Saturday,May,Spring,4673
5/21/2020,21,22,Wind,142,Thursday,May,Spring,660
3/15/2023,7,8,Wind,74,Wednesday,March,Spring,2413
12/14/2024,10,11,Wind,349,Saturday,December,Winter,3475
1/19/2025,14,15,Solar,19,Sunday,January,Winter,3805
12/29/2021,1,2,Wind,363,Wednesday,December,Winter,9126
1/29/2025,1,2,Wind,29,Wednesday,January,Winter,17602
1/22/2024,2,3,Wind,22,Monday,January,Winter,16724
8/21/2023,8,9,Solar,233,Monday,August,Summer,2472
9/16/2022,21,22,Wind,259,Friday,September,Fall,5135
4/21/2023,7,8,Wind,111,Friday,April,Spring,3141
4/22/2023,15,16,Wind,112,Saturday,April,Spring,9856
11/5/2021,22,23,Wind,309,Friday,November,Fall,2244
12/23/2024,6,7,Wind,358,Monday,December,Winter,16444
3/9/2022,17,18,Wind,68,Wednesday,March,Spring,5318
8/10/2025,23,0,Wind,222,Sunday,August,Summer,7903
2/17/2023,1,2,Wind,48,Friday,February,Winter,7099
8/29/2020,18,19,Wind,242,Saturday,August,Summer,4957
8/29/2025,9,10,Wind,241,Friday,August,Summer,13975
2/5/2021,7,8,Wind,36,Friday,February,Winter,1837
5/13/2020,10,11,Wind,134,Wednesday,May,Spring,5295
1/27/2024,1,2,Wind,27,Saturday,January,Winter,1993
2/13/2025,8,9,Wind,44,Thursday,February,Winter,1808
3/10/2022,20,21,Wind,69,Thursday,March,Spring,6268
7/2/2022,4,5,Wind,183,Saturday,July,Summer,780
2/11/2022,21,22,Wind,42,Friday,February,Winter,2877
12/18/2022,16,17,Wind,352,Sunday,December,Winter,9972
4/7/2023,14,15,Solar,97,Friday,April,Spring,8432
1/9/2025,12,13,Wind,9,Thursday,January,Winter,13546
12/19/2020,23,0,Wind,354,Saturday,December,Winter,5475
2/18/2022,12,13,Wind,49,Friday,February,Winter,18336
10/16/2025,7,8,Wind,289,Thursday,October,Fall,5067
9/29/2020,23,0,Wind,273,Tuesday,September,Fall,648
8/17/2025,3,4,Wind,229,Sunday,August,Summer,5689
9/29/2022,10,11,Solar,272,Thursday,September,Fall,3096
4/22/2024,22,23,Wind,113,Monday,April,Spring,4627
7/3/2025,23,0,Wind,184,Thursday,July,Summer,6293
10/1/2020,10,11,Wind,275,Thursday,October,Fall,6509
2/24/2024,2,3,Wind,55,Saturday,February,Winter,7042
6/26/2024,23,0,Wind,178,Wednesday,June,Summer,1220
11/17/2022,11,12,Wind,321,Thursday,November,Fall,15564
8/23/2022,1,2,Wind,235,Tuesday,August,Summer,1180
3/8/2025,12,13,Wind,67,Saturday,March,Spring,14394
4/25/2020,6,7,Wind,116,Saturday,April,Spring,1918
3/29/2025,13,14,Wind,88,Saturday,March,Spring,14163
3/20/2021,1,2,Wind,79,Saturday,March,Spring,6045
3/26/2021,14,15,Wind,85,Friday,March,Spring,11408
4/25/2023,0,1,Wind,115,Tuesday,April,Spring,2929
10/16/2020,7,8,Wind,290,Friday,October,Fall,2998
7/15/2022,15,16,Solar,196,Friday,July,Summer,7499
8/28/2023,4,5,Wind,240,Monday,August,Summer,3258
1/9/2024,0,1,Wind,9,Tuesday,January,Winter,4857
11/5/2025,15,16,Wind,309,Wednesday,November,Fall,12356
12/14/2020,22,23,Wind,349,Monday,December,Winter,6487
7/31/2022,23,0,Wind,212,Sunday,July,Summer,3161
1/14/2023,20,21,Wind,14,Saturday,January,Winter,13584
4/13/2020,16,17,Wind,104,Monday,April,Spring,11122
2/26/2024,13,14,Wind,57,Monday,February,Winter,14168
9/3/2020,6,7,Wind,247,Thursday,September,Fall,1674
12/21/2020,16,17,Wind,356,Monday,December,Winter,11318
4/24/2023,0,1,Wind,114,Monday,April,Spring,9557
4/30/2023,20,21,Wind,120,Sunday,April,Spring,1754
8/27/2021,10,11,Solar,239,Friday,August,Summer,5627
9/16/2022,11,12,Solar,259,Friday,September,Fall,6902
11/21/2025,1,2,Wind,325,Friday,November,Fall,4563
9/22/2022,13,14,Solar,265,Thursday,September,Fall,6248
6/26/2021,18,19,Solar,177,Saturday,June,Summer,2918
5/24/2023,21,22,Wind,144,Wednesday,May,Spring,6974
7/21/2020,19,20,Wind,203,Tuesday,July,Summer,3934
8/8/2021,12,13,Wind,220,Sunday,August,Summer,9302
3/5/2021,12,13,Wind,64,Friday,March,Spring,9127
7/28/2022,23,0,Wind,209,Thursday,July,Summer,1995
8/6/2023,1,2,Wind,218,Sunday,August,Summer,13743
12/2/2022,15,16,Wind,336,Friday,December,Winter,3878
10/11/2023,17,18,Wind,284,Wednesday,October,Fall,6965
11/20/2022,1,2,Wind,324,Sunday,November,Fall,4543
7/15/2023,10,11,Wind,196,Saturday,July,Summer,11920
2/9/2023,10,11,Solar,40,Thursday,February,Winter,4291
3/11/2024,14,15,Wind,71,Monday,March,Spring,10464
2/28/2023,17,18,Wind,59,Tuesday,February,Winter,7747
7/19/2022,0,1,Wind,200,Tuesday,July,Summer,5843
3/24/2022,23,0,Wind,83,Thursday,March,Spring,5843
7/31/2021,2,3,Wind,212,Saturday,July,Summer,5229
2/1/2025,5,6,Wind,32,Saturday,February,Winter,3211
8/29/2020,10,11,Wind,242,Saturday,August,Summer,3727
1/21/2021,3,4,Wind,21,Thursday,January,Winter,12756
7/3/2022,3,4,Wind,184,Sunday,July,Summer,1428
9/14/2025,0,1,Wind,257,Sunday,September,Fall,5040
12/22/2021,8,9,Wind,356,Wednesday,December,Winter,3172
2/6/2021,18,19,Wind,37,Saturday,February,Winter,4300
3/9/2020,16,17,Wind,69,Monday,March,Spring,8263
2/5/2022,7,8,Wind,36,Saturday,February,Winter,3579
10/31/2025,20,21,Wind,304,Friday,October,Fall,14868
4/7/2025,18,19,Solar,97,Monday,April,Spring,5498
8/2/2021,2,3,Wind,214,Monday,August,Summer,1200
6/11/2025,17,18,Solar,162,Wednesday,June,Summer,8263
10/25/2022,13,14,Solar,298,Tuesday,October,Fall,5679
10/21/2022,5,6,Wind,294,Friday,October,Fall,9051
10/20/2025,13,14,Wind,293,Monday,October,Fall,19753
8/14/2025,19,20,Wind,226,Thursday,August,Summer,3576
1/30/2024,8,9,Wind,30,Tuesday,January,Winter,6919
7/6/2023,9,10,Solar,187,Thursday,July,Summer,3928
6/8/2020,14,15,Solar,160,Monday,June,Summer,5620
10/7/2021,7,8,Wind,280,Thursday,October,Fall,1491
4/4/2021,4,5,Wind,94,Sunday,April,Spring,5664
11/26/2020,14,15,Solar,331,Thursday,November,Fall,2923
12/30/2024,10,11,Solar,365,Monday,December,Winter,2306
8/30/2022,14,15,Solar,242,Tuesday,August,Summer,5938
7/19/2021,10,11,Solar,200,Monday,July,Summer,5500
7/24/2021,8,9,Wind,205,Saturday,July,Summer,4225
2/21/2021,5,6,Wind,52,Sunday,February,Winter,8883
4/27/2022,2,3,Wind,117,Wednesday,April,Spring,5575
1/4/2023,12,13,Wind,4,Wednesday,January,Winter,17318
7/11/2021,0,1,Wind,192,Sunday,July,Summer,1348
11/4/2025,20,21,Wind,308,Tuesday,November,Fall,14429
9/12/2022,8,9,Wind,255,Monday,September,Fall,3604
9/2/2022,6,7,Wind,245,Friday,September,Fall,1890
5/5/2021,9,10,Wind,125,Wednesday,May,Spring,9071
1/29/2021,19,20,Wind,29,Friday,January,Winter,11119
11/26/2023,22,23,Wind,330,Sunday,November,Fall,5154
11/7/2024,20,21,Wind,312,Thursday,November,Fall,3375
8/3/2021,19,20,Wind,215,Tuesday,August,Summer,1828
4/19/2022,8,9,Wind,109,Tuesday,April,Spring,2444
8/8/2021,14,15,Wind,220,Sunday,August,Summer,9714
1/2/2022,6,7,Wind,2,Sunday,January,Winter,8787
2/5/2024,21,22,Wind,36,Monday,February,Winter,8276
7/11/2021,2,3,Wind,192,Sunday,July,Summer,1192
9/20/2020,21,22,Wind,264,Sunday,September,Fall,2433
11/11/2024,11,12,Wind,316,Monday,November,Fall,6891
7/31/2024,4,5,Wind,213,Wednesday,July,Summer,2129
3/21/2020,0,1,Wind,81,Saturday,March,Spring,7735
10/14/2021,14,15,Solar,287,Thursday,October,Fall,5650
1/19/2025,22,23,Wind,19,Sunday,January,Winter,1188
10/7/2024,13,14,Wind,281,Monday,October,Fall,6044
2/13/2025,2,3,Wind,44,Thursday,February,Winter,1090
6/11/2022,8,9,Solar,162,Saturday,June,Summer,2423
10/25/2023,9,10,Wind,298,Wednesday,October,Fall,10380
3/18/2024,10,11,Solar,78,Monday,March,Spring,5581
9/21/2020,4,5,Wind,265,Monday,September,Fall,817
11/28/2025,7,8,Wind,332,Friday,November,Fall,7806
4/7/2020,4,5,Wind,98,Tuesday,April,Spring,1718
3/2/2020,10,11,Wind,62,Monday,March,Spring,5353
7/23/2020,10,11,Solar,205,Thursday,July,Summer,2720
3/22/2022,23,0,Wind,81,Tuesday,March,Spring,4199
2/22/2023,22,23,Wind,53,Wednesday,February,Winter,1437
10/4/2023,0,1,Wind,277,Wednesday,October,Fall,3511
10/26/2023,17,18,Wind,299,Thursday,October,Fall,4734
2/25/2023,19,20,Wind,56,Saturday,February,Winter,8542
8/28/2024,21,22,Wind,241,Wednesday,August,Summer,2163
11/13/2020,15,16,Wind,318,Friday,November,Fall,4593
4/29/2021,16,17,Solar,119,Thursday,April,Spring,3421
4/15/2024,21,22,Wind,106,Monday,April,Spring,14523
2/17/2024,9,10,Wind,48,Saturday,February,Winter,4037
10/18/2020,22,23,Wind,292,Sunday,October,Fall,912
10/7/2023,10,11,Solar,280,Saturday,October,Fall,6141
7/17/2021,23,0,Wind,198,Saturday,July,Summer,5090
10/30/2022,20,21,Wind,303,Sunday,October,Fall,2069
2/2/2021,10,11,Wind,33,Tuesday,February,Winter,11997
6/25/2020,5,6,Wind,177,Thursday,June,Summer,3558
5/3/2025,17,18,Solar,123,Saturday,May,Spring,9346
11/12/2021,0,1,Wind,316,Friday,November,Fall,934
8/2/2024,11,12,Solar,215,Friday,August,Summer,6672
9/26/2020,20,21,Wind,270,Saturday,September,Fall,8134
9/21/2023,3,4,Wind,264,Thursday,September,Fall,9550
4/23/2022,9,10,Wind,113,Saturday,April,Spring,6361
1/2/2021,18,19,Wind,2,Saturday,January,Winter,1837
12/17/2021,18,19,Wind,351,Friday,December,Winter,8144
11/23/2021,12,13,Wind,327,Tuesday,November,Fall,9900
12/13/2023,1,2,Wind,347,Wednesday,December,Winter,9953
10/27/2024,9,10,Solar,301,Sunday,October,Fall,3309
9/7/2025,1,2,Wind,250,Sunday,September,Fall,6555
8/22/2020,2,3,Wind,235,Saturday,August,Summer,5104
7/30/2022,21,22,Wind,211,Saturday,July,Summer,1951
8/26/2025,8,9,Wind,238,Tuesday,August,Summer,5983
11/1/2020,11,12,Wind,306,Sunday,November,Fall,13574
6/20/2025,10,11,Solar,171,Friday,June,Summer,8561
9/22/2023,12,13,Wind,265,Friday,September,Fall,11770
1/20/2025,5,6,Wind,20,Monday,January,Winter,1668
10/20/2021,5,6,Wind,293,Wednesday,October,Fall,10713
12/20/2020,15,16,Wind,355,Sunday,December,Winter,4461
8/9/2025,19,20,Wind,221,Saturday,August,Summer,5496
11/20/2024,3,4,Wind,325,Wednesday,November,Fall,8076
7/2/2025,17,18,Wind,183,Wednesday,July,Summer,11247
1/23/2020,21,22,Wind,23,Thursday,January,Winter,2993
8/11/2021,3,4,Wind,223,Wednesday,August,Summer,704
6/10/2020,16,17,Solar,162,Wednesday,June,Summer,3105
8/9/2021,6,7,Wind,221,Monday,August,Summer,2967
11/5/2020,20,21,Wind,310,Thursday,November,Fall,8082
4/23/2024,1,2,Wind,114,Tuesday,April,Spring,4273
7/30/2024,23,0,Wind,212,Tuesday,July,Summer,2765
7/23/2022,15,16,Solar,204,Saturday,July,Summer,6571
12/25/2020,1,2,Wind,360,Friday,December,Winter,6863
8/8/2024,1,2,Wind,221,Thursday,August,Summer,1289
12/30/2022,17,18,Wind,364,Friday,December,Winter,15843
2/25/2022,10,11,Wind,56,Friday,February,Winter,7997
10/21/2023,12,13,Wind,294,Saturday,October,Fall,20931
7/21/2021,5,6,Wind,202,Wednesday,July,Summer,1927
11/15/2023,10,11,Wind,319,Wednesday,November,Fall,10577
1/9/2023,17,18,Wind,9,Monday,January,Winter,13412
11/8/2021,7,8,Wind,312,Monday,November,Fall,1922
4/14/2021,22,23,Wind,104,Wednesday,April,Spring,5346
6/27/2021,20,21,Wind,178,Sunday,June,Summer,1366
2/5/2020,17,18,Wind,36,Wednesday,February,Winter,1746
9/17/2021,2,3,Wind,260,Friday,September,Fall,711
12/29/2023,6,7,Wind,363,Friday,December,Winter,12493
12/2/2022,1,2,Wind,336,Friday,December,Winter,2232
7/23/2021,13,14,Solar,204,Friday,July,Summer,7412
1/26/2025,4,5,Wind,26,Sunday,January,Winter,10046
6/3/2022,21,22,Wind,154,Friday,June,Summer,2859
6/23/2022,0,1,Wind,174,Thursday,June,Summer,1625
4/23/2021,17,18,Wind,113,Friday,April,Spring,7944
3/23/2022,16,17,Solar,82,Wednesday,March,Spring,5220
4/3/2023,1,2,Wind,93,Monday,April,Spring,5706
6/16/2023,8,9,Solar,167,Friday,June,Summer,2630
11/16/2024,19,20,Wind,321,Saturday,November,Fall,2040
6/22/2025,13,14,Solar,173,Sunday,June,Summer,5526
2/24/2023,11,12,Wind,55,Friday,February,Winter,6498
10/17/2020,17,18,Solar,291,Saturday,October,Fall,1367
5/11/2022,10,11,Solar,131,Wednesday,May,Spring,7976
6/20/2023,19,20,Wind,171,Tuesday,June,Summer,3357
5/22/2022,23,0,Wind,142,Sunday,May,Spring,3313
10/30/2024,6,7,Wind,304,Wednesday,October,Fall,1827
2/20/2020,19,20,Wind,51,Thursday,February,Winter,10617
6/22/2022,9,10,Solar,173,Wednesday,June,Summer,3779
3/31/2021,19,20,Wind,90,Wednesday,March,Spring,1121
12/30/2024,0,1,Wind,365,Monday,December,Winter,709
3/20/2020,10,11,Wind,80,Friday,March,Spring,6229
12/25/2021,6,7,Wind,359,Saturday,December,Winter,1843
3/28/2023,1,2,Wind,87,Tuesday,March,Spring,2283
6/30/2022,15,16,Solar,181,Thursday,June,Summer,5921
7/24/2025,23,0,Wind,205,Thursday,July,Summer,2166
2/27/2022,20,21,Wind,58,Sunday,February,Winter,6011
3/16/2025,17,18,Wind,75,Sunday,March,Spring,7970
6/15/2024,11,12,Wind,167,Saturday,June,Summer,10538
1/13/2023,19,20,Wind,13,Friday,January,Winter,10798
2/10/2020,16,17,Wind,41,Monday,February,Winter,13770
11/8/2021,17,18,Wind,312,Monday,November,Fall,1805
1/10/2025,16,17,Wind,10,Friday,January,Winter,2433
6/2/2020,23,0,Wind,154,Tuesday,June,Summer,1765
12/18/2022,4,5,Wind,352,Sunday,December,Winter,5927
11/19/2023,11,12,Wind,323,Sunday,November,Fall,16559
4/14/2020,4,5,Wind,105,Tuesday,April,Spring,7144
6/21/2024,10,11,Solar,173,Friday,June,Summer,5580
5/21/2021,6,7,Wind,141,Friday,May,Spring,8861
6/25/2021,1,2,Wind,176,Friday,June,Summer,2038
10/9/2023,11,12,Solar,282,Monday,October,Fall,5494
4/11/2024,5,6,Wind,102,Thursday,April,Spring,3540
1/12/2025,6,7,Wind,12,Sunday,January,Winter,3081
12/28/2024,17,18,Wind,363,Saturday,December,Winter,354
7/20/2020,4,5,Wind,202,Monday,July,Summer,2939
5/18/2020,5,6,Wind,139,Monday,May,Spring,1868
2/6/2022,19,20,Wind,37,Sunday,February,Winter,16044
4/30/2023,5,6,Wind,120,Sunday,April,Spring,3818
2/29/2024,13,14,Wind,60,Thursday,February,Winter,12775
8/17/2022,20,21,Wind,229,Wednesday,August,Summer,1406
3/12/2022,2,3,Wind,71,Saturday,March,Spring,9389
3/21/2020,15,16,Wind,81,Saturday,March,Spring,11152
2/2/2025,9,10,Wind,33,Sunday,February,Winter,3472
2/14/2022,5,6,Wind,45,Monday,February,Winter,11744
8/9/2023,20,21,Wind,221,Wednesday,August,Summer,1211
2/23/2024,8,9,Wind,54,Friday,February,Winter,14058
6/30/2020,0,1,Wind,182,Tuesday,June,Summer,3738
8/14/2023,17,18,Solar,226,Monday,August,Summer,7241
4/10/2022,15,16,Solar,100,Sunday,April,Spring,7678
6/9/2025,10,11,Solar,160,Monday,June,Summer,3733
5/7/2024,12,13,Solar,128,Tuesday,May,Spring,7214
5/31/2022,10,11,Solar,151,Tuesday,May,Spring,4174
7/24/2025,0,1,Wind,205,Thursday,July,Summer,2396
3/14/2024,16,17,Wind,74,Thursday,March,Spring,9218
5/30/2025,17,18,Solar,150,Friday,May,Spring,6501
9/27/2020,22,23,Wind,271,Sunday,September,Fall,5190
9/27/2022,14,15,Wind,270,Tuesday,September,Fall,13231
1/27/2020,2,3,Wind,27,Monday,January,Winter,8486
6/28/2021,17,18,Solar,179,Monday,June,Summer,3945
10/3/2020,0,1,Wind,277,Saturday,October,Fall,3195
6/12/2025,11,12,Solar,163,Thursday,June,Summer,5733
9/2/2025,17,18,Wind,245,Tuesday,September,Fall,15009
6/4/2023,17,18,Wind,155,Sunday,June,Summer,7894
12/2/2024,8,9,Wind,337,Monday,December,Winter,8193
6/4/2023,20,21,Wind,155,Sunday,June,Summer,5847
3/25/2023,5,6,Wind,84,Saturday,March,Spring,14863
5/2/2024,12,13,Wind,123,Thursday,May,Spring,12077
9/18/2024,21,22,Wind,262,Wednesday,September,Fall,8671
10/9/2025,8,9,Wind,282,Thursday,October,Fall,2496
9/11/2022,2,3,Wind,254,Sunday,September,Fall,664
1/29/2025,15,16,Wind,29,Wednesday,January,Winter,12248
3/29/2021,9,10,Wind,88,Monday,March,Spring,4622
5/31/2023,22,23,Wind,151,Wednesday,May,Spring,8211
8/31/2024,23,0,Wind,244,Saturday,August,Summer,5370
11/6/2023,1,2,Wind,310,Monday,November,Fall,12102
3/25/2021,8,9,Wind,84,Thursday,March,Spring,2635
8/5/2024,8,9,Solar,218,Monday,August,Summer,2548
7/2/2021,5,6,Wind,183,Friday,July,Summer,405
1/27/2025,4,5,Wind,27,Monday,January,Winter,18396
5/15/2020,18,19,Wind,136,Friday,May,Spring,4342
9/6/2021,4,5,Wind,249,Monday,September,Fall,1107
10/24/2021,20,21,Wind,297,Sunday,October,Fall,3398
12/6/2024,7,8,Wind,341,Friday,December,Winter,14357
8/26/2023,22,23,Wind,238,Saturday,August,Summer,1513
5/4/2020,16,17,Solar,125,Monday,May,Spring,5092
10/17/2022,7,8,Wind,290,Monday,October,Fall,7554
8/2/2022,10,11,Solar,214,Tuesday,August,Summer,5062
4/13/2025,15,16,Wind,103,Sunday,April,Spring,4463
4/25/2022,7,8,Wind,115,Monday,April,Spring,3208
10/26/2022,13,14,Wind,299,Wednesday,October,Fall,8890
12/7/2022,4,5,Wind,341,Wednesday,December,Winter,2473
10/24/2025,19,20,Wind,297,Friday,October,Fall,12506
8/31/2020,9,10,Wind,244,Monday,August,Summer,3237
6/30/2022,17,18,Wind,181,Thursday,June,Summer,5168
11/4/2025,15,16,Wind,308,Tuesday,November,Fall,12341
8/17/2022,21,22,Wind,229,Wednesday,August,Summer,1307
12/8/2020,11,12,Wind,343,Tuesday,December,Winter,2686
3/24/2020,1,2,Wind,84,Tuesday,March,Spring,6628
7/21/2023,14,15,Solar,202,Friday,July,Summer,8927
6/28/2023,0,1,Wind,179,Wednesday,June,Summer,2630
9/14/2022,12,13,Solar,257,Wednesday,September,Fall,5716
5/29/2020,15,16,Wind,150,Friday,May,Spring,7953
8/19/2022,17,18,Wind,231,Friday,August,Summer,7064
8/17/2025,4,5,Wind,229,Sunday,August,Summer,6032
4/1/2025,17,18,Wind,91,Tuesday,April,Spring,13004
10/13/2024,9,10,Wind,287,Sunday,October,Fall,2980
4/5/2022,12,13,Wind,95,Tuesday,April,Spring,9346
4/29/2021,14,15,Solar,119,Thursday,April,Spring,4221
2/25/2023,14,15,Wind,56,Saturday,February,Winter,9931
7/19/2023,17,18,Wind,200,Wednesday,July,Summer,11158
10/10/2022,1,2,Wind,283,Monday,October,Fall,4732
4/17/2021,0,1,Wind,107,Saturday,April,Spring,4306
12/21/2021,20,21,Wind,355,Tuesday,December,Winter,3015
4/22/2021,21,22,Wind,112,Thursday,April,Spring,6303
11/23/2025,17,18,Wind,327,Sunday,November,Fall,10653
6/11/2024,5,6,Wind,163,Tuesday,June,Summer,1874
5/27/2024,20,21,Wind,148,Monday,May,Spring,3315
9/28/2020,19,20,Wind,272,Monday,September,Fall,4208
8/7/2023,3,4,Wind,219,Monday,August,Summer,3593
3/29/2021,22,23,Wind,88,Monday,March,Spring,2491
5/22/2021,21,22,Wind,142,Saturday,May,Spring,5778
11/19/2021,14,15,Solar,323,Friday,November,Fall,3318
1/27/2025,5,6,Wind,27,Monday,January,Winter,18096
8/13/2025,9,10,Solar,225,Wednesday,August,Summer,4027
9/14/2021,17,18,Wind,257,Tuesday,September,Fall,3219
5/8/2022,2,3,Wind,128,Sunday,May,Spring,4076
7/3/2022,2,3,Wind,184,Sunday,July,Summer,1530
7/24/2021,0,1,Wind,205,Saturday,July,Summer,5890
11/21/2022,0,1,Wind,325,Monday,November,Fall,7993
4/5/2023,10,11,Solar,95,Wednesday,April,Spring,5948
8/11/2025,14,15,Solar,223,Monday,August,Summer,11543
7/13/2021,11,12,Wind,194,Tuesday,July,Summer,5885
9/19/2022,6,7,Wind,262,Monday,September,Fall,2502
12/5/2024,17,18,Wind,340,Thursday,December,Winter,15699
11/1/2025,9,10,Wind,305,Saturday,November,Fall,14047
11/17/2025,3,4,Wind,321,Monday,November,Fall,5317
8/16/2020,20,21,Wind,229,Sunday,August,Summer,1759
1/22/2023,12,13,Wind,22,Sunday,January,Winter,7106
5/24/2025,17,18,Wind,144,Saturday,May,Spring,13001
1/21/2021,12,13,Wind,21,Thursday,January,Winter,12248
7/17/2023,11,12,Solar,198,Monday,July,Summer,7791
10/28/2022,10,11,Wind,301,Friday,October,Fall,8983
7/8/2021,0,1,Wind,189,Thursday,July,Summer,1738
6/6/2021,19,20,Wind,157,Sunday,June,Summer,2910
9/12/2025,2,3,Wind,255,Friday,September,Fall,10052
10/13/2024,15,16,Solar,287,Sunday,October,Fall,5251
2/13/2023,5,6,Wind,44,Monday,February,Winter,3438
4/21/2023,16,17,Solar,111,Friday,April,Spring,7315
12/22/2024,4,5,Wind,357,Sunday,December,Winter,18507
6/11/2020,19,20,Wind,163,Thursday,June,Summer,3890
10/17/2021,4,5,Wind,290,Sunday,October,Fall,1793
4/7/2022,9,10,Wind,97,Thursday,April,Spring,16777
11/25/2024,19,20,Wind,330,Monday,November,Fall,6360
5/30/2024,14,15,Wind,151,Thursday,May,Spring,11924
11/19/2023,14,15,Wind,323,Sunday,November,Fall,17043
2/4/2024,20,21,Wind,35,Sunday,February,Winter,8328
9/23/2022,4,5,Wind,266,Friday,September,Fall,505
5/17/2023,15,16,Wind,137,Wednesday,May,Spring,13945
5/2/2024,23,0,Wind,123,Thursday,May,Spring,9680
9/21/2025,12,13,Solar,264,Sunday,September,Fall,4035
8/28/2025,13,14,Wind,240,Thursday,August,Summer,12192
1/15/2023,18,19,Wind,15,Sunday,January,Winter,14920
3/30/2024,0,1,Wind,90,Saturday,March,Spring,4270
11/27/2024,1,2,Wind,332,Wednesday,November,Fall,8974
3/11/2022,8,9,Wind,70,Friday,March,Spring,12227
8/27/2022,23,0,Wind,239,Saturday,August,Summer,4610
11/9/2025,16,17,Wind,313,Sunday,November,Fall,4511
4/3/2021,2,3,Wind,93,Saturday,April,Spring,9279
7/5/2022,12,13,Solar,186,Tuesday,July,Summer,7173
10/2/2020,16,17,Wind,276,Friday,October,Fall,4517
3/3/2024,19,20,Wind,63,Sunday,March,Spring,4860
10/30/2020,22,23,Wind,304,Friday,October,Fall,2173
1/29/2025,13,14,Wind,29,Wednesday,January,Winter,14188
6/7/2025,2,3,Wind,158,Saturday,June,Summer,5372
7/17/2022,4,5,Wind,198,Sunday,July,Summer,5437
9/21/2021,2,3,Wind,264,Tuesday,September,Fall,3038
8/21/2022,15,16,Solar,233,Sunday,August,Summer,5244
10/28/2022,1,2,Wind,301,Friday,October,Fall,7785
3/14/2025,1,2,Wind,73,Friday,March,Spring,2246
4/22/2024,23,0,Wind,113,Monday,April,Spring,4362
8/15/2021,14,15,Solar,227,Sunday,August,Summer,6192
11/1/2023,8,9,Wind,305,Wednesday,November,Fall,12856
12/19/2024,5,6,Wind,354,Thursday,December,Winter,17699
9/15/2024,14,15,Solar,259,Sunday,September,Fall,6259
7/1/2022,14,15,Solar,182,Friday,July,Summer,7548
1/11/2020,4,5,Wind,11,Saturday,January,Winter,2401
9/7/2021,14,15,Solar,250,Tuesday,September,Fall,7947
12/4/2022,23,0,Wind,338,Sunday,December,Winter,708
7/27/2025,11,12,Solar,208,Sunday,July,Summer,8163
3/19/2022,3,4,Wind,78,Saturday,March,Spring,11419
6/13/2023,12,13,Solar,164,Tuesday,June,Summer,7666
10/31/2020,15,16,Wind,305,Saturday,October,Fall,9419
6/19/2023,6,7,Wind,170,Monday,June,Summer,1407
5/15/2023,23,0,Wind,135,Monday,May,Spring,7719
3/16/2021,19,20,Wind,75,Tuesday,March,Spring,6005
6/12/2023,17,18,Solar,163,Monday,June,Summer,4747
7/3/2020,21,22,Wind,185,Friday,July,Summer,2958
6/19/2025,20,21,Wind,170,Thursday,June,Summer,5164
2/12/2020,7,8,Wind,43,Wednesday,February,Winter,8307
9/7/2024,19,20,Wind,251,Saturday,September,Fall,4461
12/17/2020,17,18,Wind,352,Thursday,December,Winter,2892
10/4/2021,22,23,Wind,277,Monday,October,Fall,6535
2/27/2021,6,7,Wind,58,Saturday,February,Winter,5900
12/14/2022,2,3,Wind,348,Wednesday,December,Winter,1972
1/1/2024,1,2,Wind,1,Monday,January,Winter,15228
7/25/2023,22,23,Wind,206,Tuesday,July,Summer,2896
7/18/2022,8,9,Wind,199,Monday,July,Summer,4324
5/10/2021,10,11,Wind,130,Monday,May,Spring,9543
11/8/2021,12,13,Solar,312,Monday,November,Fall,4759
12/10/2022,5,6,Wind,344,Saturday,December,Winter,1514
6/25/2020,17,18,Solar,177,Thursday,June,Summer,3179
11/29/2020,2,3,Wind,334,Sunday,November,Fall,4361
8/5/2023,4,5,Wind,217,Saturday,August,Summer,2376
10/12/2020,2,3,Wind,286,Monday,October,Fall,3229
1/13/2021,17,18,Wind,13,Wednesday,January,Winter,9862
4/20/2022,22,23,Wind,110,Wednesday,April,Spring,4403
3/6/2020,7,8,Wind,66,Friday,March,Spring,7635
1/15/2021,0,1,Wind,15,Friday,January,Winter,8913
2/16/2022,0,1,Wind,47,Wednesday,February,Winter,13892
4/2/2021,18,19,Wind,92,Friday,April,Spring,12278
11/24/2021,20,21,Wind,328,Wednesday,November,Fall,2080
9/18/2022,13,14,Solar,261,Sunday,September,Fall,11642
8/5/2025,18,19,Wind,217,Tuesday,August,Summer,11488
4/16/2022,11,12,Solar,106,Saturday,April,Spring,9283
5/2/2024,20,21,Wind,123,Thursday,May,Spring,11202
12/1/2022,8,9,Wind,335,Thursday,December,Winter,4364
9/17/2023,12,13,Solar,260,Sunday,September,Fall,7328
6/21/2025,13,14,Solar,172,Saturday,June,Summer,10245
5/27/2020,5,6,Wind,148,Wednesday,May,Spring,3501
2/27/2021,16,17,Wind,58,Saturday,February,Winter,10738
3/26/2024,21,22,Wind,86,Tuesday,March,Spring,8154
8/26/2022,16,17,Solar,238,Friday,August,Summer,6095
7/13/2022,21,22,Wind,194,Wednesday,July,Summer,1816
1/23/2020,6,7,Wind,23,Thursday,January,Winter,5026
8/17/2020,7,8,Wind,230,Monday,August,Summer,1942
3/26/2020,9,10,Wind,86,Thursday,March,Spring,7178
3/6/2024,21,22,Wind,66,Wednesday,March,Spring,1843
4/30/2025,23,0,Wind,120,Wednesday,April,Spring,5987
2/14/2020,7,8,Wind,45,Friday,February,Winter,3792
8/26/2022,18,19,Wind,238,Friday,August,Summer,4553
4/22/2025,6,7,Wind,112,Tuesday,April,Spring,1187
12/1/2022,17,18,Wind,335,Thursday,December,Winter,3675
2/5/2025,13,14,Solar,36,Wednesday,February,Winter,6610
1/30/2022,17,18,Wind,30,Sunday,January,Winter,1434
9/29/2021,21,22,Wind,272,Wednesday,September,Fall,3641
5/13/2024,6,7,Wind,134,Monday,May,Spring,1884
8/30/2020,21,22,Wind,243,Sunday,August,Summer,3777
7/11/2020,16,17,Solar,193,Saturday,July,Summer,5785
9/29/2025,12,13,Solar,272,Monday,September,Fall,8857
6/28/2024,8,9,Solar,180,Friday,June,Summer,3771
5/9/2020,11,12,Solar,130,Saturday,May,Spring,3231
5/22/2024,19,20,Wind,143,Wednesday,May,Spring,4870
7/3/2020,8,9,Wind,185,Friday,July,Summer,2944
11/23/2020,15,16,Solar,328,Monday,November,Fall,1643
2/24/2022,1,2,Wind,55,Thursday,February,Winter,3851
3/7/2025,7,8,Wind,66,Friday,March,Spring,9990
5/26/2020,6,7,Wind,147,Tuesday,May,Spring,3338
1/12/2023,9,10,Wind,12,Thursday,January,Winter,16699
11/30/2021,10,11,Wind,334,Tuesday,November,Fall,13024
6/19/2022,3,4,Wind,170,Sunday,June,Summer,10066
12/7/2022,7,8,Wind,341,Wednesday,December,Winter,2196
7/21/2022,23,0,Wind,202,Thursday,July,Summer,2858
5/17/2025,22,23,Wind,137,Saturday,May,Spring,3077
12/15/2024,21,22,Wind,350,Sunday,December,Winter,9775
9/28/2020,22,23,Wind,272,Monday,September,Fall,4092
3/5/2022,11,12,Solar,64,Saturday,March,Spring,5186
7/4/2025,12,13,Solar,185,Friday,July,Summer,10562
6/20/2024,5,6,Wind,172,Thursday,June,Summer,4917
2/4/2022,19,20,Wind,35,Friday,February,Winter,6944
1/18/2020,10,11,Wind,18,Saturday,January,Winter,2843
5/26/2021,21,22,Wind,146,Wednesday,May,Spring,2353
10/30/2024,7,8,Wind,304,Wednesday,October,Fall,2071
8/18/2020,2,3,Wind,231,Tuesday,August,Summer,1283
5/23/2022,13,14,Wind,143,Monday,May,Spring,9217
4/28/2025,3,4,Wind,118,Monday,April,Spring,3069
7/9/2024,4,5,Wind,191,Tuesday,July,Summer,5209
10/20/2025,17,18,Wind,293,Monday,October,Fall,17333
3/9/2020,12,13,Wind,69,Monday,March,Spring,9648
3/14/2025,2,3,Wind,73,Friday,March,Spring,2194
9/16/2020,6,7,Wind,260,Wednesday,September,Fall,526
6/26/2023,14,15,Solar,177,Monday,June,Summer,10618
5/6/2025,14,15,Wind,126,Tuesday,May,Spring,8761
10/27/2024,3,4,Wind,301,Sunday,October,Fall,1944
9/6/2024,4,5,Wind,250,Friday,September,Fall,1511
10/18/2020,3,4,Wind,292,Sunday,October,Fall,583
8/12/2020,14,15,Solar,225,Wednesday,August,Summer,4536
7/14/2021,23,0,Wind,195,Wednesday,July,Summer,7745
1/21/2024,10,11,Wind,21,Sunday,January,Winter,14443
6/19/2024,2,3,Wind,171,Wednesday,June,Summer,3425
9/22/2024,22,23,Wind,266,Sunday,September,Fall,3299
1/6/2022,21,22,Wind,6,Thursday,January,Winter,7422
1/3/2020,10,11,Wind,3,Friday,January,Winter,9189
1/21/2023,3,4,Wind,21,Saturday,January,Winter,6960
9/4/2021,16,17,Solar,247,Saturday,September,Fall,3636
6/19/2021,14,15,Solar,170,Saturday,June,Summer,4390
4/11/2021,0,1,Wind,101,Sunday,April,Spring,4255
3/13/2021,13,14,Wind,72,Saturday,March,Spring,17323
9/15/2025,11,12,Wind,258,Monday,September,Fall,11011
5/9/2024,1,2,Wind,130,Thursday,May,Spring,4350
8/31/2024,14,15,Solar,244,Saturday,August,Summer,8366
5/22/2025,18,19,Wind,142,Thursday,May,Spring,9293
3/30/2021,15,16,Solar,89,Tuesday,March,Spring,5587
4/29/2022,21,22,Wind,119,Friday,April,Spring,4703
6/24/2025,15,16,Solar,175,Tuesday,June,Summer,5446
6/19/2022,2,3,Wind,170,Sunday,June,Summer,10201
4/1/2020,17,18,Wind,92,Wednesday,April,Spring,3836
6/8/2020,4,5,Wind,160,Monday,June,Summer,1414
11/13/2025,19,20,Wind,317,Thursday,November,Fall,11859
10/3/2023,19,20,Wind,276,Tuesday,October,Fall,4989
1/11/2023,21,22,Wind,11,Wednesday,January,Winter,15556
8/20/2024,1,2,Wind,233,Tuesday,August,Summer,3390
3/1/2020,14,15,Wind,61,Sunday,March,Spring,8968
8/14/2021,21,22,Wind,226,Saturday,August,Summer,916
12/14/2021,2,3,Wind,348,Tuesday,December,Winter,587
10/27/2024,1,2,Wind,301,Sunday,October,Fall,1635
7/30/2021,1,2,Wind,211,Friday,July,Summer,1469
4/16/2025,6,7,Wind,106,Wednesday,April,Spring,3691
10/4/2020,0,1,Wind,278,Sunday,October,Fall,7366
12/18/2022,6,7,Wind,352,Sunday,December,Winter,6077
7/9/2021,21,22,Wind,190,Friday,July,Summer,370
1/17/2022,17,18,Wind,17,Monday,January,Winter,1397
2/10/2025,1,2,Wind,41,Monday,February,Winter,3221
7/23/2023,15,16,Wind,204,Sunday,July,Summer,9714
5/1/2020,5,6,Wind,122,Friday,May,Spring,6913
5/12/2023,18,19,Wind,132,Friday,May,Spring,5556
12/21/2022,19,20,Wind,355,Wednesday,December,Winter,11825
1/4/2020,10,11,Wind,4,Saturday,January,Winter,4479
7/14/2021,17,18,Wind,195,Wednesday,July,Summer,8231
7/8/2025,21,22,Wind,189,Tuesday,July,Summer,2398
5/31/2025,1,2,Wind,151,Saturday,May,Spring,837
9/17/2025,8,9,Wind,260,Wednesday,September,Fall,4458
5/10/2022,21,22,Wind,130,Tuesday,May,Spring,2140
3/31/2023,18,19,Wind,90,Friday,March,Spring,19093
10/4/2024,23,0,Wind,278,Friday,October,Fall,2882
2/4/2021,2,3,Wind,35,Thursday,February,Winter,4372
1/3/2020,11,12,Wind,3,Friday,January,Winter,9534
8/31/2020,23,0,Wind,244,Monday,August,Summer,1614
9/8/2025,9,10,Solar,251,Monday,September,Fall,3178
11/11/2022,18,19,Wind,315,Friday,November,Fall,3699
10/21/2024,15,16,Solar,295,Monday,October,Fall,8393
7/4/2022,15,16,Solar,185,Monday,July,Summer,6170
2/1/2025,2,3,Wind,32,Saturday,February,Winter,3863
5/23/2022,12,13,Wind,143,Monday,May,Spring,8430
6/20/2025,8,9,Solar,171,Friday,June,Summer,5469
5/22/2020,13,14,Solar,143,Friday,May,Spring,6982
1/1/2022,23,0,Wind,1,Saturday,January,Winter,5385
10/29/2022,8,9,Wind,302,Saturday,October,Fall,7385
1/3/2025,22,23,Wind,3,Friday,January,Winter,3446
3/29/2021,4,5,Wind,88,Monday,March,Spring,3859
1/24/2021,13,14,Wind,24,Sunday,January,Winter,9132
10/6/2021,6,7,Wind,279,Wednesday,October,Fall,8232
11/26/2023,15,16,Wind,330,Sunday,November,Fall,3911
5/28/2022,9,10,Solar,148,Saturday,May,Spring,5809
2/5/2024,4,5,Wind,36,Monday,February,Winter,7263
1/28/2025,7,8,Wind,28,Tuesday,January,Winter,18356
2/22/2023,17,18,Wind,53,Wednesday,February,Winter,2037
2/17/2024,1,2,Wind,48,Saturday,February,Winter,3267
10/3/2022,22,23,Wind,276,Monday,October,Fall,1692
11/25/2021,17,18,Wind,329,Thursday,November,Fall,2854
2/24/2025,10,11,Wind,55,Monday,February,Winter,15434
11/20/2021,8,9,Wind,324,Saturday,November,Fall,1106
8/20/2025,2,3,Wind,232,Wednesday,August,Summer,2739
11/14/2020,18,19,Wind,319,Saturday,November,Fall,10406
7/23/2025,16,17,Solar,204,Wednesday,July,Summer,6403
9/29/2021,20,21,Wind,272,Wednesday,September,Fall,3738
1/23/2024,20,21,Wind,23,Tuesday,January,Winter,17177
4/10/2025,11,12,Solar,100,Thursday,April,Spring,11510
12/24/2024,0,1,Wind,359,Tuesday,December,Winter,4716
8/15/2025,15,16,Solar,227,Friday,August,Summer,10700
6/3/2024,8,9,Solar,155,Monday,June,Summer,3377
1/10/2025,0,1,Wind,10,Friday,January,Winter,4208
5/28/2020,7,8,Wind,149,Thursday,May,Spring,3834
2/2/2024,6,7,Wind,33,Friday,February,Winter,5384
4/15/2021,1,2,Wind,105,Thursday,April,Spring,5298
7/16/2023,1,2,Wind,197,Sunday,July,Summer,10971
7/4/2022,0,1,Wind,185,Monday,July,Summer,3402
12/15/2022,18,19,Wind,349,Thursday,December,Winter,8325
5/31/2020,13,14,Wind,152,Sunday,May,Spring,8072
11/8/2020,9,10,Wind,313,Sunday,November,Fall,3896
7/25/2021,10,11,Wind,206,Sunday,July,Summer,5701
2/15/2020,17,18,Wind,46,Saturday,February,Winter,10164
5/22/2023,20,21,Wind,142,Monday,May,Spring,4807
6/20/2024,21,22,Wind,172,Thursday,June,Summer,2123
1/24/2022,7,8,Wind,24,Monday,January,Winter,3018
8/30/2021,23,0,Wind,242,Monday,August,Summer,4985
10/7/2021,14,15,Solar,280,Thursday,October,Fall,5955
6/18/2020,14,15,Solar,170,Thursday,June,Summer,5121
2/17/2020,5,6,Wind,48,Monday,February,Winter,6130
3/30/2020,1,2,Wind,90,Monday,March,Spring,11994
7/3/2025,8,9,Wind,184,Thursday,July,Summer,5437
12/10/2021,16,17,Wind,344,Friday,December,Winter,13856
3/8/2023,11,12,Wind,67,Wednesday,March,Spring,15972
7/31/2025,19,20,Wind,212,Thursday,July,Summer,6732
5/27/2023,0,1,Wind,147,Saturday,May,Spring,8791
10/29/2023,5,6,Wind,302,Sunday,October,Fall,14125
4/21/2024,8,9,Wind,112,Sunday,April,Spring,7076
11/30/2025,8,9,Wind,334,Sunday,November,Fall,4801
1/23/2022,19,20,Wind,23,Sunday,January,Winter,4009
12/10/2024,3,4,Wind,345,Tuesday,December,Winter,9960
7/16/2022,13,14,Solar,197,Saturday,July,Summer,8810
8/23/2020,15,16,Wind,236,Sunday,August,Summer,8621
10/20/2021,10,11,Wind,293,Wednesday,October,Fall,13349
5/5/2023,12,13,Solar,125,Friday,May,Spring,8234
5/28/2020,13,14,Solar,149,Thursday,May,Spring,7312
12/23/2022,8,9,Wind,357,Friday,December,Winter,9829
9/10/2025,16,17,Wind,253,Wednesday,September,Fall,6743
1/1/2023,22,23,Wind,1,Sunday,January,Winter,12955
5/30/2024,23,0,Wind,151,Thursday,May,Spring,5756
11/7/2024,17,18,Wind,312,Thursday,November,Fall,2897
6/30/2024,19,20,Wind,182,Sunday,June,Summer,4150
7/26/2020,2,3,Wind,208,Sunday,July,Summer,4286
11/1/2024,2,3,Wind,306,Friday,November,Fall,695
4/5/2024,3,4,Wind,96,Friday,April,Spring,8961
11/16/2020,18,19,Wind,321,Monday,November,Fall,4496
12/15/2022,13,14,Wind,349,Thursday,December,Winter,6526
10/12/2021,11,12,Solar,285,Tuesday,October,Fall,5020
6/25/2020,4,5,Wind,177,Thursday,June,Summer,3496
6/21/2023,18,19,Solar,172,Wednesday,June,Summer,2516
4/17/2025,16,17,Solar,107,Thursday,April,Spring,7819
3/7/2024,22,23,Wind,67,Thursday,March,Spring,12265
8/1/2025,21,22,Wind,213,Friday,August,Summer,4475
9/13/2025,12,13,Wind,256,Saturday,September,Fall,13818
7/8/2025,7,8,Wind,189,Tuesday,July,Summer,6101
3/14/2023,7,8,Wind,73,Tuesday,March,Spring,16522
7/17/2023,0,1,Wind,198,Monday,July,Summer,3144
7/24/2023,21,22,Wind,205,Monday,July,Summer,3610
5/1/2022,15,16,Solar,121,Sunday,May,Spring,6259
10/16/2021,1,2,Wind,289,Saturday,October,Fall,1687
7/19/2020,1,2,Wind,201,Sunday,July,Summer,1362
9/22/2024,8,9,Wind,266,Sunday,September,Fall,3775
7/27/2021,6,7,Wind,208,Tuesday,July,Summer,1578
1/23/2020,2,3,Wind,23,Thursday,January,Winter,6707
7/7/2023,11,12,Solar,188,Friday,July,Summer,8342
1/23/2022,9,10,Wind,23,Sunday,January,Winter,3207
5/2/2020,9,10,Wind,123,Saturday,May,Spring,4667
6/22/2022,2,3,Wind,173,Wednesday,June,Summer,3806
8/15/2024,1,2,Wind,228,Thursday,August,Summer,1851
10/4/2021,17,18,Wind,277,Monday,October,Fall,6267
1/21/2023,14,15,Wind,21,Saturday,January,Winter,10389
10/5/2021,16,17,Wind,278,Tuesday,October,Fall,12707
4/8/2025,22,23,Wind,98,Tuesday,April,Spring,5079
8/16/2021,6,7,Wind,228,Monday,August,Summer,4749
1/18/2020,5,6,Wind,18,Saturday,January,Winter,4645
8/16/2021,7,8,Wind,228,Monday,August,Summer,5046
1/5/2025,18,19,Wind,5,Sunday,January,Winter,18488
10/25/2020,5,6,Wind,299,Sunday,October,Fall,7800
6/11/2022,11,12,Solar,162,Saturday,June,Summer,5797
5/9/2024,6,7,Wind,130,Thursday,May,Spring,3436
7/7/2024,20,21,Wind,189,Sunday,July,Summer,3000
7/11/2023,14,15,Solar,192,Tuesday,July,Summer,9794
6/16/2020,21,22,Wind,168,Tuesday,June,Summer,1450
10/22/2022,12,13,Solar,295,Saturday,October,Fall,6219
6/22/2022,13,14,Solar,173,Wednesday,June,Summer,5622
6/12/2020,18,19,Wind,164,Friday,June,Summer,4969
3/29/2024,11,12,Wind,89,Friday,March,Spring,13290
12/27/2020,12,13,Wind,362,Sunday,December,Winter,13159
7/1/2021,14,15,Solar,182,Thursday,July,Summer,5041
8/4/2025,3,4,Wind,216,Monday,August,Summer,3303
12/2/2021,19,20,Wind,336,Thursday,December,Winter,4964
4/24/2023,14,15,Wind,114,Monday,April,Spring,10534
9/15/2022,23,0,Wind,258,Thursday,September,Fall,2156
12/12/2022,6,7,Wind,346,Monday,December,Winter,1038
12/11/2022,6,7,Wind,345,Sunday,December,Winter,2415
5/30/2021,23,0,Wind,150,Sunday,May,Spring,5191
6/7/2022,20,21,Wind,158,Tuesday,June,Summer,3487
12/20/2021,23,0,Wind,354,Monday,December,Winter,3377
10/26/2025,1,2,Wind,299,Sunday,October,Fall,10453
4/2/2023,8,9,Wind,92,Sunday,April,Spring,10121
4/26/2020,20,21,Wind,117,Sunday,April,Spring,466
4/19/2021,9,10,Solar,109,Monday,April,Spring,2735
3/1/2021,8,9,Wind,60,Monday,March,Spring,5349
8/26/2023,17,18,Wind,238,Saturday,August,Summer,5041
9/23/2024,8,9,Wind,267,Monday,September,Fall,4634
3/21/2023,16,17,Wind,80,Tuesday,March,Spring,8241
7/29/2020,11,12,Solar,211,Wednesday,July,Summer,3483
11/14/2024,0,1,Wind,319,Thursday,November,Fall,4003
8/5/2020,2,3,Wind,218,Wednesday,August,Summer,1003
7/15/2020,8,9,Wind,197,Wednesday,July,Summer,1905
4/24/2023,5,6,Wind,114,Monday,April,Spring,8273
6/13/2020,8,9,Wind,165,Saturday,June,Summer,2926
1/4/2020,18,19,Wind,4,Saturday,January,Winter,2983
6/25/2024,6,7,Wind,177,Tuesday,June,Summer,3497
1/12/2022,14,15,Solar,12,Wednesday,January,Winter,4731
8/19/2025,21,22,Wind,231,Tuesday,August,Summer,3579
6/28/2020,0,1,Wind,180,Sunday,June,Summer,4765
3/8/2025,6,7,Wind,67,Saturday,March,Spring,10878
9/6/2024,6,7,Wind,250,Friday,September,Fall,2426
5/31/2024,12,13,Wind,152,Friday,May,Spring,11737
6/1/2020,17,18,Wind,153,Monday,June,Summer,4261
11/2/2020,12,13,Wind,307,Monday,November,Fall,13394
4/11/2023,12,13,Wind,101,Tuesday,April,Spring,9998
3/1/2021,1,2,Wind,60,Monday,March,Spring,5776
2/24/2020,18,19,Wind,55,Monday,February,Winter,10814
9/15/2025,2,3,Wind,258,Monday,September,Fall,9831
5/23/2023,18,19,Wind,143,Tuesday,May,Spring,10411
3/4/2021,21,22,Wind,63,Thursday,March,Spring,3114
3/20/2022,6,7,Wind,79,Sunday,March,Spring,4720
6/21/2025,14,15,Solar,172,Saturday,June,Summer,9972
8/12/2023,4,5,Wind,224,Saturday,August,Summer,1660
2/11/2021,14,15,Wind,42,Thursday,February,Winter,8606
12/16/2020,8,9,Wind,351,Wednesday,December,Winter,6819
1/23/2022,10,11,Wind,23,Sunday,January,Winter,4428
8/22/2021,23,0,Wind,234,Sunday,August,Summer,2991
10/27/2024,14,15,Solar,301,Sunday,October,Fall,3213
9/8/2025,12,13,Solar,251,Monday,September,Fall,6498
2/27/2024,1,2,Wind,58,Tuesday,February,Winter,13652
2/2/2025,19,20,Wind,33,Sunday,February,Winter,1296
11/19/2022,8,9,Wind,323,Saturday,November,Fall,2689
1/10/2023,19,20,Wind,10,Tuesday,January,Winter,14924
12/26/2021,10,11,Wind,360,Sunday,December,Winter,4021
7/26/2021,17,18,Wind,207,Monday,July,Summer,6326
7/10/2023,8,9,Solar,191,Monday,July,Summer,2252
3/18/2022,1,2,Wind,77,Friday,March,Spring,6520
3/26/2024,6,7,Wind,86,Tuesday,March,Spring,4088
12/25/2021,10,11,Wind,359,Saturday,December,Winter,1761
3/9/2025,4,5,Wind,68,Sunday,March,Spring,9371
11/21/2025,22,23,Wind,325,Friday,November,Fall,3561
8/28/2024,11,12,Solar,241,Wednesday,August,Summer,8271
4/9/2022,7,8,Wind,99,Saturday,April,Spring,3140
8/27/2025,13,14,Wind,239,Wednesday,August,Summer,9935
7/24/2024,14,15,Solar,206,Wednesday,July,Summer,8396
12/1/2021,3,4,Wind,335,Wednesday,December,Winter,13696
10/2/2022,14,15,Wind,275,Sunday,October,Fall,11081
6/2/2021,18,19,Wind,153,Wednesday,June,Summer,5123
8/25/2025,0,1,Wind,237,Monday,August,Summer,4994
6/21/2025,10,11,Solar,172,Saturday,June,Summer,7971
6/20/2023,23,0,Wind,171,Tuesday,June,Summer,1043
8/9/2022,11,12,Solar,221,Tuesday,August,Summer,9212
5/7/2024,0,1,Wind,128,Tuesday,May,Spring,2917
2/20/2023,0,1,Wind,51,Monday,February,Winter,3125
10/17/2023,7,8,Wind,290,Tuesday,October,Fall,7154
12/18/2020,4,5,Wind,353,Friday,December,Winter,5875
5/29/2020,16,17,Wind,150,Friday,May,Spring,7583
8/14/2023,14,15,Solar,226,Monday,August,Summer,9682
5/4/2021,15,16,Wind,124,Tuesday,May,Spring,14449
3/1/2021,9,10,Wind,60,Monday,March,Spring,5489
2/4/2025,17,18,Wind,35,Tuesday,February,Winter,4150
5/20/2023,16,17,Wind,140,Saturday,May,Spring,9396
2/20/2021,6,7,Wind,51,Saturday,February,Winter,11021
6/8/2023,23,0,Wind,159,Thursday,June,Summer,4890
8/11/2021,8,9,Solar,223,Wednesday,August,Summer,1398
4/16/2022,1,2,Wind,106,Saturday,April,Spring,5425
2/22/2020,15,16,Wind,53,Saturday,February,Winter,11215
9/20/2020,5,6,Wind,264,Sunday,September,Fall,1430
7/26/2025,16,17,Solar,207,Saturday,July,Summer,12297
7/7/2020,16,17,Solar,189,Tuesday,July,Summer,4966
10/14/2024,7,8,Wind,288,Monday,October,Fall,4181
1/10/2021,12,13,Wind,10,Sunday,January,Winter,4787
5/26/2020,13,14,Solar,147,Tuesday,May,Spring,7674
6/11/2022,10,11,Solar,162,Saturday,June,Summer,4978
11/15/2021,3,4,Wind,319,Monday,November,Fall,3192
2/17/2024,2,3,Wind,48,Saturday,February,Winter,2933
8/4/2021,20,21,Wind,216,Wednesday,August,Summer,1904
2/24/2022,4,5,Wind,55,Thursday,February,Winter,4560
4/25/2021,16,17,Wind,115,Sunday,April,Spring,10672
10/10/2022,15,16,Solar,283,Monday,October,Fall,4814
6/7/2020,13,14,Solar,159,Sunday,June,Summer,4010
3/20/2023,21,22,Wind,79,Monday,March,Spring,1961
4/16/2022,19,20,Wind,106,Saturday,April,Spring,6468
2/21/2023,19,20,Wind,52,Tuesday,February,Winter,1282
9/16/2025,10,11,Wind,259,Tuesday,September,Fall,13417
10/15/2025,11,12,Solar,288,Wednesday,October,Fall,8271
4/30/2022,2,3,Wind,120,Saturday,April,Spring,4404
3/16/2023,13,14,Wind,75,Thursday,March,Spring,12494
6/18/2020,13,14,Solar,170,Thursday,June,Summer,4693
5/13/2022,11,12,Solar,133,Friday,May,Spring,5938
11/5/2020,11,12,Wind,310,Thursday,November,Fall,6089
4/29/2025,15,16,Solar,119,Tuesday,April,Spring,6311
5/4/2023,23,0,Wind,124,Thursday,May,Spring,3643
11/17/2025,0,1,Wind,321,Monday,November,Fall,5025
7/1/2021,5,6,Wind,182,Thursday,July,Summer,651
3/15/2023,11,12,Solar,74,Wednesday,March,Spring,6484
9/15/2023,10,11,Solar,258,Friday,September,Fall,5974
12/22/2023,23,0,Wind,356,Friday,December,Winter,13587
3/22/2021,4,5,Wind,81,Monday,March,Spring,4054
12/12/2022,22,23,Wind,346,Monday,December,Winter,6733
9/3/2023,11,12,Solar,246,Sunday,September,Fall,7094
11/9/2021,0,1,Wind,313,Tuesday,November,Fall,1819
1/17/2021,12,13,Wind,17,Sunday,January,Winter,7552
6/21/2023,7,8,Wind,172,Wednesday,June,Summer,1637
5/20/2021,18,19,Wind,140,Thursday,May,Spring,9869
4/16/2021,7,8,Wind,106,Friday,April,Spring,4456
12/17/2022,9,10,Wind,351,Saturday,December,Winter,3658
5/8/2022,6,7,Wind,128,Sunday,May,Spring,3605
12/22/2022,12,13,Wind,356,Thursday,December,Winter,14188
7/11/2021,19,20,Solar,192,Sunday,July,Summer,1524
1/27/2020,23,0,Wind,27,Monday,January,Winter,11841
6/15/2020,14,15,Solar,167,Monday,June,Summer,5662
1/17/2020,19,20,Wind,17,Friday,January,Winter,7060
8/8/2025,21,22,Wind,220,Friday,August,Summer,1377
12/22/2023,3,4,Wind,356,Friday,December,Winter,16098
10/22/2025,14,15,Solar,295,Wednesday,October,Fall,7599
5/21/2023,11,12,Wind,141,Sunday,May,Spring,5316
6/14/2025,23,0,Wind,165,Saturday,June,Summer,2727
7/7/2025,8,9,Wind,188,Monday,July,Summer,7413
1/9/2024,13,14,Wind,9,Tuesday,January,Winter,7152
1/21/2021,5,6,Wind,21,Thursday,January,Winter,11117
3/28/2024,0,1,Wind,88,Thursday,March,Spring,14268
3/24/2024,9,10,Wind,84,Sunday,March,Spring,14489
5/11/2022,7,8,Wind,131,Wednesday,May,Spring,3997
6/20/2021,19,20,Wind,171,Sunday,June,Summer,3126
12/23/2020,13,14,Wind,358,Wednesday,December,Winter,11166
4/14/2024,11,12,Solar,105,Sunday,April,Spring,3777
10/17/2025,1,2,Wind,290,Friday,October,Fall,5705
8/24/2023,5,6,Wind,236,Thursday,August,Summer,3806
10/5/2022,22,23,Wind,278,Wednesday,October,Fall,6523
3/4/2025,22,23,Wind,63,Tuesday,March,Spring,2922
6/15/2021,1,2,Wind,166,Tuesday,June,Summer,2375
6/27/2020,14,15,Wind,179,Saturday,June,Summer,11830
1/22/2020,23,0,Wind,22,Wednesday,January,Winter,6702
9/1/2023,0,1,Wind,244,Friday,September,Fall,4962
7/27/2024,7,8,Wind,209,Saturday,July,Summer,942
9/12/2024,13,14,Solar,256,Thursday,September,Fall,11222
9/5/2022,22,23,Wind,248,Monday,September,Fall,5367
6/22/2022,19,20,Wind,173,Wednesday,June,Summer,2962
9/6/2023,7,8,Wind,249,Wednesday,September,Fall,2356
8/26/2020,23,0,Wind,239,Wednesday,August,Summer,1950
2/19/2021,6,7,Wind,50,Friday,February,Winter,4981
6/14/2022,14,15,Solar,165,Tuesday,June,Summer,6715
2/22/2020,13,14,Wind,53,Saturday,February,Winter,12629
9/14/2022,11,12,Solar,257,Wednesday,September,Fall,5082
6/15/2024,13,14,Wind,167,Saturday,June,Summer,11056
1/1/2023,7,8,Wind,1,Sunday,January,Winter,9266
9/5/2021,17,18,Solar,248,Sunday,September,Fall,2963
11/24/2023,23,0,Wind,328,Friday,November,Fall,9503
5/26/2024,0,1,Wind,147,Sunday,May,Spring,3450
9/23/2025,4,5,Wind,266,Tuesday,September,Fall,4925
8/28/2022,5,6,Wind,240,Sunday,August,Summer,3796
11/17/2023,4,5,Wind,321,Friday,November,Fall,4902
12/15/2024,12,13,Wind,350,Sunday,December,Winter,9874
8/22/2020,17,18,Wind,235,Saturday,August,Summer,10771
10/3/2020,2,3,Wind,277,Saturday,October,Fall,2954
6/4/2024,22,23,Wind,156,Tuesday,June,Summer,4507
5/3/2024,15,16,Solar,124,Friday,May,Spring,10504
2/6/2020,11,12,Solar,37,Thursday,February,Winter,4762
1/19/2025,3,4,Wind,19,Sunday,January,Winter,931
7/6/2021,15,16,Wind,187,Tuesday,July,Summer,11191
8/12/2020,11,12,Solar,225,Wednesday,August,Summer,3755
2/3/2024,12,13,Wind,34,Saturday,February,Winter,7803
10/7/2025,9,10,Solar,280,Tuesday,October,Fall,3821
10/19/2024,13,14,Wind,293,Saturday,October,Fall,10146
10/28/2025,3,4,Wind,301,Tuesday,October,Fall,11254
8/11/2021,21,22,Wind,223,Wednesday,August,Summer,438
2/5/2024,22,23,Wind,36,Monday,February,Winter,8550
9/28/2022,23,0,Wind,271,Wednesday,September,Fall,2524
12/18/2024,8,9,Wind,353,Wednesday,December,Winter,15129
2/6/2022,2,3,Wind,37,Sunday,February,Winter,13175
10/12/2022,8,9,Wind,285,Wednesday,October,Fall,584
7/26/2022,21,22,Wind,207,Tuesday,July,Summer,2482
5/28/2021,14,15,Solar,148,Friday,May,Spring,5503
9/13/2023,19,20,Wind,256,Wednesday,September,Fall,1538
10/29/2025,11,12,Wind,302,Wednesday,October,Fall,7794
7/2/2024,13,14,Solar,184,Tuesday,July,Summer,8030
12/4/2024,23,0,Wind,339,Wednesday,December,Winter,6973
4/14/2021,1,2,Wind,104,Wednesday,April,Spring,4020
2/4/2023,10,11,Solar,35,Saturday,February,Winter,4372
9/17/2023,3,4,Wind,260,Sunday,September,Fall,2904
4/19/2023,4,5,Wind,109,Wednesday,April,Spring,7469
5/29/2021,3,4,Wind,149,Saturday,May,Spring,2960
5/5/2025,9,10,Wind,125,Monday,May,Spring,12112
6/22/2024,0,1,Wind,174,Saturday,June,Summer,4950
5/9/2020,18,19,Wind,130,Saturday,May,Spring,2119
3/27/2025,18,19,Wind,86,Thursday,March,Spring,3241
3/5/2022,7,8,Wind,64,Saturday,March,Spring,2368
5/15/2020,2,3,Wind,136,Friday,May,Spring,7692
10/15/2022,9,10,Wind,288,Saturday,October,Fall,11169
7/5/2023,5,6,Wind,186,Wednesday,July,Summer,9980
3/18/2022,9,10,Wind,77,Friday,March,Spring,9550
1/15/2022,11,12,Solar,15,Saturday,January,Winter,3590
10/21/2022,12,13,Wind,294,Friday,October,Fall,8623
10/1/2021,18,19,Wind,274,Friday,October,Fall,5384
9/15/2023,16,17,Solar,258,Friday,September,Fall,6137
5/18/2022,6,7,Wind,138,Wednesday,May,Spring,1431
1/26/2025,7,8,Wind,26,Sunday,January,Winter,10617
4/6/2021,4,5,Wind,96,Tuesday,April,Spring,4973
6/5/2024,15,16,Solar,157,Wednesday,June,Summer,8338
5/27/2023,16,17,Solar,147,Saturday,May,Spring,7001
10/7/2023,14,15,Solar,280,Saturday,October,Fall,8412
6/19/2025,23,0,Wind,170,Thursday,June,Summer,6656
7/14/2020,16,17,Solar,196,Tuesday,July,Summer,5502
1/30/2025,9,10,Wind,30,Thursday,January,Winter,6843
4/18/2020,10,11,Solar,109,Saturday,April,Spring,2403
5/1/2020,20,21,Wind,122,Friday,May,Spring,7607
12/17/2024,7,8,Wind,352,Tuesday,December,Winter,2584
10/20/2021,2,3,Wind,293,Wednesday,October,Fall,11312
1/19/2025,13,14,Solar,19,Sunday,January,Winter,4287
1/19/2020,12,13,Wind,19,Sunday,January,Winter,7168
4/3/2022,12,13,Wind,93,Sunday,April,Spring,8072
11/26/2022,16,17,Wind,330,Saturday,November,Fall,4098
4/6/2024,11,12,Wind,97,Saturday,April,Spring,11113
6/29/2024,9,10,Wind,181,Saturday,June,Summer,4606
6/21/2022,13,14,Solar,172,Tuesday,June,Summer,4725
5/24/2021,7,8,Wind,144,Monday,May,Spring,7606
7/19/2025,22,23,Wind,200,Saturday,July,Summer,3591
1/24/2023,6,7,Wind,24,Tuesday,January,Winter,7138
1/5/2023,5,6,Wind,5,Thursday,January,Winter,8718
3/31/2024,15,16,Wind,91,Sunday,March,Spring,12871
10/20/2021,4,5,Wind,293,Wednesday,October,Fall,10723
10/8/2020,16,17,Wind,282,Thursday,October,Fall,10734
11/22/2025,4,5,Wind,326,Saturday,November,Fall,4238
2/9/2021,7,8,Wind,40,Tuesday,February,Winter,1690
12/11/2022,4,5,Wind,345,Sunday,December,Winter,2435
10/2/2022,10,11,Wind,275,Sunday,October,Fall,8595
12/11/2021,21,22,Wind,345,Saturday,December,Winter,4734
1/29/2025,19,20,Wind,29,Wednesday,January,Winter,7676
10/17/2024,16,17,Wind,291,Thursday,October,Fall,3148
2/15/2020,10,11,Wind,46,Saturday,February,Winter,9345
8/30/2021,17,18,Wind,242,Monday,August,Summer,7498
12/1/2022,2,3,Wind,335,Thursday,December,Winter,3707
9/24/2023,23,0,Wind,267,Sunday,September,Fall,6907
1/29/2020,5,6,Wind,29,Wednesday,January,Winter,8170
6/27/2025,0,1,Wind,178,Friday,June,Summer,3718
3/23/2020,20,21,Wind,83,Monday,March,Spring,7815
6/3/2024,11,12,Solar,155,Monday,June,Summer,6838
6/3/2020,21,22,Wind,155,Wednesday,June,Summer,4054
3/15/2024,22,23,Wind,75,Friday,March,Spring,11551
5/6/2020,1,2,Wind,127,Wednesday,May,Spring,2902
6/20/2022,8,9,Wind,171,Monday,June,Summer,4120
8/4/2022,8,9,Wind,216,Thursday,August,Summer,2352
6/5/2025,2,3,Wind,156,Thursday,June,Summer,3520
5/22/2024,21,22,Wind,143,Wednesday,May,Spring,3246
5/31/2021,12,13,Solar,151,Monday,May,Spring,8251
5/17/2025,16,17,Solar,137,Saturday,May,Spring,5091
6/8/2023,3,4,Wind,159,Thursday,June,Summer,4963
6/10/2020,13,14,Solar,162,Wednesday,June,Summer,3476
4/6/2021,7,8,Wind,96,Tuesday,April,Spring,4483
5/12/2020,13,14,Wind,133,Tuesday,May,Spring,5427
10/22/2021,13,14,Wind,295,Friday,October,Fall,7756
10/25/2020,20,21,Wind,299,Sunday,October,Fall,5286
11/10/2024,9,10,Solar,315,Sunday,November,Fall,2337
8/27/2020,3,4,Wind,240,Thursday,August,Summer,746
12/8/2020,13,14,Wind,343,Tuesday,December,Winter,2927
2/25/2020,19,20,Wind,56,Tuesday,February,Winter,11340
5/25/2025,22,23,Wind,145,Sunday,May,Spring,7827
10/29/2024,8,9,Wind,303,Tuesday,October,Fall,2469
6/12/2023,2,3,Wind,163,Monday,June,Summer,1550
6/11/2022,18,19,Solar,162,Saturday,June,Summer,3464
10/14/2024,9,10,Wind,288,Monday,October,Fall,4669
11/29/2023,7,8,Wind,333,Wednesday,November,Fall,3138
5/11/2023,19,20,Wind,131,Thursday,May,Spring,3543
5/30/2022,5,6,Wind,150,Monday,May,Spring,3358
4/20/2023,1,2,Wind,110,Thursday,April,Spring,9578
10/26/2025,15,16,Wind,299,Sunday,October,Fall,14457
6/3/2021,12,13,Solar,154,Thursday,June,Summer,4373
5/9/2022,19,20,Solar,129,Monday,May,Spring,1377
12/20/2021,3,4,Wind,354,Monday,December,Winter,3033
10/9/2023,6,7,Wind,282,Monday,October,Fall,1355
9/15/2023,0,1,Wind,258,Friday,September,Fall,3113
9/8/2023,5,6,Wind,251,Friday,September,Fall,1193
6/24/2020,3,4,Wind,176,Wednesday,June,Summer,4927
11/30/2024,2,3,Wind,335,Saturday,November,Fall,4784
4/14/2025,4,5,Wind,104,Monday,April,Spring,625
8/13/2021,1,2,Wind,225,Friday,August,Summer,1385
7/6/2021,20,21,Wind,187,Tuesday,July,Summer,3252
5/2/2020,6,7,Wind,123,Saturday,May,Spring,4527
9/25/2021,7,8,Wind,268,Saturday,September,Fall,1626
9/13/2025,23,0,Wind,256,Saturday,September,Fall,5473
5/3/2022,20,21,Wind,123,Tuesday,May,Spring,3913
5/31/2022,6,7,Wind,151,Tuesday,May,Spring,629
4/4/2021,20,21,Wind,94,Sunday,April,Spring,1822
5/2/2022,14,15,Solar,122,Monday,May,Spring,6399
4/22/2022,6,7,Wind,112,Friday,April,Spring,4924
12/6/2021,13,14,Wind,340,Monday,December,Winter,6810
12/11/2021,4,5,Wind,345,Saturday,December,Winter,7205
2/28/2025,2,3,Wind,59,Friday,February,Winter,4602
2/9/2023,0,1,Wind,40,Thursday,February,Winter,2302
10/16/2020,12,13,Wind,290,Friday,October,Fall,4771
10/17/2023,19,20,Wind,290,Tuesday,October,Fall,9601
10/21/2025,0,1,Wind,294,Tuesday,October,Fall,16078
11/7/2023,15,16,Wind,311,Tuesday,November,Fall,10062
10/30/2025,20,21,Wind,303,Thursday,October,Fall,7973
10/19/2020,1,2,Wind,293,Monday,October,Fall,1282
9/8/2023,0,1,Wind,251,Friday,September,Fall,1364
10/19/2025,18,19,Wind,292,Sunday,October,Fall,12954
11/13/2022,15,16,Solar,317,Sunday,November,Fall,2623
2/24/2021,23,0,Wind,55,Wednesday,February,Winter,6614
4/16/2023,14,15,Solar,106,Sunday,April,Spring,10098
8/19/2024,21,22,Wind,232,Monday,August,Summer,2334
3/1/2024,20,21,Wind,61,Friday,March,Spring,13391
4/25/2025,23,0,Wind,115,Friday,April,Spring,5109
6/5/2025,0,1,Wind,156,Thursday,June,Summer,2919
5/4/2024,20,21,Wind,125,Saturday,May,Spring,3018
8/19/2023,17,18,Solar,231,Saturday,August,Summer,5543
3/21/2024,9,10,Solar,81,Thursday,March,Spring,3781
4/5/2021,1,2,Wind,95,Monday,April,Spring,3111
5/19/2021,22,23,Wind,139,Wednesday,May,Spring,3897
12/21/2023,3,4,Wind,355,Thursday,December,Winter,14043
2/22/2025,4,5,Wind,53,Saturday,February,Winter,10381
2/7/2021,23,0,Wind,38,Sunday,February,Winter,1739
5/10/2025,6,7,Wind,130,Saturday,May,Spring,7169
2/25/2025,14,15,Wind,56,Tuesday,February,Winter,13221
7/2/2024,2,3,Wind,184,Tuesday,July,Summer,2993
5/25/2023,6,7,Wind,145,Thursday,May,Spring,7649
4/13/2022,16,17,Solar,103,Wednesday,April,Spring,3243
2/15/2025,18,19,Wind,46,Saturday,February,Winter,3681
4/19/2022,5,6,Wind,109,Tuesday,April,Spring,2287
2/14/2021,23,0,Wind,45,Sunday,February,Winter,10047
1/13/2024,2,3,Wind,13,Saturday,January,Winter,2005
6/23/2024,21,22,Wind,175,Sunday,June,Summer,1679
6/23/2023,22,23,Wind,174,Friday,June,Summer,2045
12/13/2022,16,17,Wind,347,Tuesday,December,Winter,2696
10/3/2023,20,21,Wind,276,Tuesday,October,Fall,4434
7/13/2023,15,16,Solar,194,Thursday,July,Summer,9653
4/19/2020,17,18,Wind,110,Sunday,April,Spring,4146
12/1/2022,19,20,Wind,335,Thursday,December,Winter,3999
6/23/2025,19,20,Wind,174,Monday,June,Summer,9992
9/8/2020,1,2,Wind,252,Tuesday,September,Fall,1554
7/3/2024,18,19,Wind,185,Wednesday,July,Summer,9354
7/25/2025,3,4,Wind,206,Friday,July,Summer,2035
6/20/2021,10,11,Solar,171,Sunday,June,Summer,3778
5/31/2023,8,9,Wind,151,Wednesday,May,Spring,7123
5/1/2021,11,12,Solar,121,Saturday,May,Spring,3323
4/2/2023,12,13,Wind,92,Sunday,April,Spring,12812
1/8/2022,10,11,Wind,8,Saturday,January,Winter,10733
2/23/2024,13,14,Wind,54,Friday,February,Winter,16191
1/22/2021,17,18,Wind,22,Friday,January,Winter,3817
7/5/2025,4,5,Wind,186,Saturday,July,Summer,2489
4/18/2024,12,13,Solar,109,Thursday,April,Spring,8623
10/24/2024,0,1,Wind,298,Thursday,October,Fall,6796
8/8/2023,22,23,Wind,220,Tuesday,August,Summer,2582
1/13/2020,17,18,Wind,13,Monday,January,Winter,9926
6/27/2025,13,14,Solar,178,Friday,June,Summer,11541
7/1/2024,5,6,Wind,183,Monday,July,Summer,1695
5/11/2024,21,22,Wind,132,Saturday,May,Spring,3472
9/7/2025,14,15,Wind,250,Sunday,September,Fall,7231
11/19/2023,13,14,Wind,323,Sunday,November,Fall,17786
12/11/2020,18,19,Wind,346,Friday,December,Winter,6188
8/28/2020,5,6,Wind,241,Friday,August,Summer,4524
2/4/2025,13,14,Solar,35,Tuesday,February,Winter,8211
2/9/2020,5,6,Wind,40,Sunday,February,Winter,11052
4/13/2022,5,6,Wind,103,Wednesday,April,Spring,1227
10/24/2021,22,23,Wind,297,Sunday,October,Fall,3438
10/24/2024,5,6,Wind,298,Thursday,October,Fall,6302
2/16/2023,6,7,Wind,47,Thursday,February,Winter,4250
6/11/2024,4,5,Wind,163,Tuesday,June,Summer,1800
10/16/2020,23,0,Wind,290,Friday,October,Fall,1207
6/28/2020,3,4,Wind,180,Sunday,June,Summer,4867
3/23/2024,11,12,Wind,83,Saturday,March,Spring,12855
8/13/2025,3,4,Wind,225,Wednesday,August,Summer,1056
7/4/2022,1,2,Wind,185,Monday,July,Summer,3580
4/18/2022,15,16,Solar,108,Monday,April,Spring,5600
8/18/2025,16,17,Solar,230,Monday,August,Summer,7367
11/17/2024,18,19,Wind,322,Sunday,November,Fall,4964
4/30/2023,23,0,Wind,120,Sunday,April,Spring,1696
3/20/2020,2,3,Wind,80,Friday,March,Spring,3316
12/15/2023,12,13,Solar,349,Friday,December,Winter,4274
11/28/2021,13,14,Wind,332,Sunday,November,Fall,10375
10/31/2025,21,22,Wind,304,Friday,October,Fall,15246
10/5/2022,12,13,Wind,278,Wednesday,October,Fall,14483
6/23/2025,10,11,Wind,174,Monday,June,Summer,11567
3/1/2023,18,19,Wind,60,Wednesday,March,Spring,7450
12/12/2022,10,11,Wind,346,Monday,December,Winter,3288
11/12/2021,15,16,Wind,316,Friday,November,Fall,3879
12/21/2023,12,13,Wind,355,Thursday,December,Winter,19358
10/25/2024,2,3,Wind,299,Friday,October,Fall,6941
2/24/2023,18,19,Wind,55,Friday,February,Winter,3224
7/8/2022,11,12,Solar,189,Friday,July,Summer,7531
11/8/2020,1,2,Wind,313,Sunday,November,Fall,4275
11/1/2021,0,1,Wind,305,Monday,November,Fall,9125
11/23/2024,0,1,Wind,328,Saturday,November,Fall,8044
12/23/2024,5,6,Wind,358,Monday,December,Winter,17108
11/15/2023,21,22,Wind,319,Wednesday,November,Fall,4402
7/29/2020,13,14,Solar,211,Wednesday,July,Summer,4027
3/1/2020,16,17,Wind,61,Sunday,March,Spring,8574
12/16/2020,10,11,Wind,351,Wednesday,December,Winter,8045
11/2/2021,4,5,Wind,306,Tuesday,November,Fall,4888
11/9/2020,9,10,Wind,314,Monday,November,Fall,3308
10/4/2023,4,5,Wind,277,Wednesday,October,Fall,2628
2/16/2024,22,23,Wind,47,Friday,February,Winter,4567
3/21/2020,11,12,Wind,81,Saturday,March,Spring,10973
8/8/2021,5,6,Wind,220,Sunday,August,Summer,5042
5/29/2021,5,6,Wind,149,Saturday,May,Spring,2581
9/8/2023,14,15,Solar,251,Friday,September,Fall,7239
1/16/2024,2,3,Wind,16,Tuesday,January,Winter,1868
6/26/2025,21,22,Wind,177,Thursday,June,Summer,4580
9/28/2021,5,6,Wind,271,Tuesday,September,Fall,1599
3/6/2020,2,3,Wind,66,Friday,March,Spring,10808
10/10/2021,5,6,Wind,283,Sunday,October,Fall,1374
6/7/2025,18,19,Wind,158,Saturday,June,Summer,13408
12/2/2023,11,12,Solar,336,Saturday,December,Winter,4402
6/9/2020,20,21,Wind,161,Tuesday,June,Summer,2462
7/14/2025,19,20,Wind,195,Monday,July,Summer,8818
2/5/2021,21,22,Wind,36,Friday,February,Winter,2566
2/2/2023,21,22,Wind,33,Thursday,February,Winter,7011
5/26/2023,16,17,Solar,146,Friday,May,Spring,11645
8/3/2024,14,15,Solar,216,Saturday,August,Summer,10343
10/14/2022,0,1,Wind,287,Friday,October,Fall,3451
8/12/2025,12,13,Solar,224,Tuesday,August,Summer,10561
3/28/2022,7,8,Wind,87,Monday,March,Spring,1693
5/2/2025,4,5,Wind,122,Friday,May,Spring,3410
4/13/2025,17,18,Wind,103,Sunday,April,Spring,5953
10/9/2020,21,22,Wind,283,Friday,October,Fall,3453
8/6/2025,2,3,Wind,218,Wednesday,August,Summer,3916
6/11/2021,21,22,Wind,162,Friday,June,Summer,2176
6/19/2020,9,10,Solar,171,Friday,June,Summer,3181
1/24/2023,7,8,Wind,24,Tuesday,January,Winter,7104
9/15/2020,21,22,Wind,259,Tuesday,September,Fall,833
7/24/2023,7,8,Wind,205,Monday,July,Summer,4430
7/6/2025,16,17,Wind,187,Sunday,July,Summer,14176
4/15/2021,12,13,Wind,105,Thursday,April,Spring,9189
3/22/2025,23,0,Wind,81,Saturday,March,Spring,4464
1/4/2024,11,12,Wind,4,Thursday,January,Winter,11461
2/17/2023,7,8,Wind,48,Friday,February,Winter,8100
5/20/2024,4,5,Wind,141,Monday,May,Spring,1616
1/27/2024,10,11,Wind,27,Saturday,January,Winter,5738
8/31/2023,15,16,Wind,243,Thursday,August,Summer,10018
2/19/2021,3,4,Wind,50,Friday,February,Winter,4793
7/8/2021,14,15,Solar,189,Thursday,July,Summer,5195
5/19/2023,1,2,Wind,139,Friday,May,Spring,6367
1/29/2021,16,17,Wind,29,Friday,January,Winter,14125
6/1/2022,20,21,Wind,152,Wednesday,June,Summer,2172
4/30/2020,16,17,Wind,121,Thursday,April,Spring,14234
9/22/2021,21,22,Wind,265,Wednesday,September,Fall,2338
2/2/2024,4,5,Wind,33,Friday,February,Winter,4279
7/24/2022,15,16,Solar,205,Sunday,July,Summer,7307
5/25/2021,13,14,Wind,145,Tuesday,May,Spring,14393
7/17/2023,7,8,Wind,198,Monday,July,Summer,2338
6/8/2024,9,10,Solar,160,Saturday,June,Summer,4101
7/19/2022,8,9,Wind,200,Tuesday,July,Summer,5523
11/16/2020,10,11,Wind,321,Monday,November,Fall,9212
2/2/2024,23,0,Wind,33,Friday,February,Winter,6383
6/25/2020,20,21,Wind,177,Thursday,June,Summer,1654
7/10/2025,22,23,Wind,191,Thursday,July,Summer,3466
6/3/2022,5,6,Wind,154,Friday,June,Summer,2794
6/18/2020,2,3,Wind,170,Thursday,June,Summer,1786
3/21/2024,4,5,Wind,81,Thursday,March,Spring,2332
4/25/2023,1,2,Wind,115,Tuesday,April,Spring,2739
1/7/2022,9,10,Wind,7,Friday,January,Winter,9573
4/18/2023,12,13,Wind,108,Tuesday,April,Spring,12157
3/26/2023,8,9,Wind,85,Sunday,March,Spring,14251
12/19/2023,9,10,Wind,353,Tuesday,December,Winter,9075
10/26/2022,0,1,Wind,299,Wednesday,October,Fall,6850
6/3/2025,8,9,Wind,154,Tuesday,June,Summer,5477
6/17/2020,3,4,Wind,169,Wednesday,June,Summer,1304
8/29/2025,3,4,Wind,241,Friday,August,Summer,8790
2/16/2020,15,16,Wind,47,Sunday,February,Winter,13620
9/15/2020,4,5,Wind,259,Tuesday,September,Fall,3135
2/7/2022,14,15,Solar,38,Monday,February,Winter,6367
9/18/2021,21,22,Wind,261,Saturday,September,Fall,2374
5/9/2023,4,5,Wind,129,Tuesday,May,Spring,2754
3/18/2024,9,10,Solar,78,Monday,March,Spring,3934
1/10/2024,12,13,Wind,10,Wednesday,January,Winter,2707
12/24/2020,2,3,Wind,359,Thursday,December,Winter,10311
6/10/2024,8,9,Wind,162,Monday,June,Summer,7335
11/9/2022,1,2,Wind,313,Wednesday,November,Fall,9198
11/11/2024,1,2,Wind,316,Monday,November,Fall,2550
12/5/2022,19,20,Wind,339,Monday,December,Winter,1646
1/6/2020,22,23,Wind,6,Monday,January,Winter,6114
8/21/2023,21,22,Wind,233,Monday,August,Summer,1791
1/12/2020,17,18,Wind,12,Sunday,January,Winter,4993
10/12/2024,18,19,Wind,286,Saturday,October,Fall,6137
11/9/2020,13,14,Solar,314,Monday,November,Fall,2889
9/13/2022,0,1,Wind,256,Tuesday,September,Fall,2581
3/29/2020,16,17,Wind,89,Sunday,March,Spring,13630
2/15/2025,22,23,Wind,46,Saturday,February,Winter,5661
8/27/2025,0,1,Wind,239,Wednesday,August,Summer,2252
7/12/2023,22,23,Wind,193,Wednesday,July,Summer,3539
1/2/2025,7,8,Wind,2,Thursday,January,Winter,6369
2/19/2021,9,10,Wind,50,Friday,February,Winter,6811
9/23/2025,2,3,Wind,266,Tuesday,September,Fall,7896
7/10/2022,8,9,Wind,191,Sunday,July,Summer,4514
3/26/2021,5,6,Wind,85,Friday,March,Spring,3646
10/15/2021,6,7,Wind,288,Friday,October,Fall,1575
2/7/2025,15,16,Wind,38,Friday,February,Winter,10457
10/10/2025,18,19,Wind,283,Friday,October,Fall,3559
6/22/2023,15,16,Wind,173,Thursday,June,Summer,9514
2/24/2022,22,23,Wind,55,Thursday,February,Winter,7938
1/15/2025,16,17,Wind,15,Wednesday,January,Winter,3431
7/28/2021,4,5,Wind,209,Wednesday,July,Summer,3354
5/5/2025,15,16,Wind,125,Monday,May,Spring,15064
2/12/2023,21,22,Wind,43,Sunday,February,Winter,4192
10/5/2021,8,9,Wind,278,Tuesday,October,Fall,10165
7/16/2022,19,20,Wind,197,Saturday,July,Summer,4533
5/2/2023,16,17,Solar,122,Tuesday,May,Spring,8967
5/22/2021,9,10,Wind,142,Saturday,May,Spring,12712
4/14/2025,6,7,Wind,104,Monday,April,Spring,479
8/19/2022,11,12,Solar,231,Friday,August,Summer,6190
11/12/2020,8,9,Wind,317,Thursday,November,Fall,5261
6/5/2020,2,3,Wind,157,Friday,June,Summer,3265
8/10/2021,5,6,Wind,222,Tuesday,August,Summer,1248
2/15/2023,0,1,Wind,46,Wednesday,February,Winter,4757
7/26/2021,11,12,Solar,207,Monday,July,Summer,5093
2/6/2022,10,11,Wind,37,Sunday,February,Winter,17304
12/20/2020,19,20,Wind,355,Sunday,December,Winter,5429
5/29/2024,13,14,Wind,150,Wednesday,May,Spring,11498
3/14/2023,19,20,Wind,73,Tuesday,March,Spring,6322
3/17/2023,18,19,Wind,76,Friday,March,Spring,6610
8/8/2020,5,6,Wind,221,Saturday,August,Summer,1149
5/2/2021,2,3,Wind,122,Sunday,May,Spring,2502
1/21/2021,16,17,Wind,21,Thursday,January,Winter,11579
7/4/2020,2,3,Wind,186,Saturday,July,Summer,3974
8/7/2020,14,15,Solar,220,Friday,August,Summer,4514
4/1/2020,21,22,Wind,92,Wednesday,April,Spring,3851
9/15/2022,6,7,Wind,258,Thursday,September,Fall,1567
2/16/2023,10,11,Wind,47,Thursday,February,Winter,7146
5/18/2024,0,1,Wind,139,Saturday,May,Spring,677
12/30/2020,6,7,Wind,365,Wednesday,December,Winter,2807
4/28/2024,12,13,Wind,119,Sunday,April,Spring,8476
3/23/2021,15,16,Solar,82,Tuesday,March,Spring,3997
11/26/2023,1,2,Wind,330,Sunday,November,Fall,2638
4/25/2023,21,22,Wind,115,Tuesday,April,Spring,2248
8/24/2021,11,12,Wind,236,Tuesday,August,Summer,9610
1/27/2025,21,22,Wind,27,Monday,January,Winter,17504
1/3/2025,15,16,Wind,3,Friday,January,Winter,4264
7/3/2022,23,0,Wind,184,Sunday,July,Summer,3250
4/27/2022,18,19,Wind,117,Wednesday,April,Spring,7424
10/17/2022,20,21,Wind,290,Monday,October,Fall,1731
12/24/2024,20,21,Wind,359,Tuesday,December,Winter,2733
7/5/2025,7,8,Wind,186,Saturday,July,Summer,3504
3/24/2024,12,13,Wind,84,Sunday,March,Spring,17542
3/5/2021,9,10,Wind,64,Friday,March,Spring,5969
4/18/2023,0,1,Wind,108,Tuesday,April,Spring,7377
2/20/2020,14,15,Wind,51,Thursday,February,Winter,13570
4/22/2023,21,22,Wind,112,Saturday,April,Spring,4685
6/30/2021,22,23,Wind,181,Wednesday,June,Summer,1138
9/15/2023,5,6,Wind,258,Friday,September,Fall,2859
6/27/2021,19,20,Wind,178,Sunday,June,Summer,1928
12/18/2023,6,7,Wind,352,Monday,December,Winter,1983
1/3/2025,4,5,Wind,3,Friday,January,Winter,2458
10/11/2025,2,3,Wind,284,Saturday,October,Fall,3113
9/17/2022,16,17,Wind,260,Saturday,September,Fall,10338
10/19/2020,14,15,Wind,293,Monday,October,Fall,7098
10/10/2024,7,8,Wind,284,Thursday,October,Fall,7668
4/26/2022,5,6,Wind,116,Tuesday,April,Spring,2225
5/8/2023,14,15,Solar,128,Monday,May,Spring,6648
11/11/2021,17,18,Wind,315,Thursday,November,Fall,380
11/23/2023,20,21,Wind,327,Thursday,November,Fall,8437
4/27/2025,17,18,Solar,117,Sunday,April,Spring,5174
9/27/2025,21,22,Wind,270,Saturday,September,Fall,2138
10/4/2023,18,19,Wind,277,Wednesday,October,Fall,2050
4/3/2022,6,7,Wind,93,Sunday,April,Spring,4104
8/25/2020,1,2,Wind,238,Tuesday,August,Summer,723
7/17/2022,23,0,Wind,198,Sunday,July,Summer,4351
10/3/2025,13,14,Wind,276,Friday,October,Fall,11301
8/6/2021,11,12,Wind,218,Friday,August,Summer,11666
5/14/2021,10,11,Wind,134,Friday,May,Spring,6084
4/22/2024,15,16,Wind,113,Monday,April,Spring,11441
9/12/2021,3,4,Wind,255,Sunday,September,Fall,833
5/21/2025,12,13,Solar,141,Wednesday,May,Spring,9175
9/21/2020,15,16,Solar,265,Monday,September,Fall,2049
2/7/2021,20,21,Wind,38,Sunday,February,Winter,3072
8/27/2022,18,19,Solar,239,Saturday,August,Summer,4302
11/4/2022,8,9,Wind,308,Friday,November,Fall,6595
9/18/2022,21,22,Wind,261,Sunday,September,Fall,4391
6/18/2022,10,11,Solar,169,Saturday,June,Summer,5292
10/22/2021,3,4,Wind,295,Friday,October,Fall,2015
4/29/2020,12,13,Wind,120,Wednesday,April,Spring,9416
2/13/2023,3,4,Wind,44,Monday,February,Winter,3717
5/7/2022,18,19,Wind,127,Saturday,May,Spring,5564
7/4/2021,6,7,Wind,185,Sunday,July,Summer,932
1/15/2023,4,5,Wind,15,Sunday,January,Winter,11169
2/16/2023,18,19,Wind,47,Thursday,February,Winter,6891
8/5/2024,6,7,Wind,218,Monday,August,Summer,776
5/16/2021,1,2,Wind,136,Sunday,May,Spring,5170
3/8/2023,10,11,Wind,67,Wednesday,March,Spring,15041
10/30/2020,13,14,Wind,304,Friday,October,Fall,7334
4/26/2021,10,11,Wind,116,Monday,April,Spring,7918
7/7/2025,6,7,Wind,188,Monday,July,Summer,5004
8/24/2021,9,10,Wind,236,Tuesday,August,Summer,6030
4/1/2022,0,1,Wind,91,Friday,April,Spring,10193
8/21/2024,23,0,Wind,234,Wednesday,August,Summer,1351
1/19/2024,22,23,Wind,19,Friday,January,Winter,3386
5/24/2021,12,13,Wind,144,Monday,May,Spring,12352
5/18/2021,1,2,Wind,138,Tuesday,May,Spring,5826
11/4/2023,14,15,Wind,308,Saturday,November,Fall,17543
7/14/2024,9,10,Solar,196,Sunday,July,Summer,2112
3/10/2022,9,10,Wind,69,Thursday,March,Spring,5077
3/10/2024,1,2,Wind,70,Sunday,March,Spring,3791
2/28/2021,23,0,Wind,59,Sunday,February,Winter,6317
4/23/2025,0,1,Wind,113,Wednesday,April,Spring,4602
6/16/2025,8,9,Solar,167,Monday,June,Summer,4345
3/26/2021,7,8,Wind,85,Friday,March,Spring,4671
8/3/2022,7,8,Wind,215,Wednesday,August,Summer,1048
11/1/2023,7,8,Wind,305,Wednesday,November,Fall,12440
11/21/2022,12,13,Wind,325,Monday,November,Fall,10615
9/23/2020,21,22,Wind,267,Wednesday,September,Fall,7077
7/21/2021,9,10,Solar,202,Wednesday,July,Summer,2455
5/25/2025,23,0,Wind,145,Sunday,May,Spring,7409
1/20/2020,18,19,Wind,20,Monday,January,Winter,5481
7/16/2020,23,0,Wind,198,Thursday,July,Summer,1793
4/11/2025,3,4,Wind,101,Friday,April,Spring,4126
7/30/2023,2,3,Wind,211,Sunday,July,Summer,5343
12/19/2022,23,0,Wind,353,Monday,December,Winter,13567
12/4/2024,2,3,Wind,339,Wednesday,December,Winter,1630
6/10/2022,11,12,Solar,161,Friday,June,Summer,7582
11/17/2021,9,10,Wind,321,Wednesday,November,Fall,2394
4/24/2022,3,4,Wind,114,Sunday,April,Spring,2963
5/28/2023,0,1,Wind,148,Sunday,May,Spring,5726
1/24/2025,10,11,Wind,24,Friday,January,Winter,19742
6/8/2023,11,12,Solar,159,Thursday,June,Summer,8461
11/19/2024,7,8,Wind,324,Tuesday,November,Fall,18100
7/10/2022,5,6,Wind,191,Sunday,July,Summer,4280
5/15/2022,7,8,Wind,135,Sunday,May,Spring,4614
9/28/2022,9,10,Wind,271,Wednesday,September,Fall,4568
2/17/2021,12,13,Wind,48,Wednesday,February,Winter,11639
10/9/2024,12,13,Wind,283,Wednesday,October,Fall,12368
6/4/2025,14,15,Solar,155,Wednesday,June,Summer,8787
11/4/2020,11,12,Solar,309,Wednesday,November,Fall,3051
2/26/2022,8,9,Wind,57,Saturday,February,Winter,5296
3/17/2024,12,13,Solar,77,Sunday,March,Spring,8354
2/15/2023,14,15,Solar,46,Wednesday,February,Winter,5873
7/31/2020,8,9,Wind,213,Friday,July,Summer,3969
4/15/2022,9,10,Solar,105,Friday,April,Spring,3210
12/12/2020,5,6,Wind,347,Saturday,December,Winter,4914
9/2/2022,8,9,Wind,245,Friday,September,Fall,2497
3/16/2020,7,8,Wind,76,Monday,March,Spring,3407
11/21/2024,15,16,Wind,326,Thursday,November,Fall,9569
8/7/2021,3,4,Wind,219,Saturday,August,Summer,3328
2/28/2025,12,13,Solar,59,Friday,February,Winter,10622
4/23/2022,3,4,Wind,113,Saturday,April,Spring,5891
1/7/2025,4,5,Wind,7,Tuesday,January,Winter,14713
10/25/2021,23,0,Wind,298,Monday,October,Fall,3138
11/7/2021,1,2,Wind,311,Sunday,November,Fall,6691
2/4/2021,19,20,Wind,35,Thursday,February,Winter,3434
2/22/2020,4,5,Wind,53,Saturday,February,Winter,8062
10/23/2024,23,0,Wind,297,Wednesday,October,Fall,6864
8/17/2023,0,1,Wind,229,Thursday,August,Summer,2496
3/2/2025,13,14,Solar,61,Sunday,March,Spring,12215
2/5/2023,0,1,Wind,36,Sunday,February,Winter,3594
2/7/2024,7,8,Wind,38,Wednesday,February,Winter,17057
6/20/2023,13,14,Solar,171,Tuesday,June,Summer,7992
1/13/2020,4,5,Wind,13,Monday,January,Winter,2614
9/22/2024,2,3,Wind,266,Sunday,September,Fall,4342
8/27/2025,23,0,Wind,239,Wednesday,August,Summer,2306
11/9/2024,22,23,Wind,314,Saturday,November,Fall,654
1/28/2021,5,6,Wind,28,Thursday,January,Winter,10801
11/8/2024,4,5,Wind,313,Friday,November,Fall,2745
6/27/2024,9,10,Solar,179,Thursday,June,Summer,4237
2/5/2025,15,16,Solar,36,Wednesday,February,Winter,5425
2/24/2025,20,21,Wind,55,Monday,February,Winter,6233
8/9/2022,14,15,Solar,221,Tuesday,August,Summer,10463
8/6/2020,0,1,Wind,219,Thursday,August,Summer,1316
12/20/2022,16,17,Wind,354,Tuesday,December,Winter,8489
5/6/2022,13,14,Solar,126,Friday,May,Spring,6950
5/23/2025,2,3,Wind,143,Friday,May,Spring,3630
1/29/2022,19,20,Wind,29,Saturday,January,Winter,9050
1/8/2023,4,5,Wind,8,Sunday,January,Winter,11271
12/7/2024,7,8,Wind,342,Saturday,December,Winter,18470
1/16/2020,7,8,Wind,16,Thursday,January,Winter,5457
6/8/2022,17,18,Wind,159,Wednesday,June,Summer,10342
5/20/2021,14,15,Wind,140,Thursday,May,Spring,11590
7/25/2021,8,9,Wind,206,Sunday,July,Summer,3518
5/7/2020,15,16,Solar,128,Thursday,May,Spring,4042
3/26/2021,18,19,Wind,85,Friday,March,Spring,8689
6/27/2023,1,2,Wind,178,Tuesday,June,Summer,3541
10/24/2024,1,2,Wind,298,Thursday,October,Fall,6617
8/24/2020,15,16,Solar,237,Monday,August,Summer,6376
10/23/2021,1,2,Wind,296,Saturday,October,Fall,1627
4/4/2020,23,0,Wind,95,Saturday,April,Spring,6994
2/2/2023,22,23,Wind,33,Thursday,February,Winter,6620
11/16/2022,4,5,Wind,320,Wednesday,November,Fall,8639
9/10/2020,6,7,Wind,254,Thursday,September,Fall,1588
3/9/2022,19,20,Wind,68,Wednesday,March,Spring,5409
7/23/2025,4,5,Wind,204,Wednesday,July,Summer,981
3/10/2022,15,16,Wind,69,Thursday,March,Spring,6480
12/4/2021,21,22,Wind,338,Saturday,December,Winter,11148
9/2/2024,4,5,Wind,246,Monday,September,Fall,1417
8/5/2025,7,8,Wind,217,Tuesday,August,Summer,4930
2/19/2024,4,5,Wind,50,Monday,February,Winter,3561
9/23/2025,20,21,Wind,266,Tuesday,September,Fall,7015
3/17/2025,5,6,Wind,76,Monday,March,Spring,5480
12/12/2020,0,1,Wind,347,Saturday,December,Winter,6148
6/2/2022,11,12,Solar,153,Thursday,June,Summer,6196
8/11/2024,20,21,Wind,224,Sunday,August,Summer,4609
7/27/2021,17,18,Wind,208,Tuesday,July,Summer,6091
10/1/2022,18,19,Wind,274,Saturday,October,Fall,9643
12/12/2023,20,21,Wind,346,Tuesday,December,Winter,12126
3/17/2020,6,7,Wind,77,Tuesday,March,Spring,985
6/5/2024,21,22,Wind,157,Wednesday,June,Summer,2061
6/20/2021,5,6,Wind,171,Sunday,June,Summer,3261
10/31/2025,3,4,Wind,304,Friday,October,Fall,9983
1/3/2024,22,23,Wind,3,Wednesday,January,Winter,16866
4/25/2021,2,3,Wind,115,Sunday,April,Spring,8382
1/23/2024,10,11,Wind,23,Tuesday,January,Winter,10479
6/12/2023,5,6,Wind,163,Monday,June,Summer,1553
2/19/2022,1,2,Wind,50,Saturday,February,Winter,11830
1/29/2020,7,8,Wind,29,Wednesday,January,Winter,7825
12/20/2020,18,19,Wind,355,Sunday,December,Winter,5033
6/2/2020,15,16,Solar,154,Tuesday,June,Summer,3567
5/28/2024,8,9,Wind,149,Tuesday,May,Spring,6596
1/30/2023,9,10,Wind,30,Monday,January,Winter,7712
5/4/2020,18,19,Wind,125,Monday,May,Spring,4761
11/1/2021,12,13,Wind,305,Monday,November,Fall,12570
3/26/2020,17,18,Wind,86,Thursday,March,Spring,6738
3/20/2022,11,12,Solar,79,Sunday,March,Spring,5199
11/9/2021,18,19,Wind,313,Tuesday,November,Fall,1386
6/2/2020,6,7,Wind,154,Tuesday,June,Summer,1579
3/14/2021,6,7,Wind,73,Sunday,March,Spring,10061
4/2/2024,17,18,Wind,93,Tuesday,April,Spring,14399
4/4/2025,10,11,Solar,94,Friday,April,Spring,8357
1/17/2023,7,8,Wind,17,Tuesday,January,Winter,2989
1/12/2023,8,9,Wind,12,Thursday,January,Winter,16345
9/22/2022,4,5,Wind,265,Thursday,September,Fall,2032
5/2/2020,7,8,Wind,123,Saturday,May,Spring,4238
9/26/2024,2,3,Wind,270,Thursday,September,Fall,12285
8/15/2024,16,17,Solar,228,Thursday,August,Summer,9170
12/19/2024,23,0,Wind,354,Thursday,December,Winter,10852
8/4/2025,21,22,Wind,216,Monday,August,Summer,4350
8/27/2023,20,21,Wind,239,Sunday,August,Summer,4122
5/25/2023,10,11,Wind,145,Thursday,May,Spring,12510
12/12/2020,2,3,Wind,347,Saturday,December,Winter,5549
9/11/2023,7,8,Wind,254,Monday,September,Fall,1487
2/29/2024,15,16,Wind,60,Thursday,February,Winter,11785
2/18/2025,17,18,Wind,49,Tuesday,February,Winter,7911
8/11/2020,6,7,Wind,224,Tuesday,August,Summer,789
7/12/2021,21,22,Wind,193,Monday,July,Summer,3009
12/10/2022,9,10,Wind,344,Saturday,December,Winter,2001
9/8/2022,1,2,Wind,251,Thursday,September,Fall,3781
4/13/2024,1,2,Wind,104,Saturday,April,Spring,2145
5/19/2022,11,12,Wind,139,Thursday,May,Spring,8552
5/15/2024,1,2,Wind,136,Wednesday,May,Spring,3240
1/4/2024,0,1,Wind,4,Thursday,January,Winter,15949
3/16/2024,4,5,Wind,76,Saturday,March,Spring,7152
4/17/2024,2,3,Wind,108,Wednesday,April,Spring,5485
10/10/2023,23,0,Wind,283,Tuesday,October,Fall,2350
7/20/2021,17,18,Solar,201,Tuesday,July,Summer,5061
6/28/2024,19,20,Solar,180,Friday,June,Summer,2931
10/17/2022,4,5,Wind,290,Monday,October,Fall,8371
5/4/2024,16,17,Wind,125,Saturday,May,Spring,7097
11/23/2022,16,17,Wind,327,Wednesday,November,Fall,11998
7/25/2024,14,15,Solar,207,Thursday,July,Summer,10189
11/22/2023,0,1,Wind,326,Wednesday,November,Fall,7046
5/23/2023,13,14,Wind,143,Tuesday,May,Spring,11450
10/17/2024,14,15,Wind,291,Thursday,October,Fall,3422
6/18/2020,15,16,Solar,170,Thursday,June,Summer,5327
9/16/2020,19,20,Wind,260,Wednesday,September,Fall,4286
9/1/2024,10,11,Solar,245,Sunday,September,Fall,5454
11/29/2022,1,2,Wind,333,Tuesday,November,Fall,2348
7/31/2022,0,1,Wind,212,Sunday,July,Summer,2172
11/11/2022,22,23,Wind,315,Friday,November,Fall,4710
10/24/2024,13,14,Solar,298,Thursday,October,Fall,8418
9/9/2025,1,2,Wind,252,Tuesday,September,Fall,2328
6/3/2022,10,11,Solar,154,Friday,June,Summer,3195
4/11/2020,12,13,Solar,102,Saturday,April,Spring,4030
3/28/2025,6,7,Wind,87,Friday,March,Spring,2900
9/24/2024,1,2,Wind,268,Tuesday,September,Fall,5173
5/29/2021,8,9,Wind,149,Saturday,May,Spring,2818
12/13/2020,17,18,Wind,348,Sunday,December,Winter,8724
12/21/2024,15,16,Wind,356,Saturday,December,Winter,16264
1/30/2021,9,10,Wind,30,Saturday,January,Winter,7466
4/28/2023,19,20,Wind,118,Friday,April,Spring,4416
2/22/2023,8,9,Wind,53,Wednesday,February,Winter,3681
7/4/2024,2,3,Wind,186,Thursday,July,Summer,4917
8/17/2023,22,23,Wind,229,Thursday,August,Summer,3285
3/1/2025,6,7,Wind,60,Saturday,March,Spring,6964
4/5/2021,17,18,Wind,95,Monday,April,Spring,11176
4/24/2025,3,4,Wind,114,Thursday,April,Spring,2874
1/1/2023,11,12,Wind,1,Sunday,January,Winter,11352
9/21/2024,18,19,Wind,265,Saturday,September,Fall,3706
2/6/2022,8,9,Wind,37,Sunday,February,Winter,15231
6/22/2023,12,13,Wind,173,Thursday,June,Summer,8029
6/19/2022,23,0,Wind,170,Sunday,June,Summer,6609
12/29/2022,7,8,Wind,363,Thursday,December,Winter,14628
10/8/2021,16,17,Wind,281,Friday,October,Fall,7401
3/3/2021,15,16,Solar,62,Wednesday,March,Spring,2297
8/25/2022,9,10,Solar,237,Thursday,August,Summer,4102
11/2/2023,12,13,Wind,306,Thursday,November,Fall,15749
4/28/2023,15,16,Wind,118,Friday,April,Spring,11332
3/19/2024,8,9,Solar,79,Tuesday,March,Spring,2995
10/18/2025,2,3,Wind,291,Saturday,October,Fall,5298
9/9/2025,18,19,Wind,252,Tuesday,September,Fall,3952
2/26/2020,6,7,Wind,57,Wednesday,February,Winter,10052
8/2/2023,3,4,Wind,214,Wednesday,August,Summer,11426
1/27/2024,4,5,Wind,27,Saturday,January,Winter,2168
12/29/2022,9,10,Wind,363,Thursday,December,Winter,14107
8/31/2024,5,6,Wind,244,Saturday,August,Summer,4126
1/12/2025,4,5,Wind,12,Sunday,January,Winter,2882
10/10/2021,12,13,Solar,283,Sunday,October,Fall,5083
3/6/2025,12,13,Solar,65,Thursday,March,Spring,15080
9/27/2023,20,21,Wind,270,Wednesday,September,Fall,6093
3/21/2022,6,7,Wind,80,Monday,March,Spring,4047
7/25/2022,14,15,Wind,206,Monday,July,Summer,13252
1/7/2020,20,21,Wind,7,Tuesday,January,Winter,5559
6/19/2025,12,13,Solar,170,Thursday,June,Summer,5699
10/2/2023,22,23,Wind,275,Monday,October,Fall,9165
10/22/2025,6,7,Wind,295,Wednesday,October,Fall,4199
8/20/2020,1,2,Wind,233,Thursday,August,Summer,4652
1/5/2023,8,9,Wind,5,Thursday,January,Winter,6315
4/15/2021,8,9,Wind,105,Thursday,April,Spring,4765
4/3/2023,6,7,Wind,93,Monday,April,Spring,5730
7/28/2022,16,17,Solar,209,Thursday,July,Summer,4699
3/16/2022,22,23,Wind,75,Wednesday,March,Spring,4803
2/11/2024,23,0,Wind,42,Sunday,February,Winter,5948
4/18/2022,10,11,Solar,108,Monday,April,Spring,4102
8/20/2020,0,1,Wind,233,Thursday,August,Summer,4778
5/30/2021,18,19,Wind,150,Sunday,May,Spring,5283
2/3/2024,0,1,Wind,34,Saturday,February,Winter,5398
2/2/2022,12,13,Wind,33,Wednesday,February,Winter,7343
8/11/2022,16,17,Solar,223,Thursday,August,Summer,7985
3/2/2020,0,1,Wind,62,Monday,March,Spring,8237
7/20/2020,12,13,Solar,202,Monday,July,Summer,6001
2/25/2025,6,7,Wind,56,Tuesday,February,Winter,5499
9/27/2023,9,10,Solar,270,Wednesday,September,Fall,4720
1/28/2021,7,8,Wind,28,Thursday,January,Winter,13384
4/11/2021,9,10,Wind,101,Sunday,April,Spring,6470
1/4/2023,13,14,Wind,4,Wednesday,January,Winter,17387
5/22/2023,7,8,Wind,142,Monday,May,Spring,2460
6/1/2020,23,0,Wind,153,Monday,June,Summer,2810
1/12/2025,7,8,Wind,12,Sunday,January,Winter,3280
12/28/2020,14,15,Wind,363,Monday,December,Winter,9585
3/26/2024,11,12,Wind,86,Tuesday,March,Spring,5113
5/5/2021,3,4,Wind,125,Wednesday,May,Spring,6830
2/3/2022,8,9,Wind,34,Thursday,February,Winter,3193
11/15/2022,23,0,Wind,319,Tuesday,November,Fall,8025
1/13/2025,17,18,Wind,13,Monday,January,Winter,3745
10/29/2021,11,12,Wind,302,Friday,October,Fall,12826
2/20/2020,21,22,Wind,51,Thursday,February,Winter,9235
9/11/2020,20,21,Wind,255,Friday,September,Fall,978
4/20/2022,13,14,Wind,110,Wednesday,April,Spring,6149
2/26/2021,9,10,Wind,57,Friday,February,Winter,3431
3/21/2023,2,3,Wind,80,Tuesday,March,Spring,3815
8/24/2022,6,7,Wind,236,Wednesday,August,Summer,918
3/4/2023,3,4,Wind,63,Saturday,March,Spring,4696
7/12/2025,6,7,Wind,193,Saturday,July,Summer,3675
8/8/2021,8,9,Wind,220,Sunday,August,Summer,5143
3/26/2020,11,12,Wind,86,Thursday,March,Spring,9436
4/14/2023,18,19,Wind,104,Friday,April,Spring,9132
2/24/2022,2,3,Wind,55,Thursday,February,Winter,4044
1/19/2020,21,22,Wind,19,Sunday,January,Winter,7199
9/28/2025,18,19,Wind,271,Sunday,September,Fall,1930
7/25/2025,20,21,Wind,206,Friday,July,Summer,3699
9/21/2022,15,16,Solar,264,Wednesday,September,Fall,7231
3/27/2023,21,22,Wind,86,Monday,March,Spring,2171
1/10/2022,17,18,Wind,10,Monday,January,Winter,1854
6/15/2025,11,12,Solar,166,Sunday,June,Summer,3323
9/27/2025,19,20,Wind,270,Saturday,September,Fall,988
6/5/2024,16,17,Solar,157,Wednesday,June,Summer,5467
1/31/2022,12,13,Wind,31,Monday,January,Winter,16588
5/10/2025,15,16,Solar,130,Saturday,May,Spring,6026
11/9/2020,12,13,Solar,314,Monday,November,Fall,3129
12/8/2024,9,10,Wind,343,Sunday,December,Winter,17595
3/4/2021,10,11,Solar,63,Thursday,March,Spring,2510
7/10/2020,6,7,Wind,192,Friday,July,Summer,2854
3/12/2025,15,16,Solar,71,Wednesday,March,Spring,3819
9/1/2023,18,19,Solar,244,Friday,September,Fall,3528
1/12/2024,7,8,Wind,12,Friday,January,Winter,6614
7/14/2023,10,11,Solar,195,Friday,July,Summer,9021
11/29/2020,14,15,Wind,334,Sunday,November,Fall,3884
11/3/2023,20,21,Wind,307,Friday,November,Fall,11587
7/15/2024,2,3,Wind,197,Monday,July,Summer,806
1/13/2021,21,22,Wind,13,Wednesday,January,Winter,10124
5/5/2021,19,20,Wind,125,Wednesday,May,Spring,7103
3/21/2023,21,22,Wind,80,Tuesday,March,Spring,6853
7/3/2024,16,17,Wind,185,Wednesday,July,Summer,12507
7/11/2025,2,3,Wind,192,Friday,July,Summer,4561
7/30/2021,10,11,Wind,211,Friday,July,Summer,7443
4/6/2022,8,9,Wind,96,Wednesday,April,Spring,5703
11/9/2025,10,11,Solar,313,Sunday,November,Fall,6137
2/8/2024,9,10,Wind,39,Thursday,February,Winter,14578
5/6/2021,23,0,Wind,126,Thursday,May,Spring,2774
10/23/2021,9,10,Wind,296,Saturday,October,Fall,2533
10/7/2022,23,0,Wind,280,Friday,October,Fall,2893
2/2/2024,20,21,Wind,33,Friday,February,Winter,7591
12/13/2022,18,19,Wind,347,Tuesday,December,Winter,3271
5/28/2022,23,0,Wind,148,Saturday,May,Spring,6736
4/8/2023,15,16,Solar,98,Saturday,April,Spring,8121
6/5/2024,3,4,Wind,157,Wednesday,June,Summer,2600
3/26/2025,8,9,Wind,85,Wednesday,March,Spring,4117
8/27/2024,7,8,Wind,240,Tuesday,August,Summer,4362
3/22/2020,5,6,Wind,82,Sunday,March,Spring,8012
4/26/2022,22,23,Wind,116,Tuesday,April,Spring,5243
5/19/2023,15,16,Wind,139,Friday,May,Spring,10001
1/24/2022,3,4,Wind,24,Monday,January,Winter,2969
2/1/2022,8,9,Wind,32,Tuesday,February,Winter,7682
12/16/2024,4,5,Wind,351,Monday,December,Winter,7471
12/16/2023,11,12,Solar,350,Saturday,December,Winter,5289
10/29/2023,17,18,Wind,302,Sunday,October,Fall,13201
1/6/2022,20,21,Wind,6,Thursday,January,Winter,6842
4/6/2022,15,16,Wind,96,Wednesday,April,Spring,13079
6/16/2023,22,23,Wind,167,Friday,June,Summer,1185
10/26/2021,1,2,Wind,299,Tuesday,October,Fall,3058
11/26/2025,13,14,Solar,330,Wednesday,November,Fall,6697
12/8/2022,12,13,Wind,342,Thursday,December,Winter,2588
1/25/2021,7,8,Wind,25,Monday,January,Winter,5382
3/30/2020,18,19,Wind,90,Monday,March,Spring,11078
12/8/2023,12,13,Wind,342,Friday,December,Winter,5928
9/3/2022,7,8,Wind,246,Saturday,September,Fall,1564
5/13/2024,2,3,Wind,134,Monday,May,Spring,2486
7/17/2024,6,7,Wind,199,Wednesday,July,Summer,1311
8/1/2021,14,15,Solar,213,Sunday,August,Summer,6936
7/25/2024,7,8,Wind,207,Thursday,July,Summer,1757
4/30/2021,16,17,Solar,120,Friday,April,Spring,2380
8/23/2025,17,18,Solar,235,Saturday,August,Summer,7139
10/12/2021,21,22,Wind,285,Tuesday,October,Fall,3745
12/29/2020,2,3,Wind,364,Tuesday,December,Winter,6417
1/6/2023,1,2,Wind,6,Friday,January,Winter,7136
4/18/2025,14,15,Solar,108,Friday,April,Spring,7510
10/27/2021,15,16,Solar,300,Wednesday,October,Fall,5169
12/9/2023,0,1,Wind,343,Saturday,December,Winter,8230
12/21/2024,0,1,Wind,356,Saturday,December,Winter,11974
1/5/2025,8,9,Wind,5,Sunday,January,Winter,17589
10/6/2021,22,23,Wind,279,Wednesday,October,Fall,2961
1/16/2024,13,14,Solar,16,Tuesday,January,Winter,3645
9/21/2022,0,1,Wind,264,Wednesday,September,Fall,2874
11/8/2024,5,6,Wind,313,Friday,November,Fall,2488
1/29/2021,9,10,Wind,29,Friday,January,Winter,14288
8/7/2021,1,2,Wind,219,Saturday,August,Summer,2984
7/23/2024,20,21,Wind,205,Tuesday,July,Summer,4481
6/27/2025,6,7,Wind,178,Friday,June,Summer,2148
10/9/2020,6,7,Wind,283,Friday,October,Fall,2199
8/15/2020,13,14,Solar,228,Saturday,August,Summer,3858
10/13/2024,19,20,Wind,287,Sunday,October,Fall,846
11/18/2021,0,1,Wind,322,Thursday,November,Fall,1595
4/29/2021,7,8,Wind,119,Thursday,April,Spring,2584
9/24/2024,19,20,Wind,268,Tuesday,September,Fall,4603
10/13/2020,15,16,Wind,287,Tuesday,October,Fall,6503
9/7/2025,2,3,Wind,250,Sunday,September,Fall,6502
3/28/2024,1,2,Wind,88,Thursday,March,Spring,14376
7/7/2020,20,21,Wind,189,Tuesday,July,Summer,2114
5/22/2020,17,18,Wind,143,Friday,May,Spring,6372
1/26/2023,10,11,Wind,26,Thursday,January,Winter,5197
4/25/2020,13,14,Solar,116,Saturday,April,Spring,4085
7/14/2024,10,11,Solar,196,Sunday,July,Summer,2634
12/11/2024,14,15,Wind,346,Wednesday,December,Winter,6865
10/20/2023,18,19,Wind,293,Friday,October,Fall,7162
7/31/2022,7,8,Wind,212,Sunday,July,Summer,1873
11/19/2020,22,23,Wind,324,Thursday,November,Fall,4071
5/13/2023,13,14,Wind,133,Saturday,May,Spring,9897
1/29/2024,17,18,Wind,29,Monday,January,Winter,5859
4/19/2024,14,15,Wind,110,Friday,April,Spring,18551
6/9/2020,16,17,Wind,161,Tuesday,June,Summer,5018
3/30/2025,21,22,Wind,89,Sunday,March,Spring,6026
7/4/2020,0,1,Wind,186,Saturday,July,Summer,2880
4/21/2023,12,13,Solar,111,Friday,April,Spring,7908
3/11/2025,9,10,Wind,70,Tuesday,March,Spring,5850
9/1/2021,21,22,Wind,244,Wednesday,September,Fall,7034
8/18/2025,5,6,Wind,230,Monday,August,Summer,5172
1/16/2022,11,12,Wind,16,Sunday,January,Winter,5504
4/8/2020,22,23,Wind,99,Wednesday,April,Spring,690
3/20/2024,8,9,Wind,80,Wednesday,March,Spring,4474
9/2/2021,8,9,Wind,245,Thursday,September,Fall,6040
6/6/2025,5,6,Wind,157,Friday,June,Summer,8130
4/5/2025,15,16,Solar,95,Saturday,April,Spring,6317
7/18/2021,5,6,Wind,199,Sunday,July,Summer,4909
5/30/2020,8,9,Wind,151,Saturday,May,Spring,3028
1/15/2023,2,3,Wind,15,Sunday,January,Winter,9467
9/8/2022,22,23,Wind,251,Thursday,September,Fall,5397
10/22/2025,20,21,Wind,295,Wednesday,October,Fall,10734
12/28/2021,14,15,Wind,362,Tuesday,December,Winter,15685
9/29/2024,22,23,Wind,273,Sunday,September,Fall,10984
6/14/2020,13,14,Solar,166,Sunday,June,Summer,5704
12/23/2021,10,11,Wind,357,Thursday,December,Winter,9426
3/18/2024,23,0,Wind,78,Monday,March,Spring,933
8/24/2023,15,16,Wind,236,Thursday,August,Summer,13574
10/29/2021,9,10,Wind,302,Friday,October,Fall,12500
6/16/2025,17,18,Solar,167,Monday,June,Summer,8507
10/7/2024,14,15,Wind,281,Monday,October,Fall,6327
8/25/2021,2,3,Wind,237,Wednesday,August,Summer,6018
3/3/2023,6,7,Wind,62,Friday,March,Spring,4375
7/22/2024,22,23,Wind,204,Monday,July,Summer,3692
8/12/2025,19,20,Wind,224,Tuesday,August,Summer,3451
4/18/2023,1,2,Wind,108,Tuesday,April,Spring,7360
3/25/2024,4,5,Wind,85,Monday,March,Spring,1955
1/17/2022,14,15,Solar,17,Monday,January,Winter,3473
5/5/2024,0,1,Wind,126,Sunday,May,Spring,3218
4/8/2023,21,22,Wind,98,Saturday,April,Spring,3198
8/1/2022,16,17,Solar,213,Monday,August,Summer,6020
3/5/2024,10,11,Wind,65,Tuesday,March,Spring,9324
6/2/2025,7,8,Wind,153,Monday,June,Summer,2418
11/4/2024,7,8,Wind,309,Monday,November,Fall,2712
8/11/2025,4,5,Wind,223,Monday,August,Summer,5798
12/25/2023,18,19,Wind,359,Monday,December,Winter,12549
4/13/2022,23,0,Wind,103,Wednesday,April,Spring,1056
10/13/2024,12,13,Solar,287,Sunday,October,Fall,5958
7/30/2023,19,20,Wind,211,Sunday,July,Summer,8854
9/14/2020,5,6,Wind,258,Monday,September,Fall,2506
11/14/2023,23,0,Wind,318,Tuesday,November,Fall,12183
8/25/2024,0,1,Wind,238,Sunday,August,Summer,8078
9/29/2025,7,8,Wind,272,Monday,September,Fall,1685
4/23/2024,22,23,Wind,114,Tuesday,April,Spring,4207
11/14/2022,6,7,Wind,318,Monday,November,Fall,3756
6/21/2025,5,6,Wind,172,Saturday,June,Summer,3209
1/2/2024,22,23,Wind,2,Tuesday,January,Winter,17304
4/29/2020,14,15,Wind,120,Wednesday,April,Spring,11037
1/4/2021,1,2,Wind,4,Monday,January,Winter,1985
10/26/2025,22,23,Wind,299,Sunday,October,Fall,14963
6/23/2024,8,9,Solar,175,Sunday,June,Summer,3443
12/4/2022,3,4,Wind,338,Sunday,December,Winter,3339
1/20/2022,5,6,Wind,20,Thursday,January,Winter,3390
6/21/2020,22,23,Wind,173,Sunday,June,Summer,3262
4/7/2024,3,4,Wind,98,Sunday,April,Spring,9110
5/21/2024,6,7,Wind,142,Tuesday,May,Spring,1742
3/8/2023,22,23,Wind,67,Wednesday,March,Spring,14517
8/26/2021,15,16,Solar,238,Thursday,August,Summer,8587
10/16/2025,1,2,Wind,289,Thursday,October,Fall,4833
11/6/2020,15,16,Wind,311,Friday,November,Fall,5205
10/20/2022,18,19,Wind,293,Thursday,October,Fall,5532
2/22/2025,16,17,Wind,53,Saturday,February,Winter,8303
11/8/2021,19,20,Wind,312,Monday,November,Fall,1830
4/16/2024,15,16,Wind,107,Tuesday,April,Spring,10661
4/7/2022,20,21,Wind,97,Thursday,April,Spring,13977
11/7/2023,18,19,Wind,311,Tuesday,November,Fall,8342
5/16/2020,23,0,Wind,137,Saturday,May,Spring,4229
12/8/2021,17,18,Wind,342,Wednesday,December,Winter,4609
4/27/2022,8,9,Wind,117,Wednesday,April,Spring,5412
1/31/2025,23,0,Wind,31,Friday,January,Winter,3781
12/26/2022,15,16,Wind,360,Monday,December,Winter,8297
5/15/2023,20,21,Wind,135,Monday,May,Spring,8937
2/22/2022,14,15,Wind,53,Tuesday,February,Winter,14800
6/3/2023,8,9,Wind,154,Saturday,June,Summer,4876
3/3/2021,19,20,Wind,62,Wednesday,March,Spring,854
6/18/2020,21,22,Wind,170,Thursday,June,Summer,1799
9/28/2024,16,17,Solar,272,Saturday,September,Fall,7308
6/13/2020,13,14,Wind,165,Saturday,June,Summer,5636
12/26/2024,7,8,Wind,361,Thursday,December,Winter,2631
7/28/2020,23,0,Wind,210,Tuesday,July,Summer,2945
9/12/2020,20,21,Wind,256,Saturday,September,Fall,1281
12/1/2023,4,5,Wind,335,Friday,December,Winter,1917
2/5/2021,5,6,Wind,36,Friday,February,Winter,1882
5/25/2024,21,22,Wind,146,Saturday,May,Spring,1504
2/8/2023,0,1,Wind,39,Wednesday,February,Winter,4023
